CBOE data is compiled for the convenience of site visitors and is furnished without responsibility for accuracy and is accepted by the site visitor on the condition that transmission or omissions shall not be made the basis for any claim demand or cause for action.  Your use of CBOE data is subject to the Terms and Conditions of CBOE's Websites.,,,,
Date,Open,High,Low,Close
3/16/2011,30.15,35.89,29.53,35.84
3/17/2011,33.78,34.6,31.58,31.77
3/18/2011,29.62,30.58,28.92,29.31
3/21/2011,27.08,27.29,25.15,25.95
3/22/2011,24.85,25.27,24.48,24.52
3/23/2011,24.39,24.89,23.55,24.03
3/24/2011,23.6,24.57,22.77,22.92
3/25/2011,23.13,23.16,22.07,22.99
3/28/2011,24.58,24.67,23.16,23.52
3/29/2011,23.03,24.05,23.01,23.8
3/30/2011,23.01,23.31,22.93,23.03
3/31/2011,22.99,23.27,22.67,23.04
4/1/2011,22.24,22.61,21.92,22.44
4/4/2011,22.43,22.5,21.82,22.4
4/5/2011,22.92,22.92,22.07,22.52
4/6/2011,22.41,22.95,22.35,22.94
4/7/2011,23.05,23.57,22.61,23.2
4/8/2011,22.83,23.64,22.64,23.56
4/11/2011,22.12,22.51,21.09,21.29
4/12/2011,21.85,23.39,21.84,22.48
4/13/2011,21.83,22.17,21.47,21.71
4/14/2011,21.88,22.13,21.2,21.76
4/15/2011,21.71,21.96,20.09,20.09
4/18/2011,22.44,22.72,21.84,22.17
4/19/2011,22.23,22.23,20.83,20.97
4/20/2011,20.11,21.37,19.91,20.79
4/21/2011,20.66,20.75,20.48,20.58
4/25/2011,22.21,22.65,21.98,22.48
4/26/2011,22.57,22.76,22.11,22.2
4/27/2011,22.45,23.43,22.26,22.4
4/28/2011,22.66,22.75,22.08,22.14
4/29/2011,22.31,22.52,21.97,22.05
5/2/2011,22.88,23.38,22.32,23.33
5/3/2011,23.91,25.26,23.7,24.95
5/4/2011,25.68,25.98,25.15,25.53
5/5/2011,25.67,25.85,23.07,23.67
5/6/2011,23.32,24.29,22.91,23.92
5/9/2011,24.53,24.55,22.67,22.98
5/10/2011,22.81,23.03,22.03,23
5/11/2011,23.65,23.99,22.98,23.05
5/12/2011,23.35,23.78,21.94,21.97
5/13/2011,21.98,23.45,21.92,23.2
5/16/2011,24.06,24.14,22.69,23.46
5/17/2011,23.61,23.92,22.89,23.02
5/18/2011,22.47,22.67,21.48,21.94
5/19/2011,22.13,22.64,21.55,21.76
5/20/2011,21.69,21.92,21.04,21.24
5/23/2011,23.67,23.81,23.38,23.53
5/24/2011,23.04,23.1,22.54,22.92
5/25/2011,22.91,23.04,21.78,21.81
5/26/2011,21.69,21.69,20.9,20.96
5/27/2011,20.58,21.04,20.31,20.92
5/31/2011,21.48,22.16,20.9,21.79
6/1/2011,22.3,23.63,22.27,23.58
6/2/2011,23.77,25.07,23.5,23.84
6/3/2011,24.97,25.04,23.29,23.69
6/6/2011,24.76,24.82,24.13,24.64
6/7/2011,23.85,24.15,23.06,24.04
6/8/2011,24.26,24.97,24.05,24.94
6/9/2011,25.12,25.27,23.99,24.25
6/10/2011,24.67,26.66,24.67,25.87
6/13/2011,25.91,26.13,24.95,25.84
6/14/2011,25.5,25.5,24.49,24.97
6/15/2011,25.68,26.87,25.11,26.54
6/16/2011,27.54,29.06,25.79,28.44
6/17/2011,28.84,28.89,27.94,28.6
6/20/2011,29.71,29.73,26.8,26.89
6/21/2011,27.17,27.17,24.67,24.79
6/22/2011,25.72,25.73,23.57,24.81
6/23/2011,25.93,26.95,24.64,24.64
6/24/2011,23.65,25.88,23.47,25.63
6/27/2011,26.12,26.22,25.02,26.1
6/28/2011,26.39,26.4,25.05,25.15
6/29/2011,25.61,25.78,23.58,23.69
6/30/2011,23.4,23.4,22.54,22.55
7/1/2011,22.47,22.61,21.96,22.12
7/5/2011,23.24,23.29,21.96,22.5
7/6/2011,23.23,23.56,22.82,23.02
7/7/2011,22.66,22.82,22.12,22.8
7/8/2011,23.21,24.25,23.21,24.25
7/11/2011,25.34,27.11,25.19,26.87
7/12/2011,27.39,27.88,26.36,26.87
7/13/2011,25.57,26.15,25.08,25.99
7/14/2011,25.27,26.31,24.54,26.11
7/15/2011,25.72,26.09,25.28,25.32
7/18/2011,26.86,27.25,25.89,25.92
7/19/2011,25.07,25.44,23.97,24.03
7/20/2011,23.44,24.51,23.44,23.76
7/21/2011,23.76,23.83,22.77,23.68
7/22/2011,23.6,23.6,22.7,22.8
7/25/2011,24.21,24.37,23.5,24.29
7/26/2011,24.31,24.33,23.71,24.15
7/27/2011,24.49,26.56,24.32,26.31
7/28/2011,26.5,26.5,25.21,26.17
7/29/2011,27.7,27.99,27.08,27.1
8/1/2011,27.19,27.91,26.23,26.41
8/2/2011,26.87,27.56,26.37,27.53
8/3/2011,28,28.85,27.09,27.2
8/4/2011,29.06,34.66,28.21,34.62
8/5/2011,37.06,41.32,35.87,39.88
8/8/2011,44.91,50.19,43.24,50.12
8/9/2011,49.19,67.08,45.08,45.38
8/10/2011,52.52,55.44,51.06,55.44
8/11/2011,52.42,52.56,44.18,46.07
8/12/2011,43.93,44.64,42.51,43.25
8/15/2011,38.68,40.32,36.5,37.06
8/16/2011,37.71,38.55,35.97,36.39
8/17/2011,35.62,35.62,32.63,33.54
8/18/2011,36.86,42.96,36.78,42.28
8/19/2011,45.48,46.68,41.68,46
8/22/2011,44.09,44.67,41.78,44.42
8/23/2011,41.95,77.07,38.71,38.71
8/24/2011,41.53,42.13,39.45,40.08
8/25/2011,39.68,46.17,39.13,46.02
8/26/2011,47.29,48.93,41.82,41.92
8/29/2011,41.38,41.38,37.69,37.73
8/30/2011,38.4,38.4,36.67,37.89
8/31/2011,36.23,36.29,34.84,34.92
9/1/2011,36.77,47.4,34.71,36.09
9/2/2011,38.71,38.75,36.8,38
9/6/2011,43.54,60.18,42,42.07
9/7/2011,40.92,41.1,37.71,38.37
9/8/2011,40.01,40.43,38.1,40.29
9/9/2011,40.81,45.58,40.77,45.07
9/12/2011,50.61,50.99,48.65,48.79
9/13/2011,48.45,49.74,44.45,44.48
9/14/2011,44.81,45.14,42.56,42.95
9/15/2011,42.05,42.05,39.13,39.61
9/16/2011,40.08,40.14,36.42,37.06
9/19/2011,43.05,43.36,40.96,42.15
9/20/2011,42.32,42.59,39.5,40.77
9/21/2011,42.23,59.64,41.12,45.34
9/22/2011,51.12,57.28,50.52,56.57
9/23/2011,53.61,56.44,53.1,54.65
9/26/2011,57.95,58.58,52.74,53.21
9/27/2011,50.57,50.58,47.14,50.19
9/28/2011,51.44,55.56,50.84,55.1
9/29/2011,53.31,55.36,51.35,53.53
9/30/2011,58.24,60.29,56.33,60.25
10/3/2011,65.37,98.69,61.21,63.42
10/4/2011,66.8,66.96,61.9,62.34
10/5/2011,62.82,72.48,55.09,56.25
10/6/2011,56.15,56.56,50.45,50.45
10/7/2011,49.98,52.75,48.39,52.1
10/10/2011,51.43,51.43,45.97,46.31
10/11/2011,46.44,46.71,45.03,46.12
10/12/2011,44.11,44.11,40.86,41.25
10/13/2011,42.11,43.58,40.27,40.39
10/14/2011,40,43.71,38.84,40.35
10/17/2011,42.07,43.81,41.91,43.66
10/18/2011,44.82,45.92,40.72,42.02
10/19/2011,44.38,44.83,42.39,44.83
10/20/2011,46.12,47.96,45.65,45.93
10/21/2011,44.99,44.99,42.66,43.68
10/24/2011,42.23,42.38,39.85,42.16
10/25/2011,42.31,45.7,42.26,45.56
10/26/2011,42.33,46.26,42.17,45.17
10/27/2011,40.57,41.33,37.58,39.98
10/28/2011,41.22,41.23,38.28,38.39
10/31/2011,41.78,43.06,41.64,42.85
11/1/2011,47.81,49.39,47.04,47.97
11/2/2011,45.16,45.8,43.66,44.62
11/3/2011,45.24,45.77,42.49,42.98
11/4/2011,43.86,45.43,43.19,43.29
11/7/2011,44.62,44.84,42.04,42.07
11/8/2011,41.97,42.81,40.01,40.01
11/9/2011,43.3,48.46,41.52,47.34
11/10/2011,45.6,46.64,44.15,44.98
11/11/2011,43.26,43.87,41.76,42.8
11/14/2011,44.73,44.85,42.27,42.78
11/15/2011,43.39,43.39,41.26,42.06
11/16/2011,45.82,47.45,44.26,47.33
11/17/2011,47.37,50.2,46.35,48.99
11/18/2011,48.17,48.88,44.87,46.4
11/21/2011,51.45,51.72,48.06,48.58
11/22/2011,48.47,48.6,44.83,44.97
11/23/2011,46.67,50.48,46.02,49.7
11/25/2011,50.86,50.86,47.76,50.45
11/28/2011,46.8,46.8,44.25,45.59
11/29/2011,46.67,46.79,41.52,42.03
11/30/2011,38.22,39.06,36.33,37.58
12/1/2011,37.17,37.81,36.79,37.61
12/2/2011,37.03,38.58,36.84,38.44
12/5/2011,38.79,38.79,37.11,38.26
12/6/2011,39.08,39.23,38.37,38.97
12/7/2011,39.23,39.49,38.45,38.65
12/8/2011,39.93,42.44,39.46,42.4
12/9/2011,41.7,42.03,38.36,39.18
12/12/2011,41.34,42.34,38.9,39.02
12/13/2011,38.74,38.74,34.69,36.45
12/14/2011,37.6,38.57,36.02,37.66
12/15/2011,37.89,37.95,34.15,35.69
12/16/2011,34.19,34.78,32.24,34.23
12/19/2011,35.72,36.77,34.09,36.53
12/20/2011,34.69,34.69,31.76,32.06
12/21/2011,32.9,33.44,31.48,31.54
12/22/2011,31.53,31.59,30.06,30.39
12/23/2011,30.67,30.82,29.99,30.18
12/27/2011,32.29,32.51,31.6,31.61
12/28/2011,32.34,33.08,32.34,33.05
12/29/2011,33.41,33.41,31.86,32.33
12/30/2011,32.45,33.27,32.3,33.23
1/3/2012,33.12,33.26,32.42,32.75
1/4/2012,33.89,34.08,31.73,32.03
1/5/2012,32.54,32.92,30.11,30.34
1/6/2012,31.35,31.58,30.17,30.85
1/9/2012,31.08,31.08,29.52,30.19
1/10/2012,28.97,29.39,28.6,28.89
1/11/2012,29.1,29.69,28.48,29.06
1/12/2012,29.07,29.39,28.44,28.46
1/13/2012,28.85,29.86,28.69,29.54
1/17/2012,29.38,29.83,28.21,28.67
1/18/2012,28.76,29.49,27.91,27.96
1/19/2012,27.24,29.13,27.1,28.88
1/20/2012,28.98,29.1,27.47,27.95
1/23/2012,28.5,28.56,27.15,27.68
1/24/2012,28,28.45,27.66,27.67
1/25/2012,27.86,28.06,27.07,27.35
1/26/2012,27.19,28.44,26.79,27.91
1/27/2012,27.32,27.61,27.1,27.39
1/30/2012,30.56,30.78,29.61,29.76
1/31/2012,29.56,29.96,28.79,28.8
2/1/2012,28.3,28.39,27.63,27.95
2/2/2012,27.47,27.99,27.07,27.86
2/3/2012,27.28,27.61,26.8,27.58
2/6/2012,29.33,29.8,28.79,29.38
2/7/2012,29.7,30.92,29.3,29.89
2/8/2012,29.51,30.16,28.83,29.46
2/9/2012,29.49,29.81,28.36,28.67
2/10/2012,30.9,31.83,30.02,31.73
2/13/2012,31.82,31.82,30.18,30.47
2/14/2012,30.86,31.15,29.96,30.19
2/15/2012,29.41,31.07,28.9,30.51
2/16/2012,30.97,31.09,29.27,29.41
2/17/2012,29.29,29.91,28.5,28.59
2/21/2012,30.26,30.3,28.2,29.05
2/22/2012,28.5,28.64,27.12,27.23
2/23/2012,27.54,27.76,26.45,26.65
2/24/2012,26.54,26.9,24.93,25.63
2/27/2012,28.08,28.1,26.77,27.25
2/28/2012,26.63,27,26.41,26.59
2/29/2012,26.35,27.55,26.14,26.64
3/1/2012,26.98,26.98,25.68,26.41
3/2/2012,26.47,26.54,25.58,26.19
3/5/2012,28.21,29.16,27.87,27.98
3/6/2012,31.54,32.47,30.59,30.76
3/7/2012,30.58,30.73,29.62,29.74
3/8/2012,28.14,28.57,27.5,28.38
3/9/2012,27.72,28.66,27.72,28.42
3/12/2012,28.31,28.44,26.62,27.12
3/13/2012,26.91,26.96,25.38,26.16
3/14/2012,26.68,29.09,26.25,28.6
3/15/2012,28.3,28.7,26.37,26.5
3/16/2012,26.5,26.68,25.05,25.15
3/19/2012,26.97,27.03,25.1,26.18
3/20/2012,27.08,27.92,26.98,27.29
3/21/2012,27.15,27.37,26.08,26.53
3/22/2012,27,28.97,27,28.52
3/23/2012,28.21,29.05,27.39,27.42
3/26/2012,27.94,28.15,27.62,27.75
3/27/2012,27.14,27.64,26.8,27.46
3/28/2012,27.66,28.31,27.18,27.19
3/29/2012,28.43,29.61,27.86,27.91
3/30/2012,26.99,26.99,25.88,25.9
4/2/2012,27.06,27.21,25.05,25.42
4/3/2012,25.58,32.8,24.45,25.13
4/4/2012,25.93,26.89,25.9,26.25
4/5/2012,26.2,26.36,25.48,25.68
4/9/2012,27.85,28.47,27.84,28.13
4/10/2012,28.21,30.62,28.13,29.7
4/11/2012,28.6,29.09,28.24,28.85
4/12/2012,28.32,28.83,27.05,28.2
4/13/2012,27.96,29.34,27.63,29.07
4/16/2012,29.57,30.27,28.76,29.01
4/17/2012,28.45,29.15,26.96,27.38
4/18/2012,28,28.02,26.78,27.11
4/19/2012,27.14,27.4,26.31,26.69
4/20/2012,26.36,26.36,25.07,25.64
4/23/2012,28.39,29.59,27.48,27.55
4/24/2012,27.41,27.42,26.86,27.28
4/25/2012,27.05,27.05,25.63,25.67
4/26/2012,25.87,26.08,24.82,24.86
4/27/2012,24.63,25.07,24.37,24.4
4/30/2012,25.52,26.44,25.47,25.5
5/1/2012,25.69,25.81,24.98,25.81
5/2/2012,25.96,26.21,25.09,25.09
5/3/2012,25.39,25.65,24.93,25.22
5/4/2012,25.57,26.77,25.25,26.11
5/7/2012,27.63,27.65,26.54,26.71
5/8/2012,27.61,29.57,26.98,27.06
5/9/2012,29.17,29.46,27.96,28.8
5/10/2012,28.42,28.78,27.22,28.69
5/11/2012,29.96,29.96,27.78,29.23
5/14/2012,31.23,32.36,31.23,32.32
5/15/2012,32.48,33.31,31.31,33.31
5/16/2012,34.27,35.45,33.34,34.72
5/17/2012,35.34,36.93,33.97,36.61
5/18/2012,36.33,37.37,36.06,36.94
5/21/2012,37.58,37.58,33.98,34.28
5/22/2012,34.42,35.3,32.79,34.95
5/23/2012,36.49,36.85,34.09,34.68
5/24/2012,34.81,36.05,34.71,34.93
5/25/2012,35.94,35.96,34.44,34.58
5/29/2012,33.39,35.07,32.67,33.38
5/30/2012,35.2,35.49,34.6,34.76
5/31/2012,34.34,35.38,34.04,34.1
6/1/2012,36.38,37.55,36.12,37.4
6/4/2012,38.93,39.34,38.17,38.57
6/5/2012,38.8,38.81,35.82,36.13
6/6/2012,34.87,34.87,33.91,34.33
6/7/2012,31.67,33.93,31.67,33.65
6/8/2012,35.64,36.22,34.09,34.15
6/11/2012,34.21,34.72,33.33,34.72
6/12/2012,33.84,35.31,33.12,33.18
6/13/2012,33.83,35.05,33.01,34.69
6/14/2012,35,35.86,33.87,35.4
6/15/2012,34.37,34.79,31.71,31.73
6/18/2012,32.67,32.67,30.5,30.8
6/19/2012,30.8,30.84,28.39,29.09
6/20/2012,29.11,29.42,26.97,27.42
6/21/2012,28.47,29.36,27.22,28.87
6/22/2012,28.11,28.74,27.41,27.72
6/25/2012,30.59,31.13,30.43,30.75
6/26/2012,29.95,30.21,29.04,29.34
6/27/2012,28.61,28.79,28.1,28.49
6/28/2012,29.51,29.57,28.37,28.37
6/29/2012,27.01,27.02,26.16,26.22
7/2/2012,27.47,27.51,26.39,26.98
7/3/2012,27.14,27.22,25.58,26.1
7/5/2012,26.07,26.49,25.17,25.48
7/6/2012,26.09,26.98,25.98,26.09
7/9/2012,27.84,27.97,27.29,27.33
7/10/2012,26.98,29.29,26.69,28.88
7/11/2012,28.37,30.63,27.28,27.55
7/12/2012,29.22,29.95,28.83,29.23
7/13/2012,26.97,29.14,26.69,26.99
7/16/2012,28.41,28.41,26.35,26.73
7/17/2012,26.42,27.37,25.65,25.76
7/18/2012,26.57,26.57,25.51,26.04
7/19/2012,25.65,25.93,25.1,25.93
7/20/2012,26.37,27.04,26.35,26.49
7/23/2012,28.63,29.98,28.63,29.57
7/24/2012,29.67,30.67,29.28,30.44
7/25/2012,30.23,30.39,29.68,29.71
7/26/2012,28.56,28.82,27.98,28.06
7/27/2012,27.63,27.64,26.02,26.75
7/30/2012,27.78,27.78,27,27.23
7/31/2012,27.15,28.68,27.1,27.5
8/1/2012,27.23,27.99,26.72,27.81
8/2/2012,28.11,28.31,26.87,27.68
8/3/2012,26.52,26.63,25.27,25.45
8/6/2012,26.13,26.23,24.91,25.19
8/7/2012,25.07,25.14,24.47,24.69
8/8/2012,25.18,25.18,24.02,24.02
8/9/2012,24.09,24.6,23.71,24.05
8/10/2012,24.39,24.5,22.86,22.99
8/13/2012,23.15,23.15,21.84,21.97
8/14/2012,22.39,22.99,21.58,22.73
8/15/2012,23.17,23.49,22.17,22.25
8/16/2012,22.96,23.05,22.25,22.78
8/17/2012,22.74,22.99,20.91,20.92
8/20/2012,22.65,22.93,22.2,22.6
8/21/2012,22.83,23.42,22.5,23.25
8/22/2012,23.85,24.02,23.23,23.51
8/23/2012,23.35,23.69,23.05,23.33
8/24/2012,23.63,24.67,23.53,23.81
8/27/2012,25.59,25.97,25.08,25.39
8/28/2012,25.57,25.63,24.94,25.21
8/29/2012,25.56,25.81,25.08,25.74
8/30/2012,26.54,26.89,26.47,26.87
8/31/2012,26.75,27.15,25.82,25.93
9/4/2012,27.61,27.61,26.87,27.54
9/5/2012,28.02,28.02,26.84,27.11
9/6/2012,26.42,26.42,22.61,24.95
9/7/2012,23.9,23.93,23.16,23.47
9/10/2012,24.88,24.94,24.28,24.86
9/11/2012,24.91,25.13,24.46,24.81
9/12/2012,24.38,25.16,24.21,25.11
9/13/2012,25.06,25.2,24.13,24.62
9/14/2012,23.65,24.36,23.22,24.01
9/17/2012,25.22,25.22,23.66,23.8
9/18/2012,24.59,25,23.61,23.74
9/19/2012,23.87,23.87,22.14,22.58
9/20/2012,23.41,24,22.68,22.92
9/21/2012,22.64,22.86,21.47,21.62
9/24/2012,23.1,23.32,22.29,22.35
9/25/2012,22.09,24.07,22.09,23.57
9/26/2012,23.94,24.53,23.79,24.24
09/27/2012,23.6,23.88,23.16,23.31
09/28/2012,23.49,23.67,23.03,23.15
10/01/2012,23.56,24.48,23.06,24.2
10/02/2012,24.36,24.58,23.92,23.95
10/03/2012,23.95,24.27,23.67,23.94
10/04/2012,23.98,23.99,23.34,23.36
10/05/2012,23.12,23.12,22.4,22.74
10/08/2012,24.26,24.39,23.03,23.06
10/09/2012,22.75,24.5,22.72,24.44
10/10/2012,24.39,24.73,23.92,24.44
10/11/2012,23.88,24.09,23.35,23.69
10/12/2012,23.81,23.83,23.16,23.38
10/15/2012,23.45,23.76,23.02,23.21
10/16/2012,23.05,23.6,22.81,23.58
10/17/2012,23.25,24.39,23.14,23.67
10/18/2012,23.39,23.44,21.91,22.54
10/19/2012,22.72,23.67,22.16,23.1
10/22/2012,23.6,23.64,22.92,22.93
10/23/2012,24.18,25.28,24.18,25
10/24/2012,24.35,24.76,24.15,24.51
10/25/2012,24.45,24.45,23.57,23.73
10/26/2012,24.51,24.71,23.89,24.29
10/31/2012,24.19,24.3,23.1,23.13
11/01/2012,23.11,23.78,22.78,22.99
11/02/2012,22.55,23.67,22.31,23.66
11/05/2012,24.65,24.82,24.43,24.53
11/06/2012,24.39,24.51,23.48,23.65
11/07/2012,23.2,24.6,23.2,24.32
11/08/2012,24.68,25.94,24.17,25.61
11/09/2012,26.13,26.13,23.92,25.21
11/12/2012,25.46,25.5,24.04,24.26
11/13/2012,25.11,25.39,24.07,24.3
11/14/2012,24.3,25.31,23.9,24.7
11/15/2012,24.97,27.34,24.35,24.97
11/16/2012,24.29,24.78,23.61,24.28
11/19/2012,23.18,23.25,22.3,22.5
11/20/2012,23.08,23.21,22.54,22.57
11/21/2012,22.38,22.49,21.88,22.32
11/23/2012,22.07,22.32,21.2,22.32
11/26/2012,23.02,23.4,22.39,22.94
11/27/2012,23.38,23.43,22.7,23.22
11/28/2012,23.85,24.44,23.41,23.65
11/29/2012,23.04,23.36,22.6,22.81
11/30/2012,22.19,22.8,22.19,22.46
12/03/2012,23.28,23.52,23.03,23.4
12/04/2012,23.02,23.82,22.8,23.53
12/05/2012,23.08,24.38,23.04,24.31
12/06/2012,24.09,24.23,23.27,23.27
12/07/2012,23.13,23.35,22.22,22.36
12/10/2012,23.08,24,22.96,23.95
12/11/2012,23.7,23.79,22.81,23.04
12/12/2012,22.77,23.13,22.33,23.04
12/13/2012,23.06,23.81,22.88,23.45
12/14/2012,23.45,23.89,23.16,23.81
12/17/2012,24.19,24.59,23.21,23.21
12/18/2012,23.63,23.65,22.84,22.9
12/19/2012,22.98,23.52,22.84,23.52
12/20/2012,23.72,23.9,22.8,23.04
12/21/2012,24.86,24.94,24.19,24.19
12/24/2012,24.7,24.7,23.79,24.19
12/26/2012,24.27,24.57,23.64,23.98
12/27/2012,24.09,24.47,23.54,23.66
12/28/2012,24.11,25.47,23.94,25.42
12/31/2012,25.86,25.86,24.09,24.53
01/02/2013,23.2,23.6,22.03,22.1
01/03/2013,22.49,22.53,21.24,21.52
01/04/2013,21.36,21.88,20.39,20.41
01/07/2013,21.31,21.62,20.86,20.87
01/08/2013,21.51,21.71,20.94,21.06
01/09/2013,20.84,20.84,20.02,20.4
01/10/2013,20.04,20.98,19.98,20.29
01/11/2013,20.68,20.68,20,20.26
01/14/2013,20.46,20.46,18.93,19.39
01/15/2013,19.71,20.02,19.48,19.88
01/16/2013,20.28,20.67,19.96,20.66
01/17/2013,20.69,20.81,20.56,20.74
01/18/2013,20.65,20.79,18.85,19.16
01/22/2013,19.99,20.08,19.36,19.39
01/23/2013,19.47,19.47,18.56,18.56
01/24/2013,18.63,18.98,18.32,18.87
01/25/2013,19.14,19.22,18.82,18.93
01/28/2013,19.59,19.85,19.38,19.63
01/29/2013,19.53,19.8,19.12,19.72
01/30/2013,19.68,19.85,19.54,19.76
01/31/2013,20,20.3,19.72,20.19
02/01/2013,19.94,20,19.31,19.38
02/04/2013,20.31,20.73,20.05,20.69
02/05/2013,20.73,20.75,19.9,20.13
02/06/2013,20.53,20.58,19.72,19.74
02/07/2013,20.41,21.01,20.28,20.34
02/08/2013,20.33,20.33,19.15,19.41
02/11/2013,19.96,20.17,19.64,19.76
02/12/2013,19.93,20.06,18.78,18.81
02/13/2013,18.86,18.86,18.46,18.66
02/14/2013,18.77,18.88,18.58,18.78
02/15/2013,18.67,18.75,18.09,18.49
02/19/2013,20.17,20.26,19.5,19.56
02/20/2013,19.51,20.51,19.45,20.44
02/21/2013,20.86,22.31,20.85,21.23
02/22/2013,20.95,21.15,20.85,21.04
02/25/2013,21.04,23.82,20.91,23.8
02/26/2013,23.4,24.2,23.33,23.4
02/27/2013,23.16,23.16,21.62,21.82
02/28/2013,21.34,21.45,20.72,21.21
03/01/2013,21.76,21.9,21.07,21.68
03/04/2013,23.62,23.65,22.76,22.77
03/05/2013,22.51,22.59,22.25,22.3
03/06/2013,21.65,21.87,21.25,21.59
03/07/2013,21.62,21.81,20.77,20.8
03/08/2013,20.23,20.64,20.17,20.53
03/11/2013,20.98,22.07,20.16,21.62
03/12/2013,21.63,22.05,20.9,21.02
03/13/2013,21.75,22,21.49,21.82
03/14/2013,21.68,21.68,20.61,21.08
03/15/2013,21.95,21.98,20.72,21.02
03/18/2013,22.85,22.99,21.72,22.39
03/19/2013,23.1,24.05,22.62,23.3
03/20/2013,22.08,22.95,21.94,22.95
03/21/2013,23.59,24.08,23,23.89
03/22/2013,23.75,23.82,23.18,23.22
03/25/2013,23.59,23.59,22.78,22.81
03/26/2013,22.5,22.52,21.68,21.8
03/27/2013,22.08,22.12,21.16,21.3
03/28/2013,22.25,22.43,21.49,21.49
04/01/2013,22.8,23.09,20.91,22.41
04/02/2013,22.39,22.39,21.53,22.03
04/03/2013,22.41,23.08,22.31,23.05
04/04/2013,22.97,23.42,22.72,22.84
04/05/2013,24.74,24.74,23.33,23.39
04/08/2013,24.67,24.74,23.57,23.74
04/09/2013,23.38,23.41,22.86,23.23
04/10/2013,23.21,23.23,22.63,22.84
04/11/2013,23.03,23.03,22.41,22.65
04/12/2013,22.89,23.43,22.78,22.79
04/15/2013,24.25,25.85,24,25.85
04/16/2013,25.32,25.35,24.2,24.44
04/17/2013,25.25,27.32,25.19,27.18
04/18/2013,27.1,27.4,26.14,26.29
04/19/2013,23.33,24.81,23.33,24.43
04/22/2013,24.81,24.86,23.77,24.39
04/23/2013,24.79,25.4,23.69,23.83
04/24/2013,23.95,23.96,23.12,23.24
04/25/2013,23.24,25.38,20.01,23.48
04/26/2013,23.67,23.76,23.12,23.24
04/29/2013,23.86,23.92,22.34,22.7
04/30/2013,22.82,22.93,21.89,21.93
05/01/2013,22.15,23.4,22.12,23.28
05/02/2013,23.39,23.59,22.66,22.66
05/03/2013,22.27,22.27,21.36,21.61
05/06/2013,22.28,22.45,21.85,21.95
05/07/2013,21.77,22.03,20.87,20.88
05/08/2013,20.87,21.54,20.67,21.2
05/09/2013,21.8,21.91,21.6,21.62
05/10/2013,21.45,21.9,21.17,21.39
05/13/2013,21.65,21.78,21.05,21.35
05/14/2013,21.52,21.88,20.95,21.43
05/15/2013,21.78,21.78,20.56,20.77
05/16/2013,21.48,21.49,19.48,20.17
05/17/2013,20.22,20.51,19.66,19.66
05/20/2013,21.17,21.62,21.11,21.27
05/21/2013,21.62,21.64,20.88,20.98
05/22/2013,21.24,23.14,21.02,22.98
05/23/2013,23.67,24.49,23.02,23.3
05/24/2013,24.27,25.03,24,24.47
05/28/2013,24.35,24.41,23.01,23.69
05/29/2013,24.44,24.77,23.86,24.65
05/30/2013,24.54,24.56,23.83,24.2
05/31/2013,24.86,25.48,24.22,25.22
06/03/2013,25.6,25.67,24.19,24.69
06/04/2013,24.82,25.25,24.58,24.83
06/05/2013,25.07,25.57,24.98,25.45
06/06/2013,25.98,26.47,25.63,26.04
06/07/2013,26.32,26.39,25.49,25.74
06/10/2013,26.43,26.44,25.1,25.48
06/11/2013,26.16,27.13,26.11,26.89
06/12/2013,27.01,28.32,26.74,27.97
06/13/2013,28.81,28.81,26.93,27.23
06/14/2013,27.96,28.79,27.87,28.48
06/17/2013,28.95,29.11,27.84,28.35
06/18/2013,28.23,28.42,27.77,28.24
06/19/2013,28.87,33.16,26.62,27.63
06/20/2013,29.06,35.18,28.87,35.18
06/21/2013,33.03,33.03,30.84,31.58
06/24/2013,34.51,35.63,34.31,35.21
06/25/2013,34.55,45.14,34.1,34.31
06/26/2013,34.15,34.15,31.43,31.69
06/27/2013,31.64,31.71,30.27,30.61
06/28/2013,31,31.06,29.56,29.62
07/01/2013,30.12,32.59,28.61,28.63
07/02/2013,28.63,30.94,28.31,30.64
07/03/2013,32.19,32.48,31.58,31.93
07/05/2013,31.04,31.8,30.81,30.81
07/08/2013,31.66,31.69,30.19,30.41
07/09/2013,29.78,30,28.64,28.83
07/10/2013,28.86,28.95,27.58,28.29
07/11/2013,26.44,27.91,26.21,27.43
07/12/2013,28.57,28.61,28,28.6
07/15/2013,29.64,29.64,27.67,27.75
07/16/2013,27.82,28.37,27.42,28.35
07/17/2013,28.19,28.32,27.84,28.3
07/18/2013,28.32,28.32,27.08,27.22
07/19/2013,27.42,27.5,25.89,26.3
07/22/2013,27.74,27.8,25.31,25.35
07/23/2013,24.29,24.54,23.76,24.05
07/24/2013,23.77,25.11,23.76,24.48
07/25/2013,24.06,24.18,23.67,23.71
07/26/2013,23.9,24.36,23.06,23.24
07/29/2013,24.51,24.89,24.33,24.76
07/30/2013,24.37,25.66,24.34,24.8
07/31/2013,24.92,25.23,24.45,24.59
08/01/2013,23.89,24,23.21,23.96
08/02/2013,24.15,24.15,23.44,23.53
08/05/2013,24.24,24.24,22.85,22.91
08/06/2013,22.93,23.48,22.79,23.25
08/07/2013,23.65,24.6,23.45,24.56
08/08/2013,24.4,25.07,24.31,24.91
08/09/2013,24.84,24.93,23.85,24.04
08/12/2013,23.94,23.97,22.8,22.92
08/13/2013,22.23,24.01,22.2,23.68
08/14/2013,23.61,23.76,23.35,23.57
08/15/2013,23.95,24.55,23.47,24.21
08/16/2013,24.34,24.84,23.41,24.61
08/19/2013,25.55,25.55,24.69,24.93
08/20/2013,25.64,25.64,24.97,25.37
08/21/2013,26.49,28.34,25.78,26.38
08/22/2013,25.64,25.71,24.65,25.31
08/23/2013,25.5,26.07,24.73,24.77
08/26/2013,25.42,25.58,25.01,25.29
08/27/2013,25.97,27.24,25.97,27.21
08/28/2013,27.8,28.12,27.51,27.93
08/29/2013,27.95,28.41,27.04,28.13
08/30/2013,29.06,29.07,27.46,27.47
09/03/2013,27.48,29.48,27.33,28.2
09/04/2013,27.63,27.83,27.22,27.44
09/05/2013,27.5,27.5,26.37,26.55
09/06/2013,26.1,26.76,25.84,26.38
09/09/2013,26.94,26.94,26.26,26.69
09/10/2013,25.92,26.28,25.21,25.69
09/11/2013,26.15,26.15,25,25.09
09/12/2013,24.97,25.26,24.67,24.98
09/13/2013,25.05,25.19,24.69,25.07
09/16/2013,25.65,26.25,25.07,25.55
09/17/2013,25.87,26.13,25.76,26.01
09/18/2013,26.46,31.04,23.24,25.03
09/19/2013,24.95,25.5,23.55,23.71
09/20/2013,23.91,24.82,23.86,24.8
09/23/2013,26.08,26.12,24.36,24.38
09/24/2013,25.08,25.08,24.06,24.21
09/25/2013,24.16,24.61,23.56,23.67
09/26/2013,23.71,23.71,22.89,22.9
09/27/2013,23.16,23.52,21.94,23.07
09/30/2013,25.09,25.72,24.86,25.51
10/01/2013,25.02,25.55,25.02,25.38
10/02/2013,25.79,25.91,24.85,24.87
10/03/2013,24.46,25.57,24.42,25.24
10/04/2013,25.29,25.34,24.8,24.83
10/07/2013,26.69,26.91,26.34,26.73
10/08/2013,26.93,27.95,26.64,27.59
10/09/2013,27.81,28.58,26.43,27.03
10/10/2013,27.28,27.29,25.37,25.38
10/11/2013,25.89,25.89,24.63,24.63
10/14/2013,26.04,26.05,24.46,24.88
10/15/2013,25.19,26.51,24.95,26.31
10/16/2013,25.98,26.15,24.44,24.46
10/17/2013,25.14,25.14,22.64,22.69
10/18/2013,22.39,22.47,21.46,21.46
10/21/2013,22.12,22.58,20.83,20.95
10/22/2013,20.73,21.71,20.47,21.65
10/23/2013,23.43,24,23.14,23.52
10/24/2013,23.83,24.43,23.58,24.4
10/25/2013,24.35,24.35,23.94,23.98
10/28/2013,24.52,24.58,23.76,23.86
10/29/2013,23.51,23.54,22.77,22.94
10/30/2013,22.7,23.74,22.63,23.15
10/31/2013,23.28,23.39,22.38,22.38
11/01/2013,22.04,23.5,21.66,23.15
11/04/2013,24.19,24.2,22.48,22.62
11/05/2013,23.44,24.59,23.37,24.27
11/06/2013,24.44,24.45,23.58,23.94
11/07/2013,24.35,24.7,24.16,24.63
11/08/2013,24.8,25.31,23.92,23.96
11/11/2013,24.57,24.97,23.69,23.84
11/12/2013,24.76,24.79,22.82,23.08
11/13/2013,24.22,24.58,23.59,24.04
11/14/2013,24.74,24.81,23.08,23.35
11/15/2013,23.34,26.36,22.57,24.93
11/18/2013,24.7,28.38,24.7,28.17
11/19/2013,27.92,27.92,26.39,27.11
11/20/2013,26.83,26.83,24.03,26.72
11/21/2013,26.89,27,25.9,26.43
11/22/2013,27,27,24.91,25.6
11/25/2013,26.75,26.75,25.22,25.46
11/26/2013,25.56,25.69,24.99,25.22
11/27/2013,25.57,25.84,25.12,25.51
11/29/2013,25.86,25.86,24.49,24.53
12/02/2013,25.67,25.67,25.2,25.37
12/03/2013,25.72,26.09,25.41,26.08
12/04/2013,26.47,26.94,25.97,26.18
12/05/2013,26.37,26.63,25.67,26.04
12/06/2013,25.65,25.85,25.34,25.4
12/09/2013,26.2,26.27,25.84,25.97
12/10/2013,25.96,26.03,24.41,24.58
12/11/2013,25.47,25.57,24.85,25.37
12/12/2013,25.77,26.09,25.36,25.4
12/13/2013,25.13,25.13,24.25,24.31
12/16/2013,24.72,24.85,23.76,24.43
12/17/2013,24.36,24.71,23.95,24.59
12/18/2013,24.38,24.52,21.79,22.56
12/19/2013,24.05,24.05,23.02,23.54
12/20/2013,22.83,23.04,22.11,22.31
12/23/2013,22.73,22.8,21.58,21.62
12/24/2013,21.64,21.79,21.39,21.62
12/26/2013,22.2,22.33,21.81,21.85
12/27/2013,21.62,21.76,21.43,21.67
12/30/2013,22.47,22.62,21.16,21.25
12/31/2013,21.24,21.68,21.22,21.65
01/02/2014,22.82,24.49,22.71,24.49
01/03/2014,24.99,25.1,24.75,24.78
01/06/2014,25.65,25.69,24.3,24.3
01/07/2014,24.37,24.44,23.28,23.46
01/08/2014,23.56,23.68,23,23.51
01/09/2014,23.62,24.61,23.59,24.47
01/10/2014,24.23,24.38,23.28,23.32
01/13/2014,23.15,23.49,21.84,23.44
01/14/2014,23.23,23.91,21.85,21.94
01/15/2014,22.32,22.43,21.78,22.33
01/16/2014,22.34,22.7,22.04,22.67
01/17/2014,22.8,22.85,21.57,22.22
01/21/2014,23,23.26,22.75,22.78
01/22/2014,22.14,22.36,21.64,21.74
01/23/2014,23.27,25.21,22.95,25.12
01/24/2014,25.97,27.5,25.82,27.31
01/27/2014,28.42,28.85,27.66,28.59
01/28/2014,28.75,29.68,28.13,29.46
01/29/2014,29.35,29.91,27.5,28.03
01/30/2014,28.39,28.54,27.84,28.51
01/31/2014,30.06,30.2,29.28,29.42
02/03/2014,31.18,31.48,28.58,31.44
02/04/2014,31.41,31.41,30.1,30.61
02/05/2014,32.47,32.47,29.72,31.94
02/06/2014,31.87,31.87,29.89,30.09
02/07/2014,29.83,29.83,28.23,28.8
02/10/2014,30.14,30.21,29.18,29.19
02/11/2014,28.25,28.45,27.59,28.17
02/12/2014,27.91,28.29,27.4,28.14
02/13/2014,29.48,29.48,26.68,26.73
02/14/2014,27.2,27.21,25.85,25.98
02/18/2014,27.18,27.18,26.26,26.45
02/19/2014,26.38,27.19,26.33,26.68
02/20/2014,27.49,27.86,26.77,26.81
02/21/2014,27.16,27.18,26.55,26.73
02/24/2014,28.1,28.1,27,27.02
02/25/2014,27.17,27.44,26.87,26.97
02/26/2014,26.58,26.63,26.17,26.57
02/27/2014,26.19,26.62,26.13,26.3
02/28/2014,26.99,26.99,26.52,26.63
03/03/2014,29.3,29.32,27.78,27.95
03/04/2014,27.46,27.46,26.44,26.69
03/05/2014,27.82,27.97,27.22,27.3
03/06/2014,27.35,27.35,25.91,25.99
03/07/2014,26.5,26.5,25.65,25.65
03/10/2014,27.99,27.99,27.27,27.41
03/11/2014,27.88,27.88,26.44,27.88
03/12/2014,29.09,29.09,27.58,28.01
03/13/2014,28.32,29.74,27.7,29.4
03/14/2014,29.7,29.7,28.04,29.1
03/17/2014,28.49,28.52,27.29,27.54
03/18/2014,27.45,27.45,25.21,25.43
03/19/2014,26.36,26.36,24.54,25.97
03/20/2014,27.03,27.03,25.62,25.64
03/21/2014,25.79,26.34,25.36,26.25
03/24/2014,27.58,27.67,26.67,26.74
03/25/2014,27.08,27.5,26.35,26.43
03/26/2014,26.03,26.3,25.8,26.23
03/27/2014,26.37,26.88,26.31,26.36
03/28/2014,26.14,26.27,25.55,26.16
03/31/2014,26.73,26.74,24.71,24.71
04/01/2014,24.56,24.58,23.82,23.92
04/02/2014,24.14,24.17,23.17,23.25
04/03/2014,23.44,23.58,22.61,22.74
04/04/2014,22.68,23.62,22.4,23.31
04/07/2014,23.92,23.95,23.4,23.67
04/08/2014,23.37,23.41,22.8,23.03
04/09/2014,22.8,23.22,22.07,22.62
04/10/2014,22.83,24.4,22.42,23.9
04/11/2014,24.17,24.4,23.58,24.11
04/14/2014,23.64,24.04,23.22,23.25
04/15/2014,23.79,24.31,23.19,23.94
04/16/2014,23.69,23.8,22.22,22.49
04/17/2014,22.29,22.46,21,21.74
04/21/2014,22.98,23.17,22.49,22.51
04/22/2014,22.46,22.71,22.05,22.05
04/23/2014,22.5,22.62,21.8,22.07
04/24/2014,21.99,22.07,21.34,21.34
04/25/2014,21.9,22.5,21.53,21.81
04/28/2014,22.47,22.83,22.19,22.76
04/29/2014,22.65,22.85,22.1,22.17
04/30/2014,22.45,22.64,20.66,21.02
05/01/2014,21.06,21.47,20.89,21.33
05/02/2014,21.25,21.37,20.53,20.61
05/05/2014,21.64,21.64,21.13,21.15
05/06/2014,21.2,21.38,20.97,21.21
05/07/2014,22.02,22.02,21.09,21.19
05/08/2014,21.31,21.31,20.32,21.07
05/09/2014,20.71,20.73,19.88,20.08
05/12/2014,18.92,18.97,18.6,18.64
05/13/2014,18.96,18.96,18.38,18.62
05/14/2014,18.51,19.33,18.48,19.14
05/15/2014,19.42,19.77,19.33,19.64
05/16/2014,19.8,19.9,19.44,19.73
05/19/2014,20.75,20.84,19.69,19.85
05/20/2014,19.97,20.04,19.46,19.84
05/21/2014,19.89,19.93,19.4,19.81
05/22/2014,19.69,19.7,19.22,19.25
05/23/2014,19.22,19.32,18.78,18.9
05/27/2014,19.72,20.09,19.13,19.16
05/28/2014,18.88,19.49,18.7,19.42
05/29/2014,19.48,19.76,19.39,19.4
05/30/2014,19.32,20.02,19.32,19.7
06/02/2014,20.15,20.65,20.15,20.52
06/03/2014,20.68,21,20.4,20.99
06/04/2014,21.01,21.04,20.27,20.57
06/05/2014,20.67,20.69,20.13,20.37
06/06/2014,19.82,19.83,19.48,19.55
06/09/2014,20.09,20.15,19.16,19.16
06/10/2014,19.24,19.24,18.79,18.81
06/11/2014,19.03,19.26,18.86,19.05
06/12/2014,19.12,19.75,18.88,19.59
06/13/2014,19.62,19.69,19.37,19.42
06/16/2014,19.91,20.18,19.65,19.8
06/17/2014,19.31,19.57,19.17,19.28
06/18/2014,19.03,19.17,18.23,18.41
06/19/2014,18.84,18.88,18.29,18.35
06/20/2014,18.36,18.49,17.57,17.59
06/23/2014,18.4,18.48,17.95,18.29
06/24/2014,18.02,18.06,17.55,17.76
06/25/2014,18.07,18.11,17.67,17.78
06/26/2014,17.44,17.44,17.22,17.3
06/27/2014,17.23,17.23,16.91,17.02
06/30/2014,17.65,17.71,16.95,16.97
07/01/2014,16.97,17.02,16.75,16.93
07/02/2014,16.93,17.57,16.93,17.55
07/03/2014,17.71,17.8,17.25,17.28
07/07/2014,18.18,18.2,17.85,17.93
07/08/2014,18.04,18.07,17.93,17.93
07/09/2014,18.01,18.2,17.41,18.01
07/10/2014,18.41,18.58,17.9,17.93
07/11/2014,17.91,18.13,17.84,17.98
07/14/2014,17.99,18.11,17.84,18.07
07/15/2014,18.12,18.15,17.68,17.75
07/16/2014,17.7,17.99,17.51,17.94
07/17/2014,18.14,18.77,17.79,18.7
07/18/2014,18.07,18.21,17.99,18.04
07/21/2014,18.96,19.1,18.43,18.49
07/22/2014,18.18,18.74,18.03,18.45
07/23/2014,18.31,18.81,18.28,18.71
07/24/2014,18.46,19.88,18.44,19.88
07/25/2014,19.97,20.01,19.64,19.68
07/28/2014,20.36,21.09,20.25,20.92
07/29/2014,21.14,21.35,21.14,21.3
07/30/2014,21.32,21.69,21.23,21.25
07/31/2014,21.3,21.43,20.82,21.43
08/01/2014,21.24,21.66,20.21,21.55
08/04/2014,21.82,21.97,21.45,21.49
08/05/2014,21.51,22.22,21.29,22.15
08/06/2014,22.55,22.55,21.99,22.1
08/07/2014,22.2,22.87,22.06,22.86
08/08/2014,22.72,23.11,22.72,22.72
08/11/2014,22.9,23.07,22.61,22.7
08/12/2014,22.89,22.95,22.04,22.04
08/13/2014,21.88,21.88,20.84,21.08
08/14/2014,21.14,21.16,20.06,20.12
08/15/2014,19.72,20.09,19.21,19.42
08/18/2014,19.81,20.28,19.37,19.41
08/19/2014,19.16,19.18,18.79,19.18
08/20/2014,19.2,19.47,18.79,19.15
08/21/2014,19.64,19.65,18.96,19.2
08/22/2014,18.85,19.2,18.61,18.66
08/25/2014,19.22,19.41,18.19,18.51
08/26/2014,18.53,18.56,18.12,18.18
08/27/2014,18.35,18.36,17.96,18.03
08/28/2014,18.18,18.29,17.96,17.96
08/29/2014,17.79,17.87,17.19,17.33
09/02/2014,17.9,17.91,17.39,17.39
09/03/2014,17.57,19.01,17.51,18.9
09/04/2014,18.98,19.1,18.7,18.98
09/05/2014,18.85,19.29,18.81,19.27
09/08/2014,19.28,19.43,19.1,19.34
09/09/2014,19.14,19.89,19.12,19.76
09/10/2014,20.16,20.24,19.7,20.09
09/11/2014,20.22,20.3,20.11,20.29
09/12/2014,20.24,20.8,20.22,20.77
09/15/2014,21.74,21.85,21.5,21.74
09/16/2014,21.95,22.66,21.93,22.64
09/17/2014,22.65,22.69,21.7,21.72
09/18/2014,22.01,22.02,21.13,21.31
09/19/2014,20.85,21,20.55,20.72
09/22/2014,21.54,22.15,21.44,22.12
09/23/2014,22.33,22.33,21.02,21.22
09/24/2014,20.93,21.24,20.81,21
09/25/2014,21.53,22,21.49,21.96
09/26/2014,21.62,21.72,21.21,21.41
09/29/2014,23.04,23.78,22.96,23.76
09/30/2014,24.1,24.27,23.25,23.99
10/01/2014,24.39,25.13,24.39,25.08
10/02/2014,25.55,26.93,25.25,25.87
10/03/2014,24.79,24.92,24.7,24.89
10/06/2014,25.1,25.1,24.78,24.97
10/07/2014,24.84,24.85,24.45,24.78
10/08/2014,23.96,24.61,23.84,24.4
10/09/2014,24.63,25,24.35,24.92
10/10/2014,25.53,26.09,25.42,26.05
10/13/2014,24.49,26.84,24.25,26.83
10/14/2014,28.74,28.74,27.54,27.99
10/15/2014,27.66,31.07,27.59,29.13
10/16/2014,33.22,33.27,30.36,30.5
10/17/2014,27.04,27.17,25.96,26.91
10/20/2014,27.5,27.63,25.61,25.76
10/21/2014,25.92,25.93,24.18,24.44
10/22/2014,24.07,24.18,23.6,23.82
10/23/2014,22.86,23.52,22.8,23.46
10/24/2014,23.6,23.65,23.21,23.39
10/27/2014,25.08,25.1,22.6,22.68
10/28/2014,22.03,22.86,22.03,22.84
10/29/2014,22.85,23.29,19.08,22.99
10/30/2014,22.79,23.06,21.31,22.44
10/31/2014,22.12,22.75,22.12,22.72
11/03/2014,23.29,23.89,23.1,23.39
11/04/2014,23.07,23.33,23.01,23.12
11/05/2014,23.35,23.45,23.26,23.35
11/06/2014,23.61,23.62,23.24,23.28
11/07/2014,23.73,23.73,22.85,22.94
11/10/2014,23.75,24.14,23.6,23.61
11/11/2014,23.75,24,23.73,23.81
11/12/2014,23.76,24.34,23.76,24.16
11/13/2014,23.46,25.1,23.46,25.1
11/14/2014,24.84,25.99,24.83,25.78
11/17/2014,27.07,27.1,24.44,24.44
11/18/2014,24.14,24.48,23.81,23.87
11/19/2014,24.03,24.03,21.19,22.68
11/20/2014,22.59,22.66,21.29,21.43
11/21/2014,21.49,23.5,21.45,23.25
11/24/2014,23.79,23.79,23.17,23.29
11/25/2014,23.35,23.35,22.12,22.41
11/26/2014,22.59,24.36,22.59,24.24
11/28/2014,24.31,24.38,23.75,23.87
12/01/2014,23.7,24.56,23.64,24.43
12/02/2014,24.68,26.15,24.68,25.84
12/03/2014,25.63,26.25,25.63,26.08
12/04/2014,26.63,29.46,26.6,28.88
12/05/2014,28.78,29.45,28.72,29.28
12/08/2014,29.45,29.53,28.39,28.47
12/09/2014,28.78,29.05,28.29,28.64
12/10/2014,28.5,28.72,27.5,27.67
12/11/2014,27.2,27.39,26.96,27.3
12/12/2014,29.2,30.63,25.46,26.73
12/15/2014,26.54,26.82,26.15,26.32
12/16/2014,26.31,26.83,26.27,26.65
12/17/2014,26.29,28.95,26.29,28.15
12/18/2014,27.44,27.59,26,26.12
12/19/2014,26.49,26.54,25.81,25.84
12/22/2014,26.42,26.44,25.75,26.03
12/23/2014,25.3,25.45,24.97,25.06
12/24/2014,25.03,25.25,24.88,25.18
12/26/2014,24.89,27.18,24.88,27.1
12/29/2014,27.54,27.54,26.62,26.68
12/30/2014,26.28,26.49,25.92,25.92
12/31/2014,25.97,26.11,25.63,26.01
01/02/2015,26.12,26.53,25.8,26.46
01/05/2015,26.81,27.05,26.59,26.97
01/06/2015,27.13,27.45,26.89,27.24
01/07/2015,27.23,27.58,26.65,27.11
01/08/2015,26.47,26.55,25.54,25.57
01/09/2015,25.43,25.57,25.33,25.39
01/12/2015,25.31,25.89,25.29,25.69
01/13/2015,25.6,25.73,24.55,24.82
01/14/2015,24.73,25.73,24.32,25.49
01/15/2015,25.78,26.11,25.53,26.1
01/16/2015,26.01,26.61,25.95,26.17
01/20/2015,27.28,28.12,27.28,27.86
01/21/2015,27.88,27.88,26.72,26.72
01/22/2015,26.5,26.77,26.46,26.66
01/23/2015,26.4,26.4,25.63,25.83
01/26/2015,26.19,26.29,25.53,25.6
01/27/2015,25.5,25.5,25.14,25.16
01/28/2015,25.31,25.31,24.76,25.04
01/29/2015,25.08,25.35,24.85,25.26
01/30/2015,25.39,25.56,25.19,25.52
02/02/2015,26.34,26.43,25.89,25.98
02/03/2015,25.86,26.11,25.86,25.94
02/04/2015,25.78,27.33,25.78,27.32
02/05/2015,27.21,27.23,26.01,26.06
02/06/2015,25.84,25.84,24.29,24.87
02/09/2015,25.59,25.59,24.82,24.98
02/10/2015,24.74,24.74,23.93,23.99
02/11/2015,24.03,24.03,22.99,23.03
02/12/2015,22.87,23.01,22.42,22.51
02/13/2015,22.4,22.42,21.59,21.59
02/17/2015,21.84,22.03,20.92,20.99
02/18/2015,20.91,21.14,20.51,20.91
02/19/2015,20.87,20.93,20.71,20.78
02/20/2015,20.64,20.74,20.34,20.61
02/23/2015,21.19,21.44,21.03,21.35
02/24/2015,21.23,21.52,21.23,21.35
02/25/2015,21.31,21.34,21.07,21.1
02/26/2015,21,21.13,20.91,21.03
02/27/2015,20.83,20.99,20.8,20.93
03/02/2015,21.32,21.32,20.59,20.66
03/03/2015,20.74,20.74,20.43,20.68
03/04/2015,20.73,21.01,20.73,20.92
03/05/2015,20.81,21.01,20.77,20.85
03/06/2015,20.77,20.93,20.6,20.81
03/09/2015,21.31,21.54,21.21,21.34
03/10/2015,22.01,22.07,21.63,21.89
03/11/2015,21.75,21.96,21.72,21.95
03/12/2015,21.87,22.52,21.87,22.44
03/13/2015,22.11,23.25,22.11,23.07
03/16/2015,23.62,23.85,23.58,23.67
03/17/2015,23.98,23.99,23.37,23.38
03/18/2015,23.45,24.04,23.25,23.33
03/19/2015,23.3,23.3,22.27,22.27
03/20/2015,21.87,21.95,21.16,21.22
03/23/2015,21.78,21.79,21.15,21.2
03/24/2015,20.85,20.87,19.83,20.15
03/25/2015,19.98,20.17,19.91,20.14
03/26/2015,20.52,20.59,20.11,20.17
03/27/2015,19.92,20.61,19.27,20.56
03/30/2015,21.69,25.13,21.69,23.93
03/31/2015,23.89,23.89,22.29,22.42
04/01/2015,22.66,23.29,22.66,23.12
04/02/2015,23.11,23.24,22.86,22.87
04/06/2015,24.17,24.71,24.14,24.38
04/07/2015,24.3,24.4,24.13,24.35
04/08/2015,25.48,30.95,25.48,29.65
04/09/2015,31.2,34.1,31.2,34.08
04/10/2015,33.85,34.32,33.47,33.85
04/13/2015,35.72,38.19,35.72,38.09
04/14/2015,37.92,37.98,34.26,34.53
04/15/2015,34.5,34.5,32.16,32.44
04/16/2015,33.15,33.15,30.88,31
04/17/2015,31.91,33.54,31.89,32.67
04/20/2015,33.65,33.67,32.26,32.39
04/21/2015,32.17,32.17,30.79,30.95
04/22/2015,30.96,31.47,30.82,31.45
04/23/2015,31.95,31.97,31.59,31.84
04/24/2015,31.83,33.04,31.79,33.03
04/27/2015,33.88,33.95,33.76,33.89
04/28/2015,33.62,33.62,32.53,32.58
04/29/2015,32.96,32.98,32.17,32.31
04/30/2015,32.24,32.43,30.76,30.82
05/01/2015,30.55,30.75,29.96,30.1
05/04/2015,30.73,30.73,29.1,29.31
05/05/2015,29.59,30.81,29.59,30.73
05/06/2015,30.62,31.66,30.62,31.51
05/07/2015,31.41,31.68,30.97,31.01
05/08/2015,30.89,31.26,30.59,30.68
05/11/2015,31.36,31.5,29.03,29.07
05/12/2015,29.49,29.59,28.7,29.11
05/13/2015,28.93,28.97,27.28,27.45
05/14/2015,26.9,27.49,26.81,27.09
05/15/2015,27.14,27.8,27.13,27.21
05/18/2015,28.04,28.05,27.58,27.7
05/19/2015,27.92,28.94,27.75,28.94
05/20/2015,28.95,28.95,28.36,28.68
05/21/2015,28.65,28.67,27.8,28.08
05/22/2015,28.64,30.34,28.64,29.71
05/26/2015,31.27,31.28,30.96,31.28
05/27/2015,31.28,31.36,30.69,30.76
05/28/2015,31.2,32.06,31.02,31.78
05/29/2015,31.42,31.43,30.52,30.58
06/01/2015,31.81,31.82,31.15,31.18
06/02/2015,31.08,31.09,30.53,30.57
06/03/2015,30.25,30.3,29.78,29.87
06/04/2015,29.93,31.38,29.93,31.37
06/05/2015,31.57,31.8,31.48,31.48
06/08/2015,32.24,32.31,32.01,32.29
06/09/2015,32.34,32.54,32.29,32.37
06/10/2015,32.94,32.98,30.4,30.42
06/11/2015,30.37,30.44,29.59,29.59
06/12/2015,29.6,30.28,29.6,30.1
06/15/2015,31.86,31.86,31.12,31.12
06/16/2015,32.13,32.25,31.84,31.99
06/17/2015,32.13,37.32,31.04,31.13
06/18/2015,30.82,30.99,29.63,30.24
06/19/2015,30.39,30.39,29.55,29.73
06/22/2015,30.07,30.1,28.86,29.12
06/23/2015,29.16,29.16,28.13,28.13
06/24/2015,28.35,28.35,27.57,27.8
06/25/2015,28.3,28.47,27.5,27.58
06/26/2015,27.98,29.36,27.98,29.36
06/29/2015,32.15,32.25,31.14,32.25
06/30/2015,32.4,32.4,31.53,31.62
07/01/2015,31.14,31.28,30.72,30.95
07/02/2015,30.46,30.74,30.23,30.31
07/06/2015,32.48,32.57,31.08,31.53
07/07/2015,32.88,37.14,32.88,36.23
07/08/2015,36.77,46.81,36.77,46.81
07/09/2015,44.25,44.25,42.01,42.75
07/10/2015,40.36,40.57,38.84,38.91
07/13/2015,40.73,40.73,33.41,34.37
07/14/2015,34.47,34.47,27.89,32.56
07/15/2015,32.49,32.51,29.81,32.14
07/16/2015,30.76,31.61,29.53,30.23
07/17/2015,29.58,29.58,28.89,29.52
07/20/2015,29.79,29.79,28.02,28.29
07/21/2015,27.83,27.83,26.77,27.19
07/22/2015,27.18,27.28,26.51,26.51
07/23/2015,26.1,29.05,25.6,28.94
07/24/2015,28.51,30.84,28.48,30.61
07/27/2015,30.91,38.66,30.91,38.51
07/28/2015,36.6,36.84,32.77,33.85
07/29/2015,33.51,33.52,29.46,30.97
07/30/2015,30.85,31.66,30.18,30.25
07/31/2015,29.52,30.37,29.28,30.35
08/03/2015,31.28,31.84,30.9,30.99
08/04/2015,30.47,30.83,29.33,29.53
08/05/2015,29.27,29.35,29.03,29.11
08/06/2015,29.17,29.45,28.93,29.17
08/07/2015,28.94,29.27,28.94,29.09
08/10/2015,29.31,29.33,28.84,29.27
08/11/2015,29.9,32.13,29.9,32.02
08/12/2015,32.76,33.44,32.71,33.28
08/13/2015,32.23,32.25,31.3,31.43
08/14/2015,31.02,31.07,29.85,29.87
08/17/2015,30.67,30.91,30.33,30.37
08/18/2015,30.47,31.02,30.47,30.99
08/19/2015,32.4,33.29,32.4,32.67
08/20/2015,35.16,36.33,34.81,36.33
08/21/2015,49.53,49.53,37.61,40.51
08/24/2015,55.37,60.57,48.87,58.4
08/25/2015,49.07,53.03,44.94,53.03
08/26/2015,49.4,51.04,46.96,47.13
08/27/2015,44.14,44.26,39.06,41.8
08/28/2015,44.15,45.98,43.14,45.85
08/31/2015,46.8,47.03,44.99,45.58
09/01/2015,48.78,54.24,48.66,53.69
09/02/2015,52.14,52.69,49.17,49.23
09/03/2015,47.41,47.82,45.57,47.36
09/04/2015,53.86,57.77,53.3,55.47
09/08/2015,50.36,50.78,48.96,48.96
09/09/2015,45.59,46.98,45.41,46.86
09/10/2015,48.52,49.13,48.38,49.02
09/11/2015,49.51,49.51,47.63,47.71
09/14/2015,50.19,50.2,47.44,47.48
09/15/2015,47.32,47.69,45.24,45.72
09/16/2015,43.61,43.86,41.84,42.51
09/17/2015,42.97,48.67,38.46,39.17
09/18/2015,41.29,41.84,40.35,40.85
09/21/2015,41.12,41.43,37.7,37.84
09/22/2015,40.76,40.78,39.89,39.91
09/23/2015,41.32,41.88,40.4,40.64
09/24/2015,42.19,43.1,41.25,41.41
09/25/2015,39.62,40.57,38.88,40.34
09/28/2015,42.63,43.86,42.53,43.47
09/29/2015,43.91,43.98,42.76,42.84
09/30/2015,41.23,41.28,39.62,40.24
10/01/2015,39.15,39.98,38.69,38.96
10/02/2015,39.93,40.17,37.26,37.79
10/05/2015,37.14,37.4,36.33,36.58
10/06/2015,37.63,37.7,36.24,36.34
10/07/2015,35.08,36.18,35.02,35.56
10/08/2015,36.59,36.8,33.85,34.9
10/09/2015,34.61,34.68,34.02,34.11
10/12/2015,35.62,35.62,32.65,32.77
10/13/2015,33.66,33.66,32.55,32.81
10/14/2015,33.05,33.54,32.65,33.53
10/15/2015,32.44,32.95,32.13,32.23
10/16/2015,32.66,33.57,31.99,32
10/19/2015,32.77,32.86,31.25,31.5
10/20/2015,31.53,31.67,31.22,31.24
10/21/2015,30.97,31.49,30.9,31.15
10/22/2015,31.09,31.22,30.18,30.43
10/23/2015,29.78,30.36,29.65,30.31
10/26/2015,32.38,32.47,31.07,31.27
10/27/2015,32.37,32.37,31.34,31.38
10/28/2015,31.76,32,29.14,31.44
10/29/2015,32.43,32.49,31.52,31.62
10/30/2015,31.39,31.39,29.61,29.65
11/02/2015,31.04,31.17,29.24,29.28
11/03/2015,29.95,29.95,28.14,28.72
11/04/2015,28.49,29.1,28.47,28.92
11/05/2015,29.5,29.71,28.94,29.51
11/06/2015,29.6,29.6,28.44,28.47
11/09/2015,30.61,30.61,29.89,30.48
11/10/2015,30.95,30.95,29.66,29.94
11/11/2015,29.31,29.38,28.85,28.92
11/12/2015,29.35,29.7,28.72,29.43
11/13/2015,30.57,31.26,29.92,31.01
11/16/2015,32.31,32.92,30.93,31.11
11/17/2015,31.13,31.34,29.47,30.22
11/18/2015,30.63,30.64,28.15,29.08
11/19/2015,29.11,29.52,28.82,28.99
11/20/2015,28.51,29.29,28.49,28.67
11/23/2015,30.03,30.73,27.29,27.52
11/24/2015,29.18,29.28,27.16,27.67
11/25/2015,27.8,27.92,26.87,26.91
11/27/2015,28.02,28.12,27.34,27.56
11/30/2015,28.8,29.75,28.42,29.42
12/01/2015,28.28,29.16,28.1,28.57
12/02/2015,27.92,29,27.87,28.83
12/03/2015,27.82,28.67,27.79,28.56
12/04/2015,28.8,28.94,27.22,27.39
12/07/2015,28.12,28.14,27.64,27.99
12/08/2015,29.07,29.75,28.42,29.6
12/09/2015,29.28,29.91,28.86,29.5
12/10/2015,29.89,31.11,29.52,30.87
12/11/2015,32.01,36.42,31.9,36.42
12/14/2015,37.5,37.71,34.21,35.26
12/15/2015,33.99,35.2,32.12,32.49
12/16/2015,31.11,32.26,29.46,30.12
12/17/2015,29.17,29.54,27.86,28.72
12/18/2015,29.89,30.06,27.45,28.9
12/21/2015,29.67,29.96,27.77,28.02
12/22/2015,28.66,28.7,26.63,27.25
12/23/2015,26.21,26.95,25.78,25.87
12/24/2015,26.73,26.79,25.61,25.75
12/28/2015,28.62,28.63,26.97,27.69
12/29/2015,27.58,27.58,26.71,26.73
12/30/2015,27.13,27.54,26.44,26.6
12/31/2015,27.61,27.76,26.72,27.02
01/04/2016,31.34,33.18,31.34,32.07
01/05/2016,32.63,32.96,31.4,31.52
01/06/2016,33.53,33.83,33.13,33.36
01/07/2016,36.68,44,36.67,43.85
01/08/2016,41.51,43.62,39.18,43.54
01/11/2016,44.63,44.66,41.32,41.43
01/12/2016,41.47,41.47,39.36,39.64
01/13/2016,39.48,41.33,38.36,40.58
01/14/2016,40.64,41.5,36.98,37.76
01/15/2016,45.16,46.42,42.41,43.27
01/19/2016,41.64,41.64,38.04,39.62
01/20/2016,43,47.02,42.08,43.36
01/21/2016,44.3,45.74,42.41,43.26
01/22/2016,41.36,41.36,38.55,38.71
01/25/2016,41.7,41.75,39.01,40.53
01/26/2016,41.9,41.96,39.97,39.98
01/27/2016,41.2,41.2,38.32,39.24
01/28/2016,38.5,39.16,37.8,38.14
01/29/2016,37.08,37.2,34.21,34.52
02/01/2016,37.76,37.76,35.61,35.61
02/02/2016,36.6,38.33,35.72,38.31
02/03/2016,38.64,40.45,37.65,37.77
02/04/2016,38.07,38.6,37.4,38.13
02/05/2016,37.56,39.86,37.52,39.69
02/08/2016,42.11,44.55,41.42,43.09
02/09/2016,45.57,46.4,44.56,46.2
02/10/2016,44.92,45.36,41.49,43.48
02/11/2016,47.06,47.86,46.03,46.73
02/12/2016,46.49,46.6,44.41,44.89
02/16/2016,43.6,43.61,40.99,40.99
02/17/2016,41.1,41.16,38.67,39.02
02/18/2016,39.07,39.07,38.15,38.6
02/19/2016,39.12,39.14,37.03,37.23
02/22/2016,37.24,37.24,34.01,34.39
02/23/2016,36.01,36.04,35.4,35.89
02/24/2016,37.98,38.83,37.26,37.49
02/25/2016,38.84,39.42,38.84,38.9
02/26/2016,37.94,38.1,37.05,37.35
02/29/2016,38.68,38.68,37.27,37.58
03/01/2016,35.98,36.6,34.29,34.39
03/02/2016,34.03,34.16,32.53,32.53
03/03/2016,33.18,33.22,32.13,32.18
03/04/2016,31.87,32.37,31.02,32.28
03/07/2016,34.41,34.41,32.35,32.56
03/08/2016,33.79,33.94,32.85,33.36
03/09/2016,33.85,33.88,33,33.26
03/10/2016,33.01,33.22,32.19,32.19
03/11/2016,31,31.25,30.19,30.63
03/14/2016,31.83,31.83,29.94,30.1
03/15/2016,31.05,31.06,29.86,29.91
03/16/2016,31.16,31.16,25.98,28.78
03/17/2016,29.28,29.44,27.99,28.22
03/18/2016,28.04,28.04,27.36,27.49
03/21/2016,28.36,28.42,27.14,27.32
03/22/2016,28.68,28.68,27.32,27.67
03/23/2016,28.44,28.44,27.34,28.17
03/24/2016,29.48,29.57,28.59,28.62
03/28/2016,30.81,30.91,29.15,29.3
03/29/2016,30.37,30.37,28.73,28.99
03/30/2016,28.65,28.65,28.21,28.34
03/31/2016,28.35,28.67,27.72,28.42
04/01/2016,28.67,30.69,28.67,29.31
04/04/2016,30.67,30.71,29.52,29.71
04/05/2016,30.95,31.18,30.56,30.72
04/06/2016,31.03,31.03,29.47,29.7
04/07/2016,30.62,31.05,29.51,31.02
04/08/2016,29.42,29.58,28.99,29.47
04/11/2016,29.12,29.22,28.16,28.9
04/12/2016,29.46,29.49,27.42,27.84
04/13/2016,27.2,28.5,27,28.08
04/14/2016,29.09,29.1,27.6,27.74
04/15/2016,27.61,28.23,26.91,27.57
04/18/2016,28.93,28.93,26.83,26.97
04/19/2016,27.34,27.78,26.31,26.42
04/20/2016,27.36,27.79,26.88,27.63
04/21/2016,28.34,28.42,27.63,27.93
04/22/2016,28.25,28.26,27.25,27.47
04/25/2016,29.13,29.21,28,28.12
04/26/2016,28.43,28.43,26.96,27.17
04/27/2016,27.78,28.05,26.61,26.82
04/28/2016,27.94,27.94,26.58,27.56
04/29/2016,28.76,29.35,27.27,28.94
05/02/2016,30.18,30.18,29.2,29.31
05/03/2016,30.43,30.6,29.22,30.24
05/04/2016,31.04,31.08,30.1,30.48
05/05/2016,30.73,30.77,29.45,29.76
05/06/2016,30.56,30.57,28.92,29.3
05/09/2016,30.84,30.84,29.55,30.66
05/10/2016,30.19,30.34,27.6,27.91
05/11/2016,28.76,28.76,27.04,27.46
05/12/2016,27.65,27.65,26.67,27.2
05/13/2016,27.78,28.97,27.56,28.81
05/16/2016,29.45,29.45,27.44,27.86
05/17/2016,28.96,29.13,27.79,28.81
05/18/2016,28.79,29.99,27.99,29.76
05/19/2016,30.05,30.41,29.14,29.2
05/20/2016,28.82,28.94,27.3,28.36
05/23/2016,29.2,29.26,27.68,27.9
05/24/2016,28.08,28.09,25.76,26.73
05/25/2016,26.51,26.72,25.79,25.79
05/26/2016,26.39,26.4,25.38,25.45
05/27/2016,25.46,25.54,25.02,25.04
05/31/2016,26.18,27.27,26,27.23
06/01/2016,28.5,28.5,27.58,27.74
06/02/2016,28.69,28.69,26.58,26.58
06/03/2016,27.39,27.39,26,26.22
06/06/2016,26.81,27.19,25.88,26.52
06/07/2016,26.63,27.18,25.82,26.87
06/08/2016,27.13,27.14,25.89,25.95
06/09/2016,26.76,26.78,25.25,25.4
06/10/2016,27.73,29.27,26.59,28.51
06/13/2016,31.15,33.1,30.33,32.96
06/14/2016,34.37,35.63,32.82,34.23
06/15/2016,33.74,33.75,31.17,32.29
06/16/2016,32.78,33.83,31.22,31.34
06/17/2016,32.71,32.73,30.8,31.1
06/20/2016,30.45,30.65,28.16,28.86
06/21/2016,27.76,29.32,27.76,29.07
06/22/2016,29.42,30.99,28.96,30.91
06/23/2016,27.89,29.03,26.77,27.93
06/24/2016,28.63,32.5,28.52,32.05
06/27/2016,33.38,33.81,31.61,31.79
06/28/2016,29.82,29.88,27.92,27.95
06/29/2016,27.42,27.47,26.41,26.96
06/30/2016,26.21,27.02,25.76,26.12
07/01/2016,26.64,26.71,25.58,25.68
07/05/2016,27.87,27.87,27.07,27.22
07/06/2016,28.51,29.08,27.49,27.5
07/07/2016,27.44,27.54,26.61,26.91
07/08/2016,26.16,26.23,24.97,25.36
07/11/2016,25.08,26.08,24.18,25.96
07/12/2016,24.51,26.14,24.51,26.08
07/13/2016,25.77,26.07,24.92,25.16
07/14/2016,24.67,24.97,23.91,24.02
07/15/2016,23.8,23.9,21.94,22.25
07/18/2016,24.17,24.35,22.88,22.99
07/19/2016,24.36,24.37,23.32,23.65
07/20/2016,23.71,23.85,23.14,23.4
07/21/2016,23.59,23.9,23.29,23.49
07/22/2016,23.39,23.39,22.28,22.73
07/25/2016,23.61,23.66,22.66,23.04
07/26/2016,22.51,23.55,22.5,23.26
07/27/2016,23.23,23.68,22.48,22.73
07/28/2016,23.04,23.09,22.17,22.28
07/29/2016,22.42,22.45,21.12,21.44
08/01/2016,21.58,22.12,21.58,21.74
08/02/2016,21.92,24.09,21.85,23.52
08/03/2016,23.21,23.31,22.68,22.88
08/04/2016,22.62,22.87,22.24,22.49
08/05/2016,21.55,21.6,21.09,21.6
08/08/2016,21.62,21.85,21.36,21.65
08/09/2016,21.4,21.42,20.42,20.68
08/10/2016,20.81,21.22,20.39,21.01
08/11/2016,20.67,21.45,20.36,21.43
08/12/2016,21.05,21.26,20.5,20.89
08/15/2016,21.61,23.37,20.69,21.96
08/16/2016,23.34,23.5,22.45,23.24
08/17/2016,24.06,24.12,22.41,23
08/18/2016,22.78,23.33,22.07,22.14
08/19/2016,21.88,22.88,21.64,21.68
08/22/2016,22.69,23.04,21.77,21.9
08/23/2016,21.66,21.78,21.31,21.7
08/24/2016,21.88,23.07,21.57,22.86
08/25/2016,22.29,22.96,22.28,22.82
08/26/2016,22.27,23.14,20.97,21.94
08/29/2016,22.48,22.48,21.43,21.58
08/30/2016,21.49,22.25,21.03,21.94
08/31/2016,21.44,22.73,21.44,22.36
09/01/2016,21.75,22.75,21.71,22.28
09/02/2016,21.87,21.87,21.16,21.32
09/06/2016,22.29,22.3,21.28,21.58
09/07/2016,21.73,21.77,21.24,21.28
09/08/2016,21.41,22.22,21.37,21.92
09/09/2016,21.91,25.25,21.91,25.02
09/12/2016,24.73,24.79,23,23.09
09/13/2016,25.94,26.99,24.36,25.83
09/14/2016,25.93,25.94,24.17,25.1
09/15/2016,25.42,25.43,23.89,24.22
09/16/2016,24.44,25.27,23.69,23.83
09/19/2016,24.77,24.77,23.89,24.18
09/20/2016,23.97,24.55,23.82,24.06
09/21/2016,23.82,24.38,21.87,22.31
09/22/2016,22.43,23.5,22.23,22.4
09/23/2016,22.79,23.24,22.25,22.56
09/26/2016,24.33,24.89,24.03,24.45
09/27/2016,24.5,24.5,22.99,23.08
09/28/2016,22.84,23.35,22.34,22.53
09/29/2016,22.77,24.34,22.42,24.25
09/30/2016,23.75,24.48,22.47,23.07
10/03/2016,24.1,24.11,23.14,23.34
10/04/2016,23.38,24.17,23.31,23.95
10/05/2016,23.14,24.22,23.13,24.18
10/06/2016,23.62,24.61,23.62,24.1
10/07/2016,23.76,24.74,23.7,24.51
10/10/2016,24.86,25,24.53,24.81
10/11/2016,24.89,26.69,24.89,25.95
10/12/2016,26.59,26.63,24.51,24.66
10/13/2016,25.76,26.78,25.59,26.17
10/14/2016,25.19,25.19,24.44,24.64
10/17/2016,25.77,25.91,24.95,25.12
10/18/2016,24.71,25.26,24.49,24.68
10/19/2016,24.8,24.8,23.97,24.34
10/20/2016,24.29,24.48,23.61,23.77
10/21/2016,23.81,23.82,22.55,22.58
10/24/2016,23.16,23.17,22.46,22.61
10/25/2016,22.75,22.9,22.18,22.47
10/26/2016,23.11,23.73,22.95,23.12
10/27/2016,23.45,23.85,23.11,23.57
10/28/2016,24.04,24.89,23.1,24.82
10/31/2016,25.3,25.62,24.95,25.55
11/01/2016,25.16,27.35,24.85,26.37
11/02/2016,27.19,27.34,26.21,26.68
11/03/2016,26.43,27.98,26.37,27.81
11/04/2016,28.54,29.1,28.14,29.1
11/07/2016,28.02,28.05,26.13,26.7
11/08/2016,27.72,28.05,25.7,27.08
11/09/2016,26.38,27.44,25.1,25.33
11/10/2016,25.03,26.71,24.77,26.06
11/11/2016,26.36,27.9,25.89,26.08
11/14/2016,27.33,27.63,26.15,26.35
11/15/2016,25.38,26.02,24.34,24.45
11/16/2016,24.18,25,23.68,24.1
11/17/2016,23.91,23.93,22.91,23
11/18/2016,22.75,23.24,21.43,21.58
11/21/2016,21.44,21.63,20.95,21.11
11/22/2016,20.48,21.67,20.46,21.08
11/23/2016,21.01,21.61,20.92,21.13
11/25/2016,20.92,21.6,20.71,21.59
11/28/2016,21.85,23.37,21.83,23.35
11/29/2016,23.09,23.81,22.66,23.62
11/30/2016,23.15,23.67,22.99,23.35
12/01/2016,22.62,23.99,22.57,23.8
12/02/2016,24.01,24.15,23.64,23.88
12/05/2016,24.18,24.19,21.97,22.22
12/06/2016,21.15,22.65,20.96,21.18
12/07/2016,20.07,20.92,19.82,20.88
12/08/2016,20.54,21.72,20.09,21.46
12/09/2016,21.37,21.86,20.85,20.94
12/12/2016,21.87,23.82,21.48,23.29
12/13/2016,22.02,22.53,21.21,22.42
12/14/2016,21.62,24.52,20.3,23.76
12/15/2016,22.61,24.5,22.11,24.15
12/16/2016,23.22,25.18,22.97,24.42
12/19/2016,22.52,23.24,22.08,22.98
12/20/2016,23.66,23.66,22.73,23.06
12/21/2016,23.05,23.17,22.01,22.07
12/22/2016,23.18,23.58,22.96,23.36
12/23/2016,23.86,23.92,22.54,22.91
12/27/2016,24.83,24.85,23.21,23.55
12/28/2016,23.2,24.61,22.76,24.59
12/29/2016,24.16,24.36,23.75,24.13
12/30/2016,23.67,24.7,23.64,24.61
01/03/2017,24.88,24.89,22.86,23.08
01/04/2017,22.9,22.91,21.61,21.97
01/05/2017,21.18,21.49,20.75,20.77
01/06/2017,21,21.56,20.41,20.57
01/09/2017,21.46,21.48,20.39,20.44
01/10/2017,20.49,20.93,19.74,20.9
01/11/2017,20.76,21.22,20.62,20.85
01/12/2017,20.23,21.04,20.23,20.45
01/13/2017,20.22,20.31,19.24,19.47
01/17/2017,20.38,20.78,19.5,19.7
01/18/2017,20.04,20.27,19.45,19.61
01/19/2017,19.65,20.2,19.14,19.59
01/20/2017,20.08,20.09,18.29,18.45
01/23/2017,19.89,19.89,18.31,18.78
01/24/2017,18.47,18.81,18,18.26
01/25/2017,18.28,18.28,17.06,17.09
01/26/2017,16.97,17.6,16.62,17.29
01/27/2017,17.47,17.5,16.74,16.79
01/30/2017,17.83,18.84,17.48,18.5
01/31/2017,18.25,19.3,18.17,19.17
02/01/2017,18.75,19.16,18.5,18.75
02/02/2017,18.8,18.94,18.04,18.24
02/03/2017,18.01,18.37,17.75,17.82
02/06/2017,18.33,18.72,18.1,18.3
02/07/2017,18.33,18.34,17.9,17.97
02/08/2017,17.67,19.4,17.67,18.61
02/09/2017,18.24,19.28,17.81,19.04
02/10/2017,18.66,19.24,18.55,19.24
02/13/2017,19.03,20.14,18.98,19.15
02/14/2017,19.5,19.53,18.25,19.02
02/15/2017,18.74,20.2,18.74,19.92
02/16/2017,19.85,20.09,19.27,19.3
02/17/2017,19.71,19.74,18.4,18.48
