,close,return
2010-01-05 00:00:00.005,1106.1245,
2010-01-06 00:00:00.005,1106.1572,2.95626758111e-05
2010-01-07 00:00:00.005,1106.1945,3.37203428229e-05
2010-01-08 00:00:00.005,1106.2375,3.8872006686e-05
2010-01-11 00:00:00.005,1106.3348,8.79557961109e-05
2010-01-12 00:00:00.005,1106.3769,3.80535801638e-05
2010-01-13 00:00:00.005,1106.4147,3.4165572329e-05
2010-01-14 00:00:00.005,1106.4498,3.17240904337e-05
2010-01-15 00:00:00.005,1106.49,3.63324210459e-05
2010-01-18 00:00:00.005,1106.5934,9.34486529476e-05
2010-01-19 00:00:00.005,1106.6273,3.06345582759e-05
2010-01-20 00:00:00.005,1106.6709,3.93989918737e-05
2010-01-21 00:00:00.005,1106.7053,3.1084218443e-05
2010-01-22 00:00:00.005,1106.7653,5.42149748446e-05
2010-01-25 00:00:00.005,1106.8736,9.78527245117e-05
2010-01-26 00:00:00.005,1106.9241,4.56239989823e-05
2010-01-27 00:00:00.005,1106.9875,5.72758330946e-05
2010-01-28 00:00:00.005,1107.0501,5.65498707077e-05
2010-01-29 00:00:00.005,1107.0906,3.65837101681e-05
2010-02-01 00:00:00.005,1107.2094,0.000107308290758
2010-02-02 00:00:00.005,1107.2609,4.65133334309e-05
2010-02-03 00:00:00.005,1107.308,4.25374001738e-05
2010-02-04 00:00:00.005,1107.3583,4.5425482341e-05
2010-02-05 00:00:00.005,1107.4032,4.05469485349e-05
2010-02-08 00:00:00.005,1107.513,9.91508783792e-05
2010-02-09 00:00:00.005,1107.5528,3.5936372756e-05
2010-02-10 00:00:00.005,1107.5973,4.01786713915e-05
2010-02-11 00:00:00.005,1107.6387,3.73782059599e-05
2010-02-12 00:00:00.005,1107.6773,3.48489087643e-05
2010-02-22 00:00:00.005,1108.0444,0.000331414212424
2010-02-23 00:00:00.005,1108.0997,4.9907747379e-05
2010-02-24 00:00:00.005,1108.1369,3.35709864374e-05
2010-02-25 00:00:00.005,1108.1892,4.71963346766e-05
2010-02-26 00:00:00.005,1108.235,4.13286828638e-05
2010-03-01 00:00:00.005,1108.3453,9.95276272633e-05
2010-03-02 00:00:00.005,1108.3955,4.52927440575e-05
2010-03-03 00:00:00.005,1108.4396,3.97872420086e-05
2010-03-04 00:00:00.005,1108.4835,3.96052252194e-05
2010-03-05 00:00:00.005,1108.5365,4.78130707402e-05
2010-03-08 00:00:00.005,1108.6496,0.000102026410497
2010-03-09 00:00:00.005,1108.7046,4.96099037965e-05
2010-03-10 00:00:00.005,1108.775,6.34975267533e-05
2010-03-11 00:00:00.005,1108.85,6.76422177628e-05
2010-03-12 00:00:00.005,1108.8914,3.73359787167e-05
2010-03-15 00:00:00.005,1108.9978,9.59516865224e-05
2010-03-16 00:00:00.005,1109.0472,4.45447231725e-05
2010-03-17 00:00:00.005,1109.0932,4.14770444397e-05
2010-03-18 00:00:00.005,1109.1444,4.61638390714e-05
2010-03-19 00:00:00.005,1109.1953,4.58912293118e-05
2010-03-22 00:00:00.005,1109.3079,0.000101515035269
2010-03-23 00:00:00.005,1109.3748,6.03078730441e-05
2010-03-24 00:00:00.005,1109.4314,5.10197275077e-05
2010-03-25 00:00:00.005,1109.4876,5.06565795777e-05
2010-03-26 00:00:00.005,1109.5615,6.66073239575e-05
2010-03-29 00:00:00.005,1109.7436,0.000164118888408
2010-03-30 00:00:00.005,1109.8448,9.1192235756e-05
2010-03-31 00:00:00.005,1109.9163,6.44234220857e-05
2010-04-01 00:00:00.005,1109.9839,6.09054935041e-05
2010-04-02 00:00:00.005,1110.0266,3.84690264426e-05
2010-04-06 00:00:00.005,1110.2131,0.000168013991737
2010-04-07 00:00:00.005,1110.2688,5.01705483389e-05
2010-04-08 00:00:00.005,1110.336,6.05258834616e-05
2010-04-09 00:00:00.005,1110.3839,4.314009453e-05
2010-04-12 00:00:00.005,1110.5088,0.000112483619404
2010-04-13 00:00:00.005,1110.5557,4.22328936067e-05
2010-04-14 00:00:00.005,1110.6154,5.37568714474e-05
2010-04-15 00:00:00.005,1110.6693,4.85316519112e-05
2010-04-16 00:00:00.005,1110.716,4.20467190367e-05
2010-04-19 00:00:00.005,1110.8308,0.000103356753662
2010-04-20 00:00:00.005,1110.8796,4.39310829337e-05
2010-04-21 00:00:00.005,1110.9394,5.38312162721e-05
2010-04-22 00:00:00.005,1110.984,4.01462041943e-05
2010-04-23 00:00:00.005,1111.0323,4.34749735372e-05
2010-04-26 00:00:00.005,1111.1674,0.000121598624991
2010-04-27 00:00:00.005,1111.2365,6.21868496142e-05
2010-04-28 00:00:00.005,1111.2946,5.22840997392e-05
2010-04-29 00:00:00.005,1111.3455,4.58024361856e-05
2010-04-30 00:00:00.005,1111.3946,4.41806800857e-05
2010-05-04 00:00:00.005,1111.5618,0.000150441616326
2010-05-05 00:00:00.005,1111.635,6.58532885891e-05
2010-05-06 00:00:00.005,1111.6829,4.30896832144e-05
2010-05-07 00:00:00.005,1111.7419,5.30726882639e-05
2010-05-10 00:00:00.005,1111.8874,0.000130875700556
2010-05-11 00:00:00.005,1111.9399,4.72170113628e-05
2010-05-12 00:00:00.005,1112.0003,5.43194825546e-05
2010-05-13 00:00:00.005,1112.0551,4.92805622445e-05
2010-05-14 00:00:00.005,1112.1138,5.27851542609e-05
2010-05-17 00:00:00.005,1112.2326,0.000106823600247
2010-05-18 00:00:00.005,1112.2719,3.53343356416e-05
2010-05-19 00:00:00.005,1112.3227,4.56722857063e-05
2010-05-20 00:00:00.005,1112.3668,3.96467679749e-05
2010-05-21 00:00:00.005,1112.4212,4.89047317844e-05
2010-05-24 00:00:00.005,1112.5688,0.000132683555473
2010-05-25 00:00:00.005,1112.6165,4.2873753066e-05
2010-05-26 00:00:00.005,1112.6615,4.04452028169e-05
2010-05-27 00:00:00.005,1112.8065,0.000130318160555
2010-05-28 00:00:00.005,1112.8515,4.04382972243e-05
2010-05-31 00:00:00.005,1112.9857,0.000120591112112
2010-06-01 00:00:00.005,1113.0477,5.57060167081e-05
2010-06-02 00:00:00.005,1113.0931,4.07889077889e-05
2010-06-03 00:00:00.005,1113.1532,5.39936866017e-05
2010-06-04 00:00:00.005,1113.2011,4.30309143431e-05
2010-06-07 00:00:00.005,1113.3412,0.000125853271255
2010-06-08 00:00:00.005,1113.3891,4.30236480964e-05
2010-06-09 00:00:00.005,1113.4375,4.34708764436e-05
2010-06-10 00:00:00.005,1113.485,4.26606792028e-05
2010-06-11 00:00:00.005,1113.5294,3.98748074739e-05
2010-06-17 00:00:00.005,1113.7947,0.000238251455238
2010-06-18 00:00:00.005,1113.84,4.0671768325e-05
2010-06-21 00:00:00.005,1113.983,0.000128384687208
2010-06-22 00:00:00.005,1114.0457,5.62845213976e-05
2010-06-23 00:00:00.005,1114.0924,4.19192857171e-05
2010-06-24 00:00:00.005,1114.1459,4.8021151567e-05
2010-06-25 00:00:00.005,1114.1925,4.18257608812e-05
2010-06-28 00:00:00.005,1114.3508,0.000142075987767
2010-06-29 00:00:00.005,1114.4087,5.19585035521e-05
2010-06-30 00:00:00.005,1114.4662,5.15968692636e-05
2010-07-01 00:00:00.005,1114.5211,4.92612517093e-05
2010-07-02 00:00:00.005,1114.5719,4.55801150825e-05
2010-07-05 00:00:00.005,1114.7333,0.000144808962078
2010-07-06 00:00:00.005,1114.79,5.08641842851e-05
2010-07-07 00:00:00.005,1114.8489,5.28350631062e-05
2010-07-08 00:00:00.005,1114.9128,5.73171844185e-05
2010-07-09 00:00:00.005,1114.9672,4.87930535913e-05
2010-07-12 00:00:00.005,1115.1137,0.000131393999752
2010-07-13 00:00:00.005,1115.1788,5.83796970657e-05
2010-07-14 00:00:00.005,1115.2488,6.27702033074e-05
2010-07-15 00:00:00.005,1115.3023,4.79713584987e-05
2010-07-16 00:00:00.005,1115.3689,5.97147517762e-05
2010-07-19 00:00:00.005,1115.5208,0.00013618812574
2010-07-20 00:00:00.005,1115.5973,6.85778337794e-05
2010-07-21 00:00:00.005,1115.6543,5.10937055871e-05
2010-07-22 00:00:00.005,1115.722,6.06818796827e-05
2010-07-23 00:00:00.005,1115.7814,5.32390685135e-05
2010-07-26 00:00:00.005,1115.9283,0.000131656613025
2010-07-27 00:00:00.005,1115.9964,6.1025426096e-05
2010-07-28 00:00:00.005,1116.0632,5.9856823911e-05
2010-07-29 00:00:00.005,1116.1523,7.98341886015e-05
2010-07-30 00:00:00.005,1116.2252,6.53136673194e-05
2010-08-02 00:00:00.005,1116.3847,0.000142892312412
2010-08-03 00:00:00.005,1116.4416,5.09680937046e-05
2010-08-04 00:00:00.005,1116.4955,4.82783873335e-05
2010-08-05 00:00:00.005,1116.5497,4.85447545466e-05
2010-08-06 00:00:00.005,1116.6096,5.36474104109e-05
2010-08-09 00:00:00.005,1116.7636,0.000137917495963
2010-08-10 00:00:00.005,1116.8288,5.83829917093e-05
2010-08-11 00:00:00.005,1116.9036,6.69753502061e-05
2010-08-12 00:00:00.005,1116.9656,5.55106098681e-05
2010-08-13 00:00:00.005,1117.021,4.95986626625e-05
2010-08-16 00:00:00.005,1117.1668,0.000130525746606
2010-08-17 00:00:00.005,1117.2173,4.52036347662e-05
2010-08-18 00:00:00.005,1117.2758,5.23622396464e-05
2010-08-19 00:00:00.005,1117.337,5.4776090201e-05
2010-08-20 00:00:00.005,1117.4021,5.82635319515e-05
2010-08-23 00:00:00.005,1117.5673,0.000147842929595
2010-08-24 00:00:00.005,1117.6312,5.71777645966e-05
2010-08-25 00:00:00.005,1117.6948,5.6906070625e-05
2010-08-26 00:00:00.005,1117.7543,5.32345681488e-05
2010-08-27 00:00:00.005,1117.8291,6.69198946495e-05
2010-08-30 00:00:00.005,1118.0093,0.000161205321994
2010-08-31 00:00:00.005,1118.0847,6.74412994599e-05
2010-09-01 00:00:00.005,1118.1808,8.5950554551e-05
2010-09-02 00:00:00.005,1118.2433,5.58943598388e-05
2010-09-03 00:00:00.005,1118.3166,6.55492413861e-05
2010-09-06 00:00:00.005,1118.4953,0.000159793747137
2010-09-07 00:00:00.005,1118.5588,5.67727016823e-05
2010-09-08 00:00:00.005,1118.6248,5.90044975732e-05
2010-09-09 00:00:00.005,1118.6827,5.17599824357e-05
2010-09-10 00:00:00.005,1118.7584,6.76688751868e-05
2010-09-13 00:00:00.005,1118.9186,0.000143194455568
2010-09-14 00:00:00.005,1118.9921,6.56884245198e-05
2010-09-15 00:00:00.005,1119.0513,5.29047524107e-05
2010-09-16 00:00:00.005,1119.1064,4.92381359101e-05
2010-09-17 00:00:00.005,1119.1652,5.25419209469e-05
2010-09-20 00:00:00.005,1119.3305,0.000147699374498
2010-09-21 00:00:00.005,1119.3882,5.15486712818e-05
2010-09-27 00:00:00.005,1119.718,0.000294625224743
2010-09-28 00:00:00.005,1119.7921,6.61773768036e-05
2010-09-29 00:00:00.005,1119.8758,7.47460175867e-05
2010-09-30 00:00:00.005,1119.9426,5.96494718432e-05
2010-10-08 00:00:00.005,1120.3905,0.00039993121076
2010-10-11 00:00:00.005,1120.5974,0.000184667756465
2010-10-12 00:00:00.005,1120.6656,6.0860394643e-05
2010-10-13 00:00:00.005,1120.7723,9.52112744426e-05
2010-10-14 00:00:00.005,1120.8554,7.41453014139e-05
2010-10-15 00:00:00.005,1120.9235,6.07571681415e-05
2010-10-18 00:00:00.005,1121.086,0.000144969750389
2010-10-19 00:00:00.005,1121.1763,8.05468982754e-05
2010-10-20 00:00:00.005,1121.2496,6.53777644068e-05
2010-10-21 00:00:00.005,1121.3351,7.62542078052e-05
2010-10-22 00:00:00.005,1121.4394,9.30141221833e-05
2010-10-25 00:00:00.005,1121.6125,0.000154355197436
2010-10-26 00:00:00.005,1121.7355,0.000109663542444
2010-10-27 00:00:00.005,1121.8282,8.26398023419e-05
2010-10-28 00:00:00.005,1121.8959,6.03479213663e-05
2010-10-29 00:00:00.005,1121.985,7.94191332725e-05
2010-11-01 00:00:00.005,1122.1593,0.00015534967045
2010-11-02 00:00:00.005,1122.23,6.30035325644e-05
2010-11-03 00:00:00.005,1122.284,4.81184783869e-05
2010-11-04 00:00:00.005,1122.3418,5.15021153289e-05
2010-11-05 00:00:00.005,1122.3996,5.14994629979e-05
2010-11-08 00:00:00.005,1122.5635,0.000146026424101
2010-11-09 00:00:00.005,1122.6406,6.86820834634e-05
2010-11-10 00:00:00.005,1122.6938,4.73882736827e-05
2010-11-11 00:00:00.005,1122.7541,5.37101033249e-05
2010-11-12 00:00:00.005,1122.8292,6.68890899618e-05
2010-11-15 00:00:00.005,1123.0095,0.00016057651511
2010-11-16 00:00:00.005,1123.0709,5.46745152201e-05
2010-11-17 00:00:00.005,1123.121,4.46098282842e-05
2010-11-18 00:00:00.005,1123.1725,4.58543647566e-05
2010-11-19 00:00:00.005,1123.249,6.8110641954e-05
2010-11-22 00:00:00.005,1123.4061,0.000139862132083
2010-11-23 00:00:00.005,1123.4578,4.60207577651e-05
2010-11-24 00:00:00.005,1123.5121,4.83329235865e-05
2010-11-25 00:00:00.005,1123.5651,4.71735017362e-05
2010-11-26 00:00:00.005,1123.6242,5.260042342e-05
2010-11-29 00:00:00.005,1123.7895,0.000147113243022
2010-11-30 00:00:00.005,1123.8556,5.88188446324e-05
2010-12-01 00:00:00.005,1123.9204,5.76586529444e-05
2010-12-02 00:00:00.005,1123.9812,5.40963577136e-05
2010-12-03 00:00:00.005,1124.0404,5.2669920102e-05
2010-12-06 00:00:00.005,1124.2265,0.000165563444161
2010-12-07 00:00:00.005,1124.2906,5.70169801193e-05
2010-12-08 00:00:00.005,1124.3591,6.09273082954e-05
2010-12-09 00:00:00.005,1124.4233,5.70991954438e-05
2010-12-10 00:00:00.005,1124.4828,5.29160148142e-05
2010-12-13 00:00:00.005,1124.669,0.000165587237084
2010-12-14 00:00:00.005,1124.7347,5.84171876346e-05
2010-12-15 00:00:00.005,1124.7996,5.77024964199e-05
2010-12-16 00:00:00.005,1124.8672,6.00995946298e-05
2010-12-17 00:00:00.005,1124.9364,6.15183730135e-05
2010-12-20 00:00:00.005,1125.1589,0.000197788959447
2010-12-21 00:00:00.005,1125.2328,6.56796120087e-05
2010-12-22 00:00:00.005,1125.3168,7.46512188412e-05
2010-12-23 00:00:00.005,1125.4204,9.20629639583e-05
2010-12-24 00:00:00.005,1125.5072,7.71267341519e-05
2010-12-27 00:00:00.005,1125.7432,0.000209683243252
2010-12-28 00:00:00.005,1125.8221,7.00870322825e-05
2010-12-29 00:00:00.005,1125.906,7.45233194479e-05
2010-12-30 00:00:00.005,1125.9909,7.54059397499e-05
2010-12-31 00:00:00.005,1126.086,8.44589418973e-05
2011-01-04 00:00:00.005,1126.4443,0.000318181737452
2011-01-05 00:00:00.005,1126.5351,8.06076252504e-05
2011-01-06 00:00:00.005,1126.6427,9.55141122545e-05
2011-01-07 00:00:00.005,1126.7386,8.51201538872e-05
2011-01-10 00:00:00.005,1126.9798,0.000214069172743
2011-01-11 00:00:00.005,1127.0781,8.72242785539e-05
2011-01-12 00:00:00.005,1127.1777,8.83700960919e-05
2011-01-13 00:00:00.005,1127.2692,8.11761978612e-05
2011-01-14 00:00:00.005,1127.3574,7.82421803063e-05
2011-01-17 00:00:00.005,1127.5854,0.000202242873467
2011-01-18 00:00:00.005,1127.6639,6.96177868214e-05
2011-01-19 00:00:00.005,1127.7542,8.00770513272e-05
2011-01-20 00:00:00.005,1127.8403,7.63464237155e-05
2011-01-21 00:00:00.005,1127.9324,8.16604975011e-05
2011-01-24 00:00:00.005,1128.2096,0.000245759408986
2011-01-25 00:00:00.005,1128.3191,9.70564334855e-05
2011-01-26 00:00:00.005,1128.4272,9.58062307022e-05
2011-01-27 00:00:00.005,1128.5312,9.21636770186e-05
2011-01-28 00:00:00.005,1128.6415,9.77376611297e-05
2011-01-31 00:00:00.005,1128.9508,0.000274046275988
2011-02-01 00:00:00.005,1129.0616,9.81442238226e-05
2011-02-09 00:00:00.005,1129.9368,0.000775156997634
2011-02-10 00:00:00.005,1130.0441,9.49610633092e-05
2011-02-11 00:00:00.005,1130.1441,8.84921216791e-05
2011-02-14 00:00:00.005,1130.4486,0.000269434667667
2011-02-15 00:00:00.005,1130.5521,9.15565732047e-05
2011-02-16 00:00:00.005,1130.6642,9.91550942233e-05
2011-02-17 00:00:00.005,1130.7683,9.20697763316e-05
2011-02-18 00:00:00.005,1130.873,9.259191295e-05
2011-02-21 00:00:00.005,1131.1498,0.000244766653727
2011-02-22 00:00:00.005,1131.2567,9.45056083641e-05
2011-02-23 00:00:00.005,1131.3728,0.000102629226417
2011-02-24 00:00:00.005,1131.5011,0.000113402054566
2011-02-25 00:00:00.005,1131.6809,0.000158903955109
2011-02-28 00:00:00.005,1132.0065,0.000287713612556
2011-03-01 00:00:00.005,1132.1058,8.77203443621e-05
2011-03-02 00:00:00.005,1132.2011,8.41794115003e-05
2011-03-03 00:00:00.005,1132.2992,8.66453848172e-05
2011-03-04 00:00:00.005,1132.3881,7.8512817107e-05
2011-03-07 00:00:00.005,1132.654,0.000234813488414
2011-03-08 00:00:00.005,1132.7329,6.96594017238e-05
2011-03-09 00:00:00.005,1132.8178,7.49514735556e-05
2011-03-10 00:00:00.005,1132.9072,7.89182514611e-05
2011-03-11 00:00:00.005,1133.0094,9.02103896947e-05
2011-03-14 00:00:00.005,1133.2462,0.00020900091385
2011-03-15 00:00:00.005,1133.3311,7.49175245416e-05
2011-03-16 00:00:00.005,1133.4113,7.07648453306e-05
2011-03-17 00:00:00.005,1133.4939,7.2877339409e-05
2011-03-18 00:00:00.005,1133.5782,7.43718162046e-05
2011-03-21 00:00:00.005,1133.825,0.00021771766606
2011-03-22 00:00:00.005,1133.9167,8.08766784997e-05
2011-03-23 00:00:00.005,1134.0114,8.35158349817e-05
2011-03-24 00:00:00.005,1134.0985,7.68069880073e-05
2011-03-25 00:00:00.005,1134.1864,7.75064952472e-05
2011-03-28 00:00:00.005,1134.4485,0.000231090762506
2011-03-29 00:00:00.005,1134.6057,0.000138569534007
2011-03-30 00:00:00.005,1134.7668,0.000141987652627
2011-03-31 00:00:00.005,1134.9177,0.000132978864027
2011-04-01 00:00:00.005,1135.0047,7.66575408948e-05
2011-04-06 00:00:00.005,1135.4485,0.000391011596692
2011-04-07 00:00:00.005,1135.5367,7.7678556095e-05
2011-04-08 00:00:00.005,1135.6343,8.59505465565e-05
2011-04-11 00:00:00.005,1135.8875,0.000222959098717
2011-04-12 00:00:00.005,1135.9751,7.71203134113e-05
2011-04-13 00:00:00.005,1136.0574,7.24487711041e-05
2011-04-14 00:00:00.005,1136.1452,7.72848273336e-05
2011-04-15 00:00:00.005,1136.2394,8.29119376644e-05
2011-04-18 00:00:00.005,1136.4891,0.000219760025924
2011-04-19 00:00:00.005,1136.6004,9.79331873927e-05
2011-04-20 00:00:00.005,1136.6952,8.34066220636e-05
2011-04-21 00:00:00.005,1136.7892,8.26958713294e-05
2011-04-22 00:00:00.005,1136.8858,8.49761767618e-05
2011-04-25 00:00:00.005,1137.1435,0.000226671843381
2011-04-26 00:00:00.005,1137.2373,8.24873905536e-05
2011-04-27 00:00:00.005,1137.3512,0.000100154998434
2011-04-28 00:00:00.005,1137.458,9.39023935616e-05
2011-04-29 00:00:00.005,1137.5774,0.000104970908816
2011-05-03 00:00:00.005,1137.9497,0.00032727443425
2011-05-04 00:00:00.005,1138.0407,7.99683852459e-05
2011-05-05 00:00:00.005,1138.1347,8.2598100402e-05
2011-05-06 00:00:00.005,1138.2322,8.56664856979e-05
2011-05-09 00:00:00.005,1138.497,0.000232641459273
2011-05-10 00:00:00.005,1138.6049,9.47740749426e-05
2011-05-11 00:00:00.005,1138.7072,8.984679409e-05
2011-05-12 00:00:00.005,1138.7994,8.09690146861e-05
2011-05-13 00:00:00.005,1138.8984,8.69336601337e-05
2011-05-16 00:00:00.005,1139.1628,0.000232154158791
2011-05-17 00:00:00.005,1139.2714,9.53331692362e-05
2011-05-18 00:00:00.005,1139.3671,8.40010554113e-05
2011-05-19 00:00:00.005,1139.4708,9.10154418186e-05
2011-05-20 00:00:00.005,1139.5692,8.63558767805e-05
2011-05-23 00:00:00.005,1139.8456,0.000242547797887
2011-05-24 00:00:00.005,1139.9596,0.000100013545694
2011-05-25 00:00:00.005,1140.0562,8.47398451664e-05
2011-05-26 00:00:00.005,1140.1538,8.56098146742e-05
2011-05-27 00:00:00.005,1140.2595,9.27067909609e-05
2011-05-30 00:00:00.005,1140.5582,0.000261957913966
2011-05-31 00:00:00.005,1140.6899,0.000115469776115
2011-06-01 00:00:00.005,1140.8187,0.000112914123286
2011-06-02 00:00:00.005,1140.9152,8.45883749976e-05
2011-06-03 00:00:00.005,1141.0502,0.00011832605964
2011-06-07 00:00:00.005,1141.4446,0.000345646493029
2011-06-08 00:00:00.005,1141.5604,0.000101450390146
2011-06-09 00:00:00.005,1141.658,8.54970091813e-05
2011-06-10 00:00:00.005,1141.7571,8.6803578655e-05
2011-06-13 00:00:00.005,1142.0502,0.000256709592609
2011-06-14 00:00:00.005,1142.1471,8.48474086341e-05
2011-06-15 00:00:00.005,1142.2464,8.6941515677e-05
2011-06-16 00:00:00.005,1142.3445,8.58833960868e-05
2011-06-17 00:00:00.005,1142.4528,9.48050259795e-05
2011-06-20 00:00:00.005,1142.7676,0.000275547488701
2011-06-21 00:00:00.005,1142.8971,0.00011332137873
2011-06-22 00:00:00.005,1143.0012,9.10843154647e-05
2011-06-23 00:00:00.005,1143.0965,8.33769903306e-05
2011-06-24 00:00:00.005,1143.1982,8.89688665831e-05
2011-06-27 00:00:00.005,1143.5435,0.000302047361516
2011-06-28 00:00:00.005,1143.6629,0.000104412293892
2011-06-29 00:00:00.005,1143.7705,9.40836674863e-05
2011-06-30 00:00:00.005,1143.8972,0.000110773970827
2011-07-01 00:00:00.005,1144.0169,0.000104642270302
2011-07-04 00:00:00.005,1144.3721,0.00031048492378
2011-07-05 00:00:00.005,1144.4888,0.000101977320139
2011-07-06 00:00:00.005,1144.6037,0.000100394167247
2011-07-07 00:00:00.005,1144.7263,0.000107111308482
2011-07-08 00:00:00.005,1144.8413,0.000100460695277
2011-07-11 00:00:00.005,1145.1876,0.000302487340385
2011-07-12 00:00:00.005,1145.3071,0.000104349715278
2011-07-13 00:00:00.005,1145.4333,0.00011018878692
2011-07-14 00:00:00.005,1145.5619,0.000112271923647
2011-07-15 00:00:00.005,1145.6895,0.000111386386017
2011-07-18 00:00:00.005,1146.0359,0.000302350680529
2011-07-19 00:00:00.005,1146.1503,9.98223528599e-05
2011-07-20 00:00:00.005,1146.2666,0.000101470112602
2011-07-21 00:00:00.005,1146.3814,0.000100151221365
2011-07-22 00:00:00.005,1146.4971,0.000100926271135
2011-07-25 00:00:00.005,1146.8343,0.000294113260295
2011-07-26 00:00:00.005,1146.9484,9.94912691397e-05
2011-07-27 00:00:00.005,1147.0644,0.000101137941341
2011-07-28 00:00:00.005,1147.1757,9.70302975143e-05
2011-07-29 00:00:00.005,1147.2837,9.41442535785e-05
2011-08-01 00:00:00.005,1147.6338,0.000305155560042
2011-08-02 00:00:00.005,1147.7487,0.000100119044943
2011-08-03 00:00:00.005,1147.86,9.69724470172e-05
2011-08-04 00:00:00.005,1147.9702,9.6004739254e-05
2011-08-05 00:00:00.005,1148.0806,9.61697437791e-05
2011-08-08 00:00:00.005,1148.4252,0.000300153142558
2011-08-09 00:00:00.005,1148.5267,8.83818989692e-05
2011-08-10 00:00:00.005,1148.6313,9.10731983854e-05
2011-08-11 00:00:00.005,1148.7398,9.44602502126e-05
2011-08-12 00:00:00.005,1148.844,9.070809595e-05
2011-08-15 00:00:00.005,1149.1526,0.000268617845417
2011-08-16 00:00:00.005,1149.2528,8.71946858929e-05
2011-08-17 00:00:00.005,1149.3493,8.3967600514e-05
2011-08-18 00:00:00.005,1149.4547,9.17040624637e-05
2011-08-19 00:00:00.005,1149.5586,9.03906869927e-05
2011-08-22 00:00:00.005,1149.8815,0.000280890421767
2011-08-23 00:00:00.005,1149.9863,9.11398261474e-05
2011-08-24 00:00:00.005,1150.0916,9.15663082246e-05
2011-08-25 00:00:00.005,1150.1953,9.01667310675e-05
2011-08-26 00:00:00.005,1150.3192,0.000107720836626
2011-08-29 00:00:00.005,1150.6503,0.000287833151007
2011-08-30 00:00:00.005,1150.7556,9.15134685142e-05
2011-08-31 00:00:00.005,1150.8557,8.69863244637e-05
2011-09-01 00:00:00.005,1150.9582,8.90641633005e-05
2011-09-02 00:00:00.005,1151.0558,8.47989092914e-05
2011-09-05 00:00:00.005,1151.3831,0.000284347639793
2011-09-06 00:00:00.005,1151.4787,8.30305742718e-05
2011-09-07 00:00:00.005,1151.5772,8.55421815444e-05
2011-09-08 00:00:00.005,1151.6775,8.70979383754e-05
2011-09-09 00:00:00.005,1151.7723,8.23147104985e-05
2011-09-13 00:00:00.005,1152.2102,0.000380196676027
2011-09-14 00:00:00.005,1152.3046,8.19294951564e-05
2011-09-15 00:00:00.005,1152.3951,7.85382614978e-05
2011-09-16 00:00:00.005,1152.4873,8.00072822247e-05
2011-09-19 00:00:00.005,1152.8019,0.000272974808486
2011-09-20 00:00:00.005,1152.8935,7.94585782691e-05
2011-09-21 00:00:00.005,1152.9945,8.76056634893e-05
2011-09-22 00:00:00.005,1153.0927,8.51695302968e-05
2011-09-23 00:00:00.005,1153.1994,9.25337572599e-05
2011-09-26 00:00:00.005,1153.5209,0.00027878960048
2011-09-27 00:00:00.005,1153.6284,9.31929365129e-05
2011-09-28 00:00:00.005,1153.7477,0.000103412849406
2011-09-29 00:00:00.005,1153.8633,0.00010019521599
2011-09-30 00:00:00.005,1153.9893,0.000109198377312
2011-10-10 00:00:00.005,1155.2348,0.00107929943545
2011-10-11 00:00:00.005,1155.352,0.000101451237446
2011-10-12 00:00:00.005,1155.465,9.78056903869e-05
2011-10-13 00:00:00.005,1155.5781,9.78826706131e-05
2011-10-14 00:00:00.005,1155.6913,9.7959627307e-05
2011-10-17 00:00:00.005,1156.0384,0.000300339718747
2011-10-18 00:00:00.005,1156.1616,0.000106570854394
2011-10-19 00:00:00.005,1156.2864,0.000107943387845
2011-10-20 00:00:00.005,1156.4043,0.000101964357619
2011-10-21 00:00:00.005,1156.5353,0.000113282179943
2011-10-24 00:00:00.005,1156.8902,0.00030686482289
2011-10-25 00:00:00.005,1157.0311,0.000121792024861
2011-10-26 00:00:00.005,1157.1752,0.000124542892581
2011-10-27 00:00:00.005,1157.3265,0.000130749431893
2011-10-28 00:00:00.005,1157.4549,0.000110945355524
2011-10-31 00:00:00.005,1157.8265,0.000321049226194
2011-11-01 00:00:00.005,1158.0066,0.00015555007594
2011-11-02 00:00:00.005,1158.1441,0.000118738528779
2011-11-03 00:00:00.005,1158.2784,0.000115961390297
2011-11-04 00:00:00.005,1158.4273,0.00012855285914
2011-11-07 00:00:00.005,1158.8072,0.000327944619399
2011-11-08 00:00:00.005,1158.9434,0.000117534651148
2011-11-09 00:00:00.005,1159.093,0.000129083094136
2011-11-10 00:00:00.005,1159.2278,0.000116297829423
2011-11-11 00:00:00.005,1159.375,0.000126981081717
2011-11-14 00:00:00.005,1159.7674,0.000338458221024
2011-11-15 00:00:00.005,1159.9201,0.000131664332003
2011-11-16 00:00:00.005,1160.0681,0.000127594995552
2011-11-17 00:00:00.005,1160.2057,0.000118613726211
2011-11-18 00:00:00.005,1160.3399,0.000115669143842
2011-11-21 00:00:00.005,1160.7111,0.00031990626195
2011-11-22 00:00:00.005,1160.8526,0.000121908026898
2011-11-23 00:00:00.005,1160.9868,0.000115604685728
2011-11-24 00:00:00.005,1161.1269,0.000120673206621
2011-11-25 00:00:00.005,1161.2713,0.000124361945279
2011-11-28 00:00:00.005,1161.6689,0.000342383386208
2011-11-29 00:00:00.005,1161.8575,0.00016235262905
2011-11-30 00:00:00.005,1162.0072,0.00012884540488
2011-12-01 00:00:00.005,1162.1551,0.000127279762122
2011-12-02 00:00:00.005,1162.3182,0.000140342713292
2011-12-05 00:00:00.005,1162.7209,0.00034646278446
2011-12-06 00:00:00.005,1162.859,0.000118773129476
2011-12-07 00:00:00.005,1162.9908,0.00011334134233
2011-12-08 00:00:00.005,1163.1228,0.000113500467932
2011-12-09 00:00:00.005,1163.2516,0.000110736372806
2011-12-12 00:00:00.005,1163.6235,0.000319707275709
2011-12-13 00:00:00.005,1163.7664,0.000122806045082
2011-12-14 00:00:00.005,1163.8925,0.00010835507882
2011-12-15 00:00:00.005,1164.0175,0.000107398234803
2011-12-16 00:00:00.005,1164.143,0.000107816248467
2011-12-19 00:00:00.005,1164.5271,0.000329942283723
2011-12-20 00:00:00.005,1164.6587,0.000113007245602
2011-12-21 00:00:00.005,1164.7891,0.000111964131638
2011-12-22 00:00:00.005,1164.9193,0.000111779892171
2011-12-23 00:00:00.005,1165.0619,0.000122411912997
2011-12-26 00:00:00.005,1165.4422,0.000326420424529
2011-12-27 00:00:00.005,1165.5865,0.000123815664131
2011-12-28 00:00:00.005,1165.7478,0.000138385267846
2011-12-29 00:00:00.005,1165.8922,0.000123868987786
2011-12-30 00:00:00.005,1166.0481,0.000133717336817
2012-01-04 00:00:00.005,1166.7726,0.000621329428863
2012-01-05 00:00:00.005,1166.9696,0.00016884181202
2012-01-06 00:00:00.005,1167.1185,0.000127595440361
2012-01-09 00:00:00.005,1167.5058,0.000331842910553
2012-01-10 00:00:00.005,1167.633,0.000108950208213
2012-01-11 00:00:00.005,1167.7647,0.000112792290043
2012-01-12 00:00:00.005,1167.9129,0.000126909128183
2012-01-13 00:00:00.005,1168.0788,0.000142048264044
2012-01-16 00:00:00.005,1168.4901,0.000352116655143
2012-01-17 00:00:00.005,1168.641,0.000129141017113
2012-01-18 00:00:00.005,1168.7951,0.000131862565151
2012-01-19 00:00:00.005,1168.9434,0.000126882804351
2012-01-20 00:00:00.005,1169.0924,0.000127465538537
2012-01-30 00:00:00.005,1170.5754,0.00126850538076
2012-01-31 00:00:00.005,1170.7219,0.00012515212604
2012-02-01 00:00:00.005,1170.8822,0.000136924063691
2012-02-02 00:00:00.005,1171.0317,0.000127681503741
2012-02-03 00:00:00.005,1171.1711,0.000119040329993
2012-02-06 00:00:00.005,1171.5911,0.000358615406408
2012-02-07 00:00:00.005,1171.7897,0.000169513066461
2012-02-08 00:00:00.005,1171.9565,0.000142346361297
2012-02-09 00:00:00.005,1172.1233,0.000142326101694
2012-02-10 00:00:00.005,1172.2816,0.000135054051054
2012-02-13 00:00:00.005,1172.7072,0.000363052699966
2012-02-14 00:00:00.005,1172.8749,0.00014300244767
2012-02-15 00:00:00.005,1173.035,0.000136502196441
2012-02-16 00:00:00.005,1173.1925,0.00013426709348
2012-02-17 00:00:00.005,1173.3502,0.000134419543255
2012-02-20 00:00:00.005,1173.7831,0.000368943560073
2012-02-21 00:00:00.005,1173.9415,0.000134948271107
2012-02-22 00:00:00.005,1174.0918,0.000128030229786
2012-02-23 00:00:00.005,1174.2483,0.000133294517516
2012-02-24 00:00:00.005,1174.4198,0.000146050882083
2012-02-27 00:00:00.005,1174.8715,0.000384615450114
2012-02-28 00:00:00.005,1175.0607,0.000161038888083
2012-02-29 00:00:00.005,1175.2378,0.000150715618351
2012-03-01 00:00:00.005,1175.3911,0.000130441685929
2012-03-02 00:00:00.005,1175.5414,0.000127872331176
2012-03-05 00:00:00.005,1175.9642,0.000359664066276
2012-03-06 00:00:00.005,1176.1113,0.00012508884199
2012-03-07 00:00:00.005,1176.2609,0.000127198845892
2012-03-08 00:00:00.005,1176.3985,0.000116980850082
2012-03-09 00:00:00.005,1176.5348,0.00011586209945
2012-03-12 00:00:00.005,1176.934,0.000339301480925
2012-03-13 00:00:00.005,1177.0766,0.00012116227418
2012-03-14 00:00:00.005,1177.2165,0.000118853777231
2012-03-15 00:00:00.005,1177.36,0.000121897713802
2012-03-16 00:00:00.005,1177.4992,0.000118230617653
2012-03-19 00:00:00.005,1177.9091,0.000348110639905
2012-03-20 00:00:00.005,1178.0513,0.00012072238851
2012-03-21 00:00:00.005,1178.1875,0.000115614659565
2012-03-22 00:00:00.005,1178.3258,0.000117383693173
2012-03-23 00:00:00.005,1178.4566,0.000111004952959
2012-03-26 00:00:00.005,1178.8626,0.000344518415018
2012-03-27 00:00:00.005,1179.0282,0.000140474386074
2012-03-28 00:00:00.005,1179.2279,0.000169376779962
2012-03-29 00:00:00.005,1179.4085,0.000153151057569
2012-03-30 00:00:00.005,1179.5921,0.000155671253853
2012-04-05 00:00:00.005,1180.4692,0.000743562117786
2012-04-06 00:00:00.005,1180.6,0.000110803399191
2012-04-09 00:00:00.005,1180.9777,0.000319922073522
2012-04-10 00:00:00.005,1181.1249,0.000124642489016
2012-04-11 00:00:00.005,1181.2553,0.000110403226619
2012-04-12 00:00:00.005,1181.386,0.000110645006207
2012-04-13 00:00:00.005,1181.5115,0.000106231155609
2012-04-16 00:00:00.005,1181.8987,0.000327715811484
2012-04-17 00:00:00.005,1182.0322,0.000112953842829
2012-04-18 00:00:00.005,1182.173,0.000119116890386
2012-04-19 00:00:00.005,1182.304,0.000110812884409
2012-04-20 00:00:00.005,1182.4349,0.000110716025658
2012-04-23 00:00:00.005,1182.8312,0.000335155872006
2012-04-24 00:00:00.005,1182.9688,0.000116331053831
2012-04-25 00:00:00.005,1183.1063,0.000116232989408
2012-04-26 00:00:00.005,1183.2456,0.000117740899529
2012-04-27 00:00:00.005,1183.385,0.000117811551549
2012-05-02 00:00:00.005,1184.0373,0.00055121536947
2012-05-03 00:00:00.005,1184.1677,0.000110131665616
2012-05-04 00:00:00.005,1184.3047,0.000115693072865
2012-05-07 00:00:00.005,1184.6811,0.000317823614143
2012-05-08 00:00:00.005,1184.8059,0.00010534480545
2012-05-09 00:00:00.005,1184.9465,0.000118669226748
2012-05-10 00:00:00.005,1185.0734,0.000107093442615
2012-05-11 00:00:00.005,1185.2055,0.000111469888701
2012-05-14 00:00:00.005,1185.5732,0.000310241557266
2012-05-15 00:00:00.005,1185.7178,0.000121966319751
2012-05-16 00:00:00.005,1185.8706,0.000128867087936
2012-05-17 00:00:00.005,1185.9904,0.000101022826605
2012-05-18 00:00:00.005,1186.1256,0.000113997550065
2012-05-21 00:00:00.005,1186.48,0.000298787919256
2012-05-22 00:00:00.005,1186.6031,0.000103752275639
2012-05-23 00:00:00.005,1186.7426,0.000117562477293
2012-05-24 00:00:00.005,1186.8942,0.000127744634767
2012-05-25 00:00:00.005,1187.0349,0.000118544685786
2012-05-28 00:00:00.005,1187.4004,0.000307910070715
2012-05-29 00:00:00.005,1187.5418,0.000119083672197
2012-05-30 00:00:00.005,1187.7079,0.00013986876083
2012-05-31 00:00:00.005,1187.8575,0.000125956895631
2012-06-01 00:00:00.005,1188.0052,0.000124341514028
2012-06-04 00:00:00.005,1188.4011,0.000333247699589
2012-06-05 00:00:00.005,1188.5303,0.00010871750287
2012-06-06 00:00:00.005,1188.669,0.000116698749708
2012-06-07 00:00:00.005,1188.7935,0.000104738997988
2012-06-08 00:00:00.005,1188.9254,0.000110952827383
2012-06-11 00:00:00.005,1189.2802,0.000298420741957
2012-06-12 00:00:00.005,1189.4211,0.0001184750238
2012-06-13 00:00:00.005,1189.5549,0.000112491698693
2012-06-14 00:00:00.005,1189.6718,9.8272051168e-05
2012-06-15 00:00:00.005,1189.784,9.43117253012e-05
2012-06-18 00:00:00.005,1190.1129,0.000276436731373
2012-06-19 00:00:00.005,1190.2249,9.41087185928e-05
2012-06-20 00:00:00.005,1190.343,9.92249447984e-05
2012-06-21 00:00:00.005,1190.4941,0.000126938201846
2012-06-25 00:00:00.005,1190.949,0.000382110251534
2012-06-26 00:00:00.005,1191.1118,0.000136697709138
2012-06-27 00:00:00.005,1191.3189,0.000173871168097
2012-06-28 00:00:00.005,1191.6616,0.000287664369297
2012-06-29 00:00:00.005,1191.8519,0.000159692986667
2012-07-02 00:00:00.005,1192.2436,0.000328648215437
2012-07-03 00:00:00.005,1192.3655,0.000102244205798
2012-07-04 00:00:00.005,1192.4836,9.90468107303e-05
2012-07-05 00:00:00.005,1192.6247,0.000118324478425
2012-07-06 00:00:00.005,1192.7352,9.26527850715e-05
2012-07-09 00:00:00.005,1193.0544,0.000267620172524
2012-07-10 00:00:00.005,1193.1607,8.90990385685e-05
2012-07-11 00:00:00.005,1193.2725,9.37007060324e-05
2012-07-12 00:00:00.005,1193.3871,9.60384153661e-05
2012-07-13 00:00:00.005,1193.4947,9.01635353692e-05
2012-07-16 00:00:00.005,1193.8006,0.000256306123521
2012-07-17 00:00:00.005,1193.913,9.41530771554e-05
2012-07-18 00:00:00.005,1194.0281,9.64056845012e-05
2012-07-19 00:00:00.005,1194.1284,8.40013731671e-05
2012-07-20 00:00:00.005,1194.2301,8.51667207646e-05
2012-07-23 00:00:00.005,1194.5295,0.000250705454502
2012-07-24 00:00:00.005,1194.6403,9.27561855943e-05
2012-07-25 00:00:00.005,1194.7663,0.00010547107778
2012-07-26 00:00:00.005,1194.8729,8.92224696998e-05
2012-07-27 00:00:00.005,1194.9926,0.000100178018934
2012-07-30 00:00:00.005,1195.2937,0.000251968087501
2012-07-31 00:00:00.005,1195.4002,8.90994405811e-05
2012-08-01 00:00:00.005,1195.521,0.000101054023581
2012-08-02 00:00:00.005,1195.6179,8.10525285628e-05
2012-08-03 00:00:00.005,1195.7213,8.64824790596e-05
2012-08-06 00:00:00.005,1196.014,0.000244789483971
2012-08-07 00:00:00.005,1196.112,8.19388401809e-05
2012-08-08 00:00:00.005,1196.2197,9.00417352221e-05
2012-08-09 00:00:00.005,1196.3127,7.77449159213e-05
2012-08-10 00:00:00.005,1196.4145,8.50948084059e-05
2012-08-13 00:00:00.005,1196.7061,0.000243728239669
2012-08-14 00:00:00.005,1196.8113,8.79079667095e-05
2012-08-15 00:00:00.005,1196.9141,8.58949109186e-05
2012-08-16 00:00:00.005,1197.0127,8.23785098698e-05
2012-08-17 00:00:00.005,1197.1235,9.2563763108e-05
2012-08-20 00:00:00.005,1197.4139,0.000242581488042
2012-08-21 00:00:00.005,1197.5183,8.7187897184e-05
2012-08-22 00:00:00.005,1197.6231,8.75143202406e-05
2012-08-23 00:00:00.005,1197.7247,8.48347030047e-05
2012-08-24 00:00:00.005,1197.8268,8.52449648905e-05
2012-08-27 00:00:00.005,1198.1179,0.000243023448799
2012-08-28 00:00:00.005,1198.2181,8.36311685186e-05
2012-08-29 00:00:00.005,1198.3375,9.96479689299e-05
2012-08-30 00:00:00.005,1198.4359,8.21137617739e-05
2012-08-31 00:00:00.005,1198.5475,9.31213759534e-05
2012-09-03 00:00:00.005,1198.8605,0.00026114943296
2012-09-04 00:00:00.005,1198.9597,8.27452401677e-05
2012-09-05 00:00:00.005,1199.0725,9.4081560873e-05
2012-09-06 00:00:00.005,1199.176,8.6316715628e-05
2012-09-07 00:00:00.005,1199.2794,8.62258751009e-05
2012-09-10 00:00:00.005,1199.5722,0.00024414661004
2012-09-11 00:00:00.005,1199.6754,8.60306699337e-05
2012-09-12 00:00:00.005,1199.7711,7.97715782117e-05
2012-09-13 00:00:00.005,1199.8694,8.19322952521e-05
2012-09-14 00:00:00.005,1199.967,8.13421860746e-05
2012-09-17 00:00:00.005,1200.2559,0.000240756620807
2012-09-18 00:00:00.005,1200.3654,9.12305450862e-05
2012-09-19 00:00:00.005,1200.465,8.29747341935e-05
2012-09-20 00:00:00.005,1200.5682,8.59666879085e-05
2012-09-21 00:00:00.005,1200.6699,8.47098898673e-05
2012-09-24 00:00:00.005,1200.973,0.000252442407359
2012-09-25 00:00:00.005,1201.1084,0.000112741918428
2012-09-26 00:00:00.005,1201.2246,9.6743974149e-05
2012-09-27 00:00:00.005,1201.3653,0.000117130468357
2012-09-28 00:00:00.005,1201.4859,0.000100385786072
2012-10-08 00:00:00.005,1202.5657,0.000898720492683
2012-10-09 00:00:00.005,1202.6904,0.000103694958205
2012-10-10 00:00:00.005,1202.8031,9.37065765223e-05
2012-10-11 00:00:00.005,1202.9185,9.59425528584e-05
2012-10-12 00:00:00.005,1203.0469,0.000106740398456
2012-10-15 00:00:00.005,1203.3673,0.000266323781724
2012-10-16 00:00:00.005,1203.4908,0.000102628682033
2012-10-17 00:00:00.005,1203.5948,8.64152846038e-05
2012-10-18 00:00:00.005,1203.706,9.23898973308e-05
2012-10-19 00:00:00.005,1203.8183,9.32952066368e-05
2012-10-22 00:00:00.005,1204.1389,0.000266319260972
2012-10-23 00:00:00.005,1204.259,9.97393240929e-05
2012-10-24 00:00:00.005,1204.3853,0.00010487777131
2012-10-25 00:00:00.005,1204.5007,9.58165132039e-05
2012-10-26 00:00:00.005,1204.6058,8.72560721634e-05
2012-10-29 00:00:00.005,1204.9201,0.000260915230526
2012-10-30 00:00:00.005,1205.0356,9.58569784004e-05
2012-10-31 00:00:00.005,1205.1575,0.000101158837133
2012-11-01 00:00:00.005,1205.2725,9.54232123187e-05
2012-11-02 00:00:00.005,1205.4069,0.000111510052706
2012-11-05 00:00:00.005,1205.7408,0.000277001898695
2012-11-06 00:00:00.005,1205.85,9.05667287694e-05
2012-11-07 00:00:00.005,1205.9595,9.08073143426e-05
2012-11-08 00:00:00.005,1206.0655,8.7896815772e-05
2012-11-09 00:00:00.005,1206.185,9.90825125169e-05
2012-11-12 00:00:00.005,1206.501,0.000261983029137
2012-11-13 00:00:00.005,1206.6087,8.9266399282e-05
2012-11-14 00:00:00.005,1206.7218,9.37337846147e-05
2012-11-15 00:00:00.005,1206.8334,9.24819622883e-05
2012-11-16 00:00:00.005,1206.9567,0.000102168203167
2012-11-19 00:00:00.005,1207.2886,0.000274989152469
2012-11-20 00:00:00.005,1207.4068,9.79053392867e-05
2012-11-21 00:00:00.005,1207.513,8.7957099463e-05
2012-11-22 00:00:00.005,1207.6349,0.000100951294106
2012-11-23 00:00:00.005,1207.7461,9.20808101854e-05
2012-11-26 00:00:00.005,1208.0661,0.000264956351339
2012-11-27 00:00:00.005,1208.1797,9.40345896636e-05
2012-11-28 00:00:00.005,1208.2943,9.48534394347e-05
2012-11-29 00:00:00.005,1208.4086,9.45961592305e-05
2012-11-30 00:00:00.005,1208.5302,0.000100628214662
2012-12-03 00:00:00.005,1208.8597,0.000272645234683
2012-12-04 00:00:00.005,1208.9824,0.00010150061252
2012-12-05 00:00:00.005,1209.1056,0.000101903882141
2012-12-06 00:00:00.005,1209.2235,9.75100934111e-05
2012-12-07 00:00:00.005,1209.3354,9.25387242308e-05
2012-12-10 00:00:00.005,1209.6683,0.000275275163532
2012-12-11 00:00:00.005,1209.793,0.000103086110465
2012-12-12 00:00:00.005,1209.9175,0.000102910167277
2012-12-13 00:00:00.005,1210.035,9.71140594297e-05
2012-12-14 00:00:00.005,1210.1564,0.000100327676472
2012-12-17 00:00:00.005,1210.5,0.000283930242405
2012-12-18 00:00:00.005,1210.6376,0.000113672036349
2012-12-19 00:00:00.005,1210.7598,0.000100938546763
2012-12-20 00:00:00.005,1210.8807,9.98546532516e-05
2012-12-21 00:00:00.005,1211.0268,0.000120655982047
2012-12-24 00:00:00.005,1211.3921,0.00030164485212
2012-12-25 00:00:00.005,1211.5634,0.000141407559122
2012-12-26 00:00:00.005,1211.6937,0.000107546992588
2012-12-27 00:00:00.005,1211.857,0.000134770033054
2012-12-28 00:00:00.005,1211.999,0.000117175541339
2012-12-31 00:00:00.005,1212.3747,0.000309983754112
2013-01-04 00:00:00.005,1212.8594,0.000399793892103
2013-01-07 00:00:00.005,1213.22,0.000297313934327
2013-01-08 00:00:00.005,1213.3725,0.000125698554261
2013-01-09 00:00:00.005,1213.5001,0.000105161440531
2013-01-10 00:00:00.005,1213.6202,9.89699135583e-05
2013-01-11 00:00:00.005,1213.737,9.62409821459e-05
2013-01-14 00:00:00.005,1214.061,0.000266944156765
2013-01-15 00:00:00.005,1214.1843,0.000101559971039
2013-01-16 00:00:00.005,1214.2995,9.48785122656e-05
2013-01-17 00:00:00.005,1214.4135,9.38812871125e-05
2013-01-18 00:00:00.005,1214.5223,8.95905719098e-05
2013-01-21 00:00:00.005,1214.8459,0.000266442205302
2013-01-22 00:00:00.005,1214.9632,9.65554561281e-05
2013-01-23 00:00:00.005,1215.0951,0.000108562958944
2013-01-24 00:00:00.005,1215.218,0.000101144346644
2013-01-25 00:00:00.005,1215.327,8.96958405816e-05
2013-01-28 00:00:00.005,1215.6617,0.000275399131263
2013-01-29 00:00:00.005,1215.7913,0.000106608606654
2013-01-30 00:00:00.005,1216.0043,0.000175194542024
2013-01-31 00:00:00.005,1216.1501,0.000119900891798
2013-02-01 00:00:00.005,1216.2683,9.71919502371e-05
2013-02-04 00:00:00.005,1216.6311,0.000298289448142
2013-02-05 00:00:00.005,1216.7526,9.98659330671e-05
2013-02-06 00:00:00.005,1216.8696,9.61575919378e-05
2013-02-07 00:00:00.005,1216.9827,9.29434016594e-05
2013-02-08 00:00:00.005,1217.0986,9.52355362158e-05
2013-02-18 00:00:00.005,1218.2103,0.000913401757261
2013-02-19 00:00:00.005,1218.3336,0.000101214051466
2013-02-20 00:00:00.005,1218.4642,0.000107195598972
2013-02-21 00:00:00.005,1218.5915,0.00010447578189
2013-02-22 00:00:00.005,1218.7107,9.78178495419e-05
2013-02-25 00:00:00.005,1219.0344,0.000265608564854
2013-02-26 00:00:00.005,1219.1525,9.6879956792e-05
2013-02-27 00:00:00.005,1219.2964,0.000118032813778
2013-02-28 00:00:00.005,1219.4146,9.69411539311e-05
2013-03-01 00:00:00.005,1219.5404,0.000103164256029
2013-03-04 00:00:00.005,1219.8718,0.000271741715157
2013-03-05 00:00:00.005,1220.0013,0.000106158696348
2013-03-06 00:00:00.005,1220.1334,0.000108278573146
2013-03-07 00:00:00.005,1220.2695,0.000111545180224
2013-03-08 00:00:00.005,1220.3865,9.58804591935e-05
2013-03-11 00:00:00.005,1220.7082,0.000263605013658
2013-03-12 00:00:00.005,1220.835,0.00010387412815
2013-03-13 00:00:00.005,1220.9412,8.6989642335e-05
2013-03-14 00:00:00.005,1221.0575,9.52543824386e-05
2013-03-15 00:00:00.005,1221.1752,9.63918570582e-05
2013-03-18 00:00:00.005,1221.4957,0.000262452103515
2013-03-19 00:00:00.005,1221.6178,9.99594186046e-05
2013-03-20 00:00:00.005,1221.746,0.000104942806171
2013-03-21 00:00:00.005,1221.8614,9.44549849149e-05
2013-03-22 00:00:00.005,1221.9984,0.000112124010137
2013-03-25 00:00:00.005,1222.3025,0.000248854662985
2013-03-26 00:00:00.005,1222.4311,0.000105211271351
2013-03-27 00:00:00.005,1222.5822,0.000123606148437
2013-03-28 00:00:00.005,1222.7387,0.000128007752771
2013-03-29 00:00:00.005,1222.8975,0.000129872392196
2013-04-01 00:00:00.005,1223.2401,0.000280154305655
2013-04-02 00:00:00.005,1223.3551,9.40126145308e-05
2013-04-03 00:00:00.005,1223.4639,8.8935747274e-05
2013-04-08 00:00:00.005,1223.9772,0.000419546502353
2013-04-09 00:00:00.005,1224.1186,0.000115525027754
2013-04-10 00:00:00.005,1224.2418,0.000100643842843
2013-04-11 00:00:00.005,1224.3585,9.53243060318e-05
2013-04-12 00:00:00.005,1224.4699,9.09864226859e-05
2013-04-15 00:00:00.005,1224.7743,0.000248597372626
2013-04-16 00:00:00.005,1224.8846,9.00574089446e-05
2013-04-17 00:00:00.005,1224.998,9.25801499994e-05
2013-04-18 00:00:00.005,1225.1018,8.47348322199e-05
2013-04-19 00:00:00.005,1225.2205,9.68899074347e-05
2013-04-22 00:00:00.005,1225.5288,0.000251628176316
2013-04-23 00:00:00.005,1225.6462,9.57953823688e-05
2013-04-24 00:00:00.005,1225.7532,8.73008866671e-05
2013-04-25 00:00:00.005,1225.8671,9.29224577997e-05
2013-04-26 00:00:00.005,1225.9802,9.22612247283e-05
2013-05-02 00:00:00.005,1226.6435,0.000541036470246
2013-05-03 00:00:00.005,1226.7599,9.48930964866e-05
2013-05-06 00:00:00.005,1227.0864,0.000266148249547
2013-05-07 00:00:00.005,1227.2106,0.000101215366742
2013-05-08 00:00:00.005,1227.3366,0.000102671864145
2013-05-09 00:00:00.005,1227.4551,9.65505306367e-05
2013-05-10 00:00:00.005,1227.5564,8.25284770092e-05
2013-05-13 00:00:00.005,1227.8476,0.000237219243043
2013-05-14 00:00:00.005,1227.953,8.58412721578e-05
2013-05-15 00:00:00.005,1228.0583,8.57524677247e-05
2013-05-16 00:00:00.005,1228.168,8.9328006659e-05
2013-05-17 00:00:00.005,1228.2716,8.43532806587e-05
2013-05-20 00:00:00.005,1228.5766,0.000248316414708
2013-05-21 00:00:00.005,1228.7089,0.00010768559323
2013-05-22 00:00:00.005,1228.8282,9.70937868194e-05
2013-05-23 00:00:00.005,1228.9573,0.000105059437926
2013-05-24 00:00:00.005,1229.0755,9.61790942613e-05
2013-05-27 00:00:00.005,1229.403,0.000266460441202
2013-05-28 00:00:00.005,1229.5355,0.000107775887972
2013-05-29 00:00:00.005,1229.6576,9.93057947494e-05
2013-05-30 00:00:00.005,1229.7906,0.000108160190284
2013-05-31 00:00:00.005,1229.9104,9.74149582864e-05
2013-06-03 00:00:00.005,1230.2333,0.000262539450028
2013-06-04 00:00:00.005,1230.3519,9.64044787275e-05
2013-06-05 00:00:00.005,1230.4721,9.76956267553e-05
2013-06-06 00:00:00.005,1230.5876,9.38664111116e-05
2013-06-07 00:00:00.005,1230.7056,9.58891508414e-05
2013-06-13 00:00:00.005,1231.4015,0.000565447983661
2013-06-14 00:00:00.005,1231.5178,9.44452317138e-05
2013-06-17 00:00:00.005,1231.8598,0.000277706095681
2013-06-18 00:00:00.005,1231.9764,9.46536286028e-05
2013-06-19 00:00:00.005,1232.0861,8.90439135035e-05
2013-06-20 00:00:00.005,1232.2114,0.00010169743819
2013-06-21 00:00:00.005,1232.3332,9.88466751728e-05
2013-06-24 00:00:00.005,1232.6897,0.000289288643688
2013-06-25 00:00:00.005,1232.8012,9.04526094443e-05
2013-06-26 00:00:00.005,1232.9338,0.000107559921259
2013-06-27 00:00:00.005,1233.0692,0.00010981935932
2013-06-28 00:00:00.005,1233.2153,0.000118484834428
2013-07-01 00:00:00.005,1233.6676,0.000366764830115
2013-07-02 00:00:00.005,1233.8194,0.00012304773182
2013-07-03 00:00:00.005,1233.955,0.000109902632427
2013-07-04 00:00:00.005,1234.0916,0.00011070095749
2013-07-05 00:00:00.005,1234.2499,0.000128272488039
2013-07-08 00:00:00.005,1234.645,0.000320113455144
2013-07-09 00:00:00.005,1234.8034,0.000128295987916
2013-07-10 00:00:00.005,1234.9428,0.000112892465311
2013-07-11 00:00:00.005,1235.0762,0.000108021197419
2013-07-12 00:00:00.005,1235.2002,0.000100398663661
2013-07-15 00:00:00.005,1235.5823,0.000309342566492
2013-07-16 00:00:00.005,1235.7121,0.000105051682919
2013-07-17 00:00:00.005,1235.8379,0.000101803648277
2013-07-18 00:00:00.005,1235.9613,9.9851283085e-05
2013-07-19 00:00:00.005,1236.0884,0.000102834935042
2013-07-22 00:00:00.005,1236.4577,0.000298765039782
2013-07-23 00:00:00.005,1236.5821,0.000100609992562
2013-07-24 00:00:00.005,1236.7055,9.97911905727e-05
2013-07-25 00:00:00.005,1236.8305,0.000101074993198
2013-07-26 00:00:00.005,1236.9593,0.000104137147329
2013-07-29 00:00:00.005,1237.3611,0.000324828795903
2013-07-30 00:00:00.005,1237.4978,0.000110477046676
2013-07-31 00:00:00.005,1237.6323,0.000108687061908
2013-08-01 00:00:00.005,1237.7664,0.000108352052544
2013-08-02 00:00:00.005,1237.8976,0.000105997383674
2013-08-05 00:00:00.005,1238.2862,0.000313919341955
2013-08-06 00:00:00.005,1238.4269,0.000113624782381
2013-08-07 00:00:00.005,1238.5569,0.000104971880052
2013-08-08 00:00:00.005,1238.6894,0.00010697934023
2013-08-09 00:00:00.005,1238.8137,0.000100347996842
2013-08-12 00:00:00.005,1239.195,0.000307794464979
2013-08-13 00:00:00.005,1239.3295,0.000108538204238
2013-08-14 00:00:00.005,1239.4544,0.000100780300961
2013-08-15 00:00:00.005,1239.59,0.000109402976019
2013-08-16 00:00:00.005,1239.72,0.000104873385555
2013-08-19 00:00:00.005,1240.1,0.000306520827283
2013-08-20 00:00:00.005,1240.23,0.000104830255625
2013-08-21 00:00:00.005,1240.37,0.000112882287963
2013-08-22 00:00:00.005,1240.5,0.000104807436491
2013-08-23 00:00:00.005,1240.63,0.000104796453043
2013-08-26 00:00:00.005,1241.01,0.000306295994777
2013-08-27 00:00:00.005,1241.15,0.000112811339151
2013-08-28 00:00:00.005,1241.29,0.000112798614188
2013-08-29 00:00:00.005,1241.43,0.000112785892096
2013-08-30 00:00:00.005,1241.56,0.000104717946239
2013-09-02 00:00:00.005,1241.95,0.000314120944618
2013-09-03 00:00:00.005,1242.09,0.000112725955151
2013-09-04 00:00:00.005,1242.22,0.000104662303054
2013-09-05 00:00:00.005,1242.35,0.000104651350002
2013-09-06 00:00:00.005,1242.49,0.000112689660724
2013-09-09 00:00:00.005,1242.87,0.000305837471529
2013-09-10 00:00:00.005,1243.0,0.000104596619116
2013-09-11 00:00:00.005,1243.14,0.0001126307321
2013-09-12 00:00:00.005,1243.28,0.000112618047847
2013-09-13 00:00:00.005,1243.42,0.00011260536645
2013-09-16 00:00:00.005,1243.8,0.000305608724325
2013-09-17 00:00:00.005,1243.95,0.000120598166908
2013-09-18 00:00:00.005,1244.09,0.000112544716427
2013-09-23 00:00:00.005,1244.76,0.000538546246654
2013-09-24 00:00:00.005,1244.91,0.000120505157621
2013-09-25 00:00:00.005,1245.05,0.000112457928686
2013-09-26 00:00:00.005,1245.2,0.000120477089274
2013-09-27 00:00:00.005,1245.36,0.000128493414712
2013-09-30 00:00:00.005,1245.81,0.000361341298902
2013-10-08 00:00:00.005,1247.0,0.000955201836556
2013-10-09 00:00:00.005,1247.15,0.000120288692863
2013-10-10 00:00:00.005,1247.29,0.000112255943551
2013-10-11 00:00:00.005,1247.44,0.000120260725252
2013-10-14 00:00:00.005,1247.85,0.000328673122555
2013-10-15 00:00:00.005,1248.04,0.000152261890452
2013-10-16 00:00:00.005,1248.19,0.000120188455498
2013-10-17 00:00:00.005,1248.35,0.000128185612767
2013-10-18 00:00:00.005,1248.5,0.000120158609364
2013-10-21 00:00:00.005,1248.92,0.000336403684421
2013-10-22 00:00:00.005,1249.06,0.00011209685168
2013-10-23 00:00:00.005,1249.2,0.000112084287384
2013-10-24 00:00:00.005,1249.33,0.000104066602626
2013-10-25 00:00:00.005,1249.48,0.000120064354494
2013-10-28 00:00:00.005,1249.92,0.000352146492941
2013-10-29 00:00:00.005,1250.08,0.000128008192524
2013-10-30 00:00:00.005,1250.24,0.000127991808524
2013-10-31 00:00:00.005,1250.41,0.000135973893013
2013-11-01 00:00:00.005,1250.57,0.000127958029766
2013-11-04 00:00:00.005,1251.01,0.00035183956116
2013-11-05 00:00:00.005,1251.17,0.000127896659499
2013-11-06 00:00:00.005,1251.31,0.000111895266031
2013-11-07 00:00:00.005,1251.46,0.000119874371659
2013-11-08 00:00:00.005,1251.61,0.000119860003516
2013-11-11 00:00:00.005,1252.0,0.000311598660925
2013-11-12 00:00:00.005,1252.19,0.000151757188498
2013-11-13 00:00:00.005,1252.33,0.000111804119183
2013-11-14 00:00:00.005,1252.47,0.00011179162042
2013-11-15 00:00:00.005,1252.62,0.000119763347625
2013-11-18 00:00:00.005,1253.05,0.000343280484105
2013-11-19 00:00:00.005,1253.19,0.00011172738518
2013-11-20 00:00:00.005,1253.32,0.000103735267597
2013-11-21 00:00:00.005,1253.47,0.000119682124278
2013-11-22 00:00:00.005,1253.63,0.00012764565566
2013-11-25 00:00:00.005,1254.09,0.000366934422437
2013-11-26 00:00:00.005,1254.25,0.000127582549897
2013-11-27 00:00:00.005,1254.4,0.0001195933825
2013-11-28 00:00:00.005,1254.57,0.000135522959184
2013-11-29 00:00:00.005,1254.73,0.000127533736659
2013-12-02 00:00:00.005,1255.21,0.000382552421637
2013-12-03 00:00:00.005,1255.37,0.000127468710415
2013-12-04 00:00:00.005,1255.52,0.0001194866852
2013-12-05 00:00:00.005,1255.68,0.000127437237161
2013-12-06 00:00:00.005,1255.84,0.000127420998981
2013-12-09 00:00:00.005,1256.92,0.000859982163333
2013-12-10 00:00:00.005,1256.49,-0.000342106100627
2013-12-11 00:00:00.005,1256.65,0.000127338856656
2013-12-12 00:00:00.005,1256.81,0.000127322643536
2013-12-13 00:00:00.005,1256.98,0.000135263086704
2013-12-16 00:00:00.005,1257.46,0.000381867651037
2013-12-17 00:00:00.005,1257.62,0.000127240627932
2013-12-18 00:00:00.005,1257.79,0.000135175967303
2013-12-19 00:00:00.005,1257.95,0.000127207244453
2013-12-20 00:00:00.005,1258.13,0.000143089947931
2013-12-23 00:00:00.005,1258.66,0.000421260124152
2013-12-24 00:00:00.005,1258.85,0.000150954189376
2013-12-25 00:00:00.005,1259.05,0.00015887516384
2013-12-26 00:00:00.005,1259.24,0.000150907430205
2013-12-27 00:00:00.005,1259.44,0.000158825958515
2013-12-30 00:00:00.005,1260.01,0.000452582099981
2013-12-31 00:00:00.005,1260.21,0.000158728898977
2014-01-02 00:00:00.005,1260.62,0.00032534260163
2014-01-03 00:00:00.005,1260.8,0.000142786882645
2014-01-06 00:00:00.005,1261.32,0.000412436548223
2014-01-07 00:00:00.005,1261.5,0.000142707639616
2014-01-08 00:00:00.005,1261.68,0.000142687277051
2014-01-09 00:00:00.005,1262.21,0.000420074820874
2014-01-10 00:00:00.005,1262.05,-0.000126761790827
2014-01-13 00:00:00.005,1262.56,0.000404104433263
2014-01-14 00:00:00.005,1262.76,0.000158408313268
2014-01-15 00:00:00.005,1262.94,0.000142544901644
2014-01-16 00:00:00.005,1263.15,0.000166278683073
2014-01-17 00:00:00.005,1263.65,0.000395835807307
2014-01-20 00:00:00.005,1264.16,0.000403592766985
2014-01-21 00:00:00.005,1264.12,-3.16415643591e-05
2014-01-22 00:00:00.005,1264.32,0.000158212827896
2014-01-23 00:00:00.005,1264.52,0.000158187800557
2014-01-24 00:00:00.005,1264.75,0.000181887198305
2014-01-27 00:00:00.005,1265.31,0.000442775252026
2014-01-28 00:00:00.005,1265.5,0.000150160830152
2014-01-29 00:00:00.005,1265.69,0.000150138285263
2014-01-30 00:00:00.005,1265.89,0.000158016575939
2014-02-07 00:00:00.005,1267.39,0.00118493707984
2014-02-10 00:00:00.005,1267.95,0.000441852941873
2014-02-11 00:00:00.005,1268.15,0.000157734926456
2014-02-12 00:00:00.005,1268.34,0.000149824547569
2014-02-13 00:00:00.005,1268.83,0.0003863317407
2014-02-14 00:00:00.005,1268.97,0.000110337870322
2014-02-17 00:00:00.005,1269.25,0.000220651394438
2014-02-18 00:00:00.005,1269.44,0.000149694701596
2014-02-19 00:00:00.005,1269.62,0.000141794807159
2014-02-20 00:00:00.005,1270.07,0.000354436760606
2014-02-21 00:00:00.005,1269.98,-7.08622359397e-05
2014-02-24 00:00:00.005,1270.46,0.000377958708011
2014-02-25 00:00:00.005,1270.62,0.000125938636399
2014-02-26 00:00:00.005,1270.79,0.000133792951473
2014-02-27 00:00:00.005,1270.97,0.000141644174096
2014-02-28 00:00:00.005,1271.14,0.00013375610754
2014-03-03 00:00:00.005,1271.61,0.000369746841418
2014-03-04 00:00:00.005,1271.79,0.000141552834596
2014-03-05 00:00:00.005,1271.95,0.000125806933535
2014-03-06 00:00:00.005,1272.12,0.0001336530524
2014-03-07 00:00:00.005,1272.28,0.000125774298022
2014-03-10 00:00:00.005,1272.71,0.000337975917251
2014-03-11 00:00:00.005,1272.87,0.00012571599186
2014-03-12 00:00:00.005,1273.02,0.000117843927502
2014-03-13 00:00:00.005,1273.18,0.000125685378077
2014-03-14 00:00:00.005,1273.35,0.000133523932201
2014-03-17 00:00:00.005,1273.78,0.000337691915027
2014-03-18 00:00:00.005,1273.92,0.000109909089482
2014-03-19 00:00:00.005,1274.08,0.000125596583773
2014-03-20 00:00:00.005,1274.23,0.000117732010549
2014-03-21 00:00:00.005,1274.4,0.000133413904868
2014-03-24 00:00:00.005,1274.84,0.000345260514752
2014-03-25 00:00:00.005,1275.0,0.000125505945844
2014-03-26 00:00:00.005,1275.17,0.000133333333333
2014-03-27 00:00:00.005,1275.35,0.000141157649568
2014-03-28 00:00:00.005,1275.56,0.000164660681382
2014-03-31 00:00:00.005,1276.08,0.000407664084794
2014-04-01 00:00:00.005,1276.25,0.000133220487744
2014-04-02 00:00:00.005,1276.42,0.000133202742409
2014-04-03 00:00:00.005,1276.57,0.00011751617806
2014-04-04 00:00:00.005,1276.72,0.000117502369631
2014-04-08 00:00:00.005,1277.32,0.000469954257786
2014-04-09 00:00:00.005,1277.47,0.000117433376131
2014-04-10 00:00:00.005,1277.63,0.00012524755963
2014-04-11 00:00:00.005,1277.81,0.000140885858973
2014-04-14 00:00:00.005,1278.25,0.000344339142752
2014-04-15 00:00:00.005,1278.41,0.000125171132408
2014-04-16 00:00:00.005,1278.58,0.000132977683216
2014-04-17 00:00:00.005,1278.75,0.000132960002503
2014-04-18 00:00:00.005,1278.91,0.000125122189638
2014-04-21 00:00:00.005,1279.34,0.000336223815593
2014-04-22 00:00:00.005,1279.51,0.000132881016774
2014-04-23 00:00:00.005,1279.66,0.00011723237802
2014-04-24 00:00:00.005,1279.81,0.0001172186362
2014-04-25 00:00:00.005,1279.97,0.000125018557442
2014-04-28 00:00:00.005,1280.41,0.00034375805683
2014-04-29 00:00:00.005,1280.57,0.000124959973758
2014-04-30 00:00:00.005,1280.72,0.00011713533817
2014-05-05 00:00:00.005,1281.49,0.000601224311325
2014-05-06 00:00:00.005,1281.65,0.000124854661371
2014-05-07 00:00:00.005,1281.8,0.000117036632466
2014-05-08 00:00:00.005,1281.95,0.000117022936496
2014-05-09 00:00:00.005,1282.11,0.000124809859979
2014-05-12 00:00:00.005,1282.55,0.00034318428216
2014-05-13 00:00:00.005,1282.71,0.000124751471678
2014-05-14 00:00:00.005,1282.86,0.000116939916271
2014-05-15 00:00:00.005,1283.02,0.000124721325788
2014-05-16 00:00:00.005,1283.17,0.000116911661549
2014-05-19 00:00:00.005,1283.6,0.000335107585121
2014-05-20 00:00:00.005,1283.77,0.000132440012465
2014-05-21 00:00:00.005,1283.92,0.000116843359792
2014-05-22 00:00:00.005,1284.07,0.000116829709016
2014-05-23 00:00:00.005,1284.22,0.00011681606143
2014-05-26 00:00:00.005,1284.65,0.00033483359549
2014-05-27 00:00:00.005,1284.8,0.000116763320749
2014-05-28 00:00:00.005,1284.95,0.000116749688668
2014-05-29 00:00:00.005,1285.1,0.000116736059769
2014-05-30 00:00:00.005,1285.25,0.000116722434052
2014-06-03 00:00:00.005,1285.81,0.000435712896324
2014-06-04 00:00:00.005,1285.97,0.000124435180937
2014-06-05 00:00:00.005,1286.12,0.000116643467577
2014-06-06 00:00:00.005,1286.27,0.000116629863465
2014-06-09 00:00:00.005,1286.69,0.000326525535074
2014-06-10 00:00:00.005,1286.84,0.000116578196768
2014-06-11 00:00:00.005,1286.99,0.000116564607877
2014-06-12 00:00:00.005,1287.14,0.000116551022153
2014-06-13 00:00:00.005,1287.29,0.000116537439595
2014-06-16 00:00:00.005,1287.7,0.00031849855122
2014-06-17 00:00:00.005,1287.87,0.00013201832725
2014-06-18 00:00:00.005,1288.07,0.000155295177308
2014-06-19 00:00:00.005,1288.24,0.000131980404792
2014-06-20 00:00:00.005,1288.42,0.000139725516984
2014-06-23 00:00:00.005,1288.88,0.000357026435479
2014-06-24 00:00:00.005,1289.06,0.000139656135559
2014-06-25 00:00:00.005,1289.24,0.000139636634447
2014-06-26 00:00:00.005,1289.43,0.000147373646489
2014-06-27 00:00:00.005,1289.67,0.000186128754566
2014-06-30 00:00:00.005,1290.24,0.000441973528112
2014-07-01 00:00:00.005,1290.45,0.000162760416667
2014-07-02 00:00:00.005,1290.62,0.000131736990972
2014-07-03 00:00:00.005,1290.77,0.00011622321055
2014-07-04 00:00:00.005,1290.91,0.000108462390666
2014-07-07 00:00:00.005,1291.34,0.000333098356973
2014-07-08 00:00:00.005,1291.49,0.000116158409095
2014-07-09 00:00:00.005,1291.65,0.000123887912411
2014-07-10 00:00:00.005,1291.81,0.000123872566097
2014-07-11 00:00:00.005,1291.96,0.000116116147111
2014-07-14 00:00:00.005,1292.37,0.000317347286294
2014-07-15 00:00:00.005,1292.52,0.00011606583254
2014-07-16 00:00:00.005,1292.67,0.000116052362826
2014-07-17 00:00:00.005,1292.81,0.000108302969822
2014-07-18 00:00:00.005,1292.97,0.000123761418925
2014-07-21 00:00:00.005,1293.38,0.000317099391324
2014-07-22 00:00:00.005,1293.53,0.000115975196771
2014-07-23 00:00:00.005,1293.68,0.000115961748085
2014-07-24 00:00:00.005,1293.85,0.000131408076186
2014-07-25 00:00:00.005,1294.02,0.000131390810372
2014-07-28 00:00:00.005,1294.44,0.000324569944823
2014-07-29 00:00:00.005,1294.6,0.000123605574611
2014-07-30 00:00:00.005,1294.75,0.000115865904527
2014-07-31 00:00:00.005,1294.9,0.000115852481174
2014-08-01 00:00:00.005,1295.05,0.000115839060931
2014-08-04 00:00:00.005,1295.47,0.000324311802633
2014-08-05 00:00:00.005,1295.61,0.000108068886196
2014-08-06 00:00:00.005,1295.76,0.000115775580615
2014-08-07 00:00:00.005,1295.91,0.000115762178181
2014-08-08 00:00:00.005,1296.07,0.000123465364107
2014-08-11 00:00:00.005,1296.48,0.000316340938375
2014-08-12 00:00:00.005,1296.82,0.00026224854992
2014-08-13 00:00:00.005,1296.78,-3.08446816057e-05
2014-08-14 00:00:00.005,1296.93,0.000115671123861
2014-08-15 00:00:00.005,1297.08,0.000115657745599
2014-08-18 00:00:00.005,1297.5,0.00032380423721
2014-08-19 00:00:00.005,1297.66,0.000123314065511
2014-08-20 00:00:00.005,1297.81,0.000115592682213
2014-08-21 00:00:00.005,1297.96,0.000115579322089
2014-08-22 00:00:00.005,1298.1,0.000107861567383
2014-08-25 00:00:00.005,1298.51,0.000315846236808
2014-08-26 00:00:00.005,1298.67,0.000123218150033
2014-08-27 00:00:00.005,1298.82,0.000115502783617
2014-08-28 00:00:00.005,1298.98,0.000123188740549
2014-08-29 00:00:00.005,1299.15,0.000130871914887
2014-09-01 00:00:00.005,1299.61,0.000354077666166
2014-09-02 00:00:00.005,1299.76,0.000115419241157
2014-09-03 00:00:00.005,1299.91,0.000115405921093
2014-09-04 00:00:00.005,1300.07,0.000123085444377
2014-09-05 00:00:00.005,1300.23,0.000123070296215
2014-09-09 00:00:00.005,1300.8,0.000438383978219
2014-09-10 00:00:00.005,1300.95,0.000115313653137
2014-09-11 00:00:00.005,1301.1,0.000115300357431
2014-09-12 00:00:00.005,1301.24,0.000107601260472
2014-09-15 00:00:00.005,1301.64,0.000307399096247
2014-09-16 00:00:00.005,1301.81,0.000130604468209
2014-09-17 00:00:00.005,1301.97,0.000122905800386
2014-09-18 00:00:00.005,1302.13,0.000122890696406
2014-09-19 00:00:00.005,1302.29,0.000122875596138
2014-09-22 00:00:00.005,1302.72,0.000330187592625
2014-09-23 00:00:00.005,1302.92,0.000153524932449
2014-09-24 00:00:00.005,1303.08,0.00012280109293
2014-09-25 00:00:00.005,1303.26,0.000138134266507
2014-09-26 00:00:00.005,1303.44,0.000138115188067
2014-09-29 00:00:00.005,1303.92,0.000368256306389
2014-09-30 00:00:00.005,1304.09,0.000130376096693
2014-10-08 00:00:00.005,1305.21,0.000858836430001
2014-10-09 00:00:00.005,1305.37,0.00012258563756
2014-10-10 00:00:00.005,1305.51,0.000107249285643
2014-10-13 00:00:00.005,1305.93,0.000321713353402
2014-10-14 00:00:00.005,1306.07,0.000107203295735
2014-10-15 00:00:00.005,1306.22,0.00011484836188
2014-10-16 00:00:00.005,1306.39,0.000130146529681
2014-10-17 00:00:00.005,1306.54,0.000114820229793
2014-10-20 00:00:00.005,1306.94,0.000306152126992
2014-10-21 00:00:00.005,1307.1,0.000122423370621
2014-10-22 00:00:00.005,1307.27,0.000130058909035
2014-10-23 00:00:00.005,1307.49,0.000168289641773
2014-10-24 00:00:00.005,1307.65,0.000122371872825
2014-10-27 00:00:00.005,1308.1,0.000344128780637
2014-10-28 00:00:00.005,1308.29,0.000145248834187
2014-10-29 00:00:00.005,1308.48,0.000145227740027
2014-10-30 00:00:00.005,1308.63,0.000114636830521
2014-10-31 00:00:00.005,1308.78,0.000114623690424
2014-11-03 00:00:00.005,1309.2,0.000320909549351
2014-11-04 00:00:00.005,1309.38,0.000137488542622
2014-11-05 00:00:00.005,1309.55,0.00012983243978
2014-11-06 00:00:00.005,1309.71,0.000122179374594
2014-11-07 00:00:00.005,1309.88,0.000129799726657
2014-11-10 00:00:00.005,1310.3,0.000320640058631
2014-11-11 00:00:00.005,1310.48,0.00013737312066
2014-11-12 00:00:00.005,1310.65,0.000129723460106
2014-11-13 00:00:00.005,1310.81,0.000122076832106
2014-11-14 00:00:00.005,1310.96,0.000114433060474
2014-11-17 00:00:00.005,1311.36,0.000305119912125
2014-11-18 00:00:00.005,1311.53,0.000129636408004
2014-11-19 00:00:00.005,1311.68,0.000114370239339
2014-11-20 00:00:00.005,1311.83,0.000114357160283
2014-11-21 00:00:00.005,1312.0,0.000129589962114
2014-11-24 00:00:00.005,1312.42,0.00032012195122
2014-11-25 00:00:00.005,1312.63,0.000160009752975
2014-11-26 00:00:00.005,1312.82,0.00014474756786
2014-11-27 00:00:00.005,1313.0,0.000137109428558
2014-11-28 00:00:00.005,1313.18,0.00013709063214
2014-12-01 00:00:00.005,1313.6,0.000319834295375
2014-12-02 00:00:00.005,1313.75,0.00011419001218
2014-12-03 00:00:00.005,1313.91,0.000121788772597
2014-12-04 00:00:00.005,1314.05,0.000106552199161
2014-12-05 00:00:00.005,1314.19,0.000106540847
2014-12-08 00:00:00.005,1314.59,0.000304369992162
2014-12-09 00:00:00.005,1314.72,9.88901482593e-05
2014-12-10 00:00:00.005,1314.86,0.00010648655227
2014-12-11 00:00:00.005,1315.0,0.000106475214091
2014-12-12 00:00:00.005,1315.14,0.000106463878327
2014-12-15 00:00:00.005,1315.65,0.000387791413842
2014-12-16 00:00:00.005,1315.79,0.000106411279595
2014-12-17 00:00:00.005,1315.93,0.00010639995744
2014-12-18 00:00:00.005,1316.08,0.0001139878261
2014-12-19 00:00:00.005,1316.24,0.000121573156647
2014-12-22 00:00:00.005,1316.69,0.000341882939282
2014-12-23 00:00:00.005,1316.85,0.000121516833879
2014-12-24 00:00:00.005,1317.03,0.000136689827999
2014-12-25 00:00:00.005,1317.2,0.000129078304974
2014-12-26 00:00:00.005,1317.36,0.000121469784391
2014-12-29 00:00:00.005,1317.81,0.00034159227546
2014-12-30 00:00:00.005,1317.98,0.000129001904675
2014-12-31 00:00:00.005,1318.14,0.000121397896782
2015-01-05 00:00:00.005,1318.9,0.000576570015325
2015-01-06 00:00:00.005,1319.08,0.000136477367503
2015-01-07 00:00:00.005,1319.24,0.00012129666131
2015-01-08 00:00:00.005,1319.4,0.000121281950214
2015-01-09 00:00:00.005,1319.56,0.000121267242686
2015-01-12 00:00:00.005,1320.0,0.000333444481494
2015-01-13 00:00:00.005,1320.2,0.000151515151515
2015-01-14 00:00:00.005,1320.37,0.000128768368429
2015-01-15 00:00:00.005,1320.54,0.000128751789271
2015-01-16 00:00:00.005,1320.71,0.000128735214382
2015-01-19 00:00:00.005,1321.17,0.000348297506644
2015-01-20 00:00:00.005,1321.33,0.00012110477834
2015-01-21 00:00:00.005,1321.47,0.00010595384953
2015-01-22 00:00:00.005,1321.64,0.000128644615466
2015-01-23 00:00:00.005,1321.81,0.000128628068158
2015-01-26 00:00:00.005,1322.26,0.000340442272339
2015-01-27 00:00:00.005,1322.43,0.000128567755207
2015-01-28 00:00:00.005,1322.59,0.000120989390743
2015-01-29 00:00:00.005,1322.75,0.000120974754081
2015-01-30 00:00:00.005,1322.92,0.00012852012852
2015-02-02 00:00:00.005,1323.37,0.000340156623227
2015-02-03 00:00:00.005,1323.53,0.000120903451038
2015-02-04 00:00:00.005,1323.7,0.000128444387358
2015-02-05 00:00:00.005,1323.86,0.000120873309662
2015-02-06 00:00:00.005,1324.03,0.000128412369888
2015-02-09 00:00:00.005,1324.49,0.000347424152021
2015-02-10 00:00:00.005,1324.65,0.000120801214052
2015-02-11 00:00:00.005,1324.87,0.000166081606462
2015-02-12 00:00:00.005,1325.06,0.000143410296859
2015-02-13 00:00:00.005,1325.24,0.000135842905227
2015-02-16 00:00:00.005,1325.71,0.000354652742145
2015-02-17 00:00:00.005,1325.88,0.000128233173168
2015-02-25 00:00:00.005,1327.05,0.000882432799348
2015-02-26 00:00:00.005,1327.22,0.000128103688633
2015-02-27 00:00:00.005,1327.39,0.00012808728018
2015-03-02 00:00:00.005,1327.84,0.000339011142166
2015-03-03 00:00:00.005,1328.03,0.000143089528859
2015-03-04 00:00:00.005,1328.21,0.000135539106797
2015-03-05 00:00:00.005,1328.39,0.000135520738437
2015-03-06 00:00:00.005,1328.59,0.000150558194506
2015-03-09 00:00:00.005,1329.05,0.000346231719342
2015-03-10 00:00:00.005,1329.25,0.000150483428013
2015-03-11 00:00:00.005,1329.43,0.000135414707542
2015-03-12 00:00:00.005,1329.62,0.000142918393597
2015-03-13 00:00:00.005,1329.85,0.000172981754185
2015-03-16 00:00:00.005,1330.36,0.00038350189871
2015-03-17 00:00:00.005,1330.52,0.000120268198082
2015-03-18 00:00:00.005,1330.67,0.00011273787692
2015-03-19 00:00:00.005,1330.84,0.000127755190994
2015-03-20 00:00:00.005,1331.01,0.00012773887169
2015-03-23 00:00:00.005,1331.45,0.00033057602873
2015-03-24 00:00:00.005,1331.61,0.000120169739757
2015-03-25 00:00:00.005,1331.8,0.000142684419612
2015-03-26 00:00:00.005,1331.96,0.000120138158883
2015-03-27 00:00:00.005,1332.13,0.000127631460404
2015-03-30 00:00:00.005,1332.57,0.00033029809403
2015-03-31 00:00:00.005,1332.74,0.000127573035563
2015-04-01 00:00:00.005,1332.9,0.000120053423774
2015-04-02 00:00:00.005,1333.06,0.000120039012679
2015-04-03 00:00:00.005,1333.21,0.000112523067229
2015-04-07 00:00:00.005,1333.78,0.000427539547408
2015-04-08 00:00:00.005,1333.93,0.000112462325121
2015-04-09 00:00:00.005,1334.09,0.00011994632402
2015-04-10 00:00:00.005,1334.24,0.000112436192461
2015-04-13 00:00:00.005,1334.7,0.00034476555942
2015-04-14 00:00:00.005,1334.87,0.000127369446317
2015-04-15 00:00:00.005,1335.07,0.000149827324009
2015-04-16 00:00:00.005,1335.29,0.000164785367059
2015-04-17 00:00:00.005,1335.47,0.000134802177804
2015-04-20 00:00:00.005,1335.9,0.000321984020607
2015-04-21 00:00:00.005,1336.05,0.000112283853582
2015-04-22 00:00:00.005,1336.22,0.000127240746978
2015-04-23 00:00:00.005,1336.38,0.000119740761252
2015-04-24 00:00:00.005,1336.53,0.000112243523549
2015-04-27 00:00:00.005,1336.93,0.000299282470278
2015-04-28 00:00:00.005,1337.07,0.000104717524478
2015-04-29 00:00:00.005,1337.24,0.000127143679837
2015-04-30 00:00:00.005,1337.37,9.72151595824e-05
2015-05-04 00:00:00.005,1337.87,0.000373868114284
2015-05-05 00:00:00.005,1338.05,0.000134542220096
2015-05-06 00:00:00.005,1338.23,0.000134524120922
2015-05-07 00:00:00.005,1338.41,0.000134506026617
2015-05-08 00:00:00.005,1338.6,0.000141959489245
2015-05-11 00:00:00.005,1339.01,0.000306290153892
2015-05-12 00:00:00.005,1339.18,0.000126959470056
2015-05-13 00:00:00.005,1339.32,0.000104541585149
2015-05-14 00:00:00.005,1339.49,0.000126930083923
2015-05-15 00:00:00.005,1339.69,0.000149310558496
2015-05-18 00:00:00.005,1340.1,0.000306040949772
2015-05-19 00:00:00.005,1340.34,0.000179091112604
2015-05-20 00:00:00.005,1340.56,0.00016413745766
2015-05-21 00:00:00.005,1340.73,0.0001268126753
2015-05-22 00:00:00.005,1340.89,0.000119337972597
2015-05-25 00:00:00.005,1341.22,0.000246105198786
2015-05-26 00:00:00.005,1341.36,0.000104382577057
2015-05-27 00:00:00.005,1341.47,8.2006321942e-05
2015-05-28 00:00:00.005,1341.58,8.19995974564e-05
2015-05-29 00:00:00.005,1341.71,9.69006693601e-05
2015-06-01 00:00:00.005,1342.06,0.000260861139889
2015-06-02 00:00:00.005,1342.22,0.000119219707018
2015-06-03 00:00:00.005,1342.36,0.000104304808451
2015-06-04 00:00:00.005,1342.55,0.000141541762269
2015-06-05 00:00:00.005,1342.71,0.000119176194555
2015-06-08 00:00:00.005,1343.04,0.000245771611145
2015-06-09 00:00:00.005,1343.16,8.93495353824e-05
2015-06-10 00:00:00.005,1343.27,8.18964233598e-05
2015-06-11 00:00:00.005,1343.39,8.93342366017e-05
2015-06-12 00:00:00.005,1343.51,8.93262567088e-05
2015-06-15 00:00:00.005,1343.8,0.00021585250575
2015-06-16 00:00:00.005,1343.92,8.92990028278e-05
2015-06-17 00:00:00.005,1344.04,8.92910292278e-05
2015-06-18 00:00:00.005,1344.19,0.000111603821315
2015-06-19 00:00:00.005,1344.37,0.00013390964075
2015-06-23 00:00:00.005,1344.87,0.000371921420442
2015-06-24 00:00:00.005,1345.06,0.000141277595604
2015-06-25 00:00:00.005,1345.18,8.92153509882e-05
2015-06-26 00:00:00.005,1345.33,0.000111509240399
2015-06-29 00:00:00.005,1345.68,0.000260159217441
2015-06-30 00:00:00.005,1345.82,0.00010403662089
2015-07-01 00:00:00.005,1345.96,0.000104025798398
2015-07-02 00:00:00.005,1346.09,9.65853368597e-05
2015-07-03 00:00:00.005,1346.22,9.65760090337e-05
2015-07-06 00:00:00.005,1346.55,0.000245130810714
2015-07-07 00:00:00.005,1346.7,0.000111395789239
2015-07-08 00:00:00.005,1346.83,9.65322640527e-05
2015-07-09 00:00:00.005,1346.96,9.65229464744e-05
2015-07-10 00:00:00.005,1347.09,9.65136306943e-05
2015-07-13 00:00:00.005,1347.39,0.000222702269336
2015-07-14 00:00:00.005,1347.51,8.90610736313e-05
2015-07-15 00:00:00.005,1347.63,8.90531424629e-05
2015-07-16 00:00:00.005,1347.74,8.16247783144e-05
2015-07-17 00:00:00.005,1347.85,8.16181162537e-05
2015-07-20 00:00:00.005,1348.16,0.000229995919427
2015-07-21 00:00:00.005,1348.28,8.90102065036e-05
2015-07-22 00:00:00.005,1348.39,8.15854273595e-05
2015-07-23 00:00:00.005,1348.52,9.64112756694e-05
2015-07-24 00:00:00.005,1348.64,8.89864443985e-05
2015-07-27 00:00:00.005,1348.95,0.000229861193499
2015-07-28 00:00:00.005,1349.06,8.15449052967e-05
2015-07-29 00:00:00.005,1349.16,7.41256875159e-05
2015-07-30 00:00:00.005,1349.28,8.89442319665e-05
2015-07-31 00:00:00.005,1349.38,7.41136013283e-05
2015-08-03 00:00:00.005,1349.6,0.0001630378396
2015-08-04 00:00:00.005,1349.79,0.00014078245406
2015-08-05 00:00:00.005,1349.9,8.14941583507e-05
2015-08-06 00:00:00.005,1350.01,8.14875175938e-05
2015-08-07 00:00:00.005,1350.12,8.14808779193e-05
2015-08-10 00:00:00.005,1350.42,0.000222202470892
2015-08-11 00:00:00.005,1350.53,8.14561395712e-05
2015-08-12 00:00:00.005,1350.63,7.40450045538e-05
2015-08-13 00:00:00.005,1350.73,7.40395222969e-05
2015-08-14 00:00:00.005,1350.83,7.40340408518e-05
2015-08-17 00:00:00.005,1351.12,0.000214682824634
2015-08-18 00:00:00.005,1351.23,8.14139380663e-05
2015-08-19 00:00:00.005,1351.33,7.40066457967e-05
2015-08-20 00:00:00.005,1351.42,6.66010522967e-05
2015-08-21 00:00:00.005,1351.52,7.39962409908e-05
2015-08-24 00:00:00.005,1351.8,0.000207174144667
2015-08-25 00:00:00.005,1351.91,8.13729841693e-05
2015-08-26 00:00:00.005,1352.01,7.39694210412e-05
2015-08-27 00:00:00.005,1352.12,8.13603449679e-05
2015-08-28 00:00:00.005,1352.23,8.13537260007e-05
2015-08-31 00:00:00.005,1352.51,0.000207065366099
2015-09-01 00:00:00.005,1352.62,8.13302674287e-05
2015-09-02 00:00:00.005,1352.72,7.39305939585e-05
2015-09-07 00:00:00.005,1353.2,0.000354840617423
2015-09-08 00:00:00.005,1353.32,8.86786875554e-05
2015-09-09 00:00:00.005,1353.43,8.12815889812e-05
2015-09-10 00:00:00.005,1353.54,8.12749828214e-05
2015-09-11 00:00:00.005,1353.65,8.12683777356e-05
2015-09-14 00:00:00.005,1353.96,0.000229010453219
2015-09-15 00:00:00.005,1354.08,8.86289107507e-05
2015-09-16 00:00:00.005,1354.19,8.12359683329e-05
2015-09-17 00:00:00.005,1354.29,7.38448814419e-05
2015-09-18 00:00:00.005,1354.4,8.12233716561e-05
2015-09-21 00:00:00.005,1354.69,0.000214116952156
2015-09-22 00:00:00.005,1354.8,8.11993887899e-05
2015-09-23 00:00:00.005,1354.91,8.11927959847e-05
2015-09-24 00:00:00.005,1355.02,8.11862042496e-05
2015-09-25 00:00:00.005,1355.14,8.85595784565e-05
2015-09-28 00:00:00.005,1355.44,0.00022137934088
2015-09-29 00:00:00.005,1355.56,8.85321371658e-05
2015-09-30 00:00:00.005,1355.67,8.11472749271e-05
2015-10-08 00:00:00.005,1356.46,0.0005827376869
2015-10-09 00:00:00.005,1356.58,8.84655647788e-05
2015-10-12 00:00:00.005,1356.88,0.000221144348288
2015-10-13 00:00:00.005,1357.01,9.58080301867e-05
2015-10-14 00:00:00.005,1357.12,8.10605669816e-05
2015-10-15 00:00:00.005,1357.24,8.84225418534e-05
2015-10-16 00:00:00.005,1357.35,8.10468303321e-05
2015-10-19 00:00:00.005,1357.65,0.000221018897116
2015-10-20 00:00:00.005,1357.77,8.83880234228e-05
2015-10-21 00:00:00.005,1357.88,8.10151940316e-05
2015-10-22 00:00:00.005,1357.99,8.10086311014e-05
2015-10-23 00:00:00.005,1358.11,8.83658937105e-05
2015-10-26 00:00:00.005,1358.39,0.000206168867029
2015-10-27 00:00:00.005,1358.52,9.57015290159e-05
2015-10-28 00:00:00.005,1358.65,9.56923711097e-05
2015-10-29 00:00:00.005,1358.77,8.83229676516e-05
2015-10-30 00:00:00.005,1358.88,8.09555701113e-05
2015-11-02 00:00:00.005,1359.18,0.00022077004592
2015-11-03 00:00:00.005,1359.29,8.09311496637e-05
2015-11-04 00:00:00.005,1359.4,8.09246003428e-05
2015-11-05 00:00:00.005,1359.51,8.09180520818e-05
2015-11-06 00:00:00.005,1359.63,8.82670962332e-05
2015-11-09 00:00:00.005,1359.91,0.000205938380295
2015-11-10 00:00:00.005,1360.02,8.08877058041e-05
2015-11-11 00:00:00.005,1360.12,7.35283304656e-05
2015-11-12 00:00:00.005,1360.23,8.08752168928e-05
2015-11-13 00:00:00.005,1360.34,8.08686766207e-05
2015-11-16 00:00:00.005,1360.61,0.000198479791817
2015-11-17 00:00:00.005,1360.71,7.34964464468e-05
2015-11-18 00:00:00.005,1360.81,7.34910451161e-05
2015-11-19 00:00:00.005,1360.92,8.08342090373e-05
2015-11-20 00:00:00.005,1361.01,6.61317344148e-05
2015-11-23 00:00:00.005,1361.3,0.000213077053071
2015-11-24 00:00:00.005,1361.4,7.34591934182e-05
2015-11-25 00:00:00.005,1361.5,7.34537975613e-05
2015-11-26 00:00:00.005,1361.6,7.34484024971e-05
2015-11-27 00:00:00.005,1361.71,8.07873090483e-05
2015-11-30 00:00:00.005,1362.0,0.000212967518781
2015-12-01 00:00:00.005,1362.11,8.0763582966e-05
2015-12-02 00:00:00.005,1362.22,8.07570607368e-05
2015-12-03 00:00:00.005,1362.33,8.07505395604e-05
2015-12-04 00:00:00.005,1362.44,8.07440194375e-05
2015-12-07 00:00:00.005,1362.74,0.000220193182819
2015-12-08 00:00:00.005,1362.85,8.07197264334e-05
2015-12-09 00:00:00.005,1362.96,8.07132112852e-05
2015-12-10 00:00:00.005,1363.07,8.07066971884e-05
2015-12-11 00:00:00.005,1363.18,8.07001841432e-05
2015-12-14 00:00:00.005,1363.48,0.000220073651315
2015-12-15 00:00:00.005,1363.6,8.80100918237e-05
2015-12-16 00:00:00.005,1363.7,7.3335288941e-05
2015-12-17 00:00:00.005,1363.81,8.06629023977e-05
2015-12-18 00:00:00.005,1363.96,0.000109985995117
2015-12-21 00:00:00.005,1364.39,0.00031525851198
2015-12-22 00:00:00.005,1364.56,0.000124597805613
2015-12-23 00:00:00.005,1364.72,0.000117253913349
2015-12-24 00:00:00.005,1364.89,0.000124567676886
2015-12-25 00:00:00.005,1365.06,0.000124552161713
2015-12-28 00:00:00.005,1365.51,0.000329655839304
2015-12-29 00:00:00.005,1365.68,0.000124495609699
2015-12-30 00:00:00.005,1365.72,2.92894382286e-05
2015-12-31 00:00:00.005,1365.87,0.000109832176434
2016-01-04 00:00:00.005,1366.45,0.000424637776655
2016-01-05 00:00:00.005,1366.63,0.000131728200812
2016-01-06 00:00:00.005,1366.78,0.000109759042316
2016-01-07 00:00:00.005,1366.9,8.77975972724e-05
2016-01-08 00:00:00.005,1367.01,8.04740654035e-05
2016-01-11 00:00:00.005,1367.28,0.000197511356903
2016-01-12 00:00:00.005,1367.39,8.0451699725e-05
2016-01-13 00:00:00.005,1367.49,7.31320252452e-05
2016-01-14 00:00:00.005,1367.6,8.04393450775e-05
2016-01-15 00:00:00.005,1367.7,7.31207955544e-05
2016-01-18 00:00:00.005,1367.99,0.000212034802954
2016-01-19 00:00:00.005,1368.1,8.04099445171e-05
2016-01-20 00:00:00.005,1368.2,7.30940720708e-05
2016-01-21 00:00:00.005,1368.31,8.03976026895e-05
2016-01-22 00:00:00.005,1368.42,8.03911394349e-05
2016-01-25 00:00:00.005,1368.73,0.000226538635799
2016-01-26 00:00:00.005,1368.84,8.03664711082e-05
2016-01-27 00:00:00.005,1368.95,8.03600128576e-05
2016-01-28 00:00:00.005,1369.06,8.03535556448e-05
2016-01-29 00:00:00.005,1369.17,8.03470994699e-05
2016-02-01 00:00:00.005,1369.47,0.000219110848178
2016-02-02 00:00:00.005,1369.59,8.76251396524e-05
2016-02-03 00:00:00.005,1369.69,7.30145518002e-05
2016-02-04 00:00:00.005,1369.79,7.30092210646e-05
2016-02-05 00:00:00.005,1369.9,8.03042802182e-05
2016-02-15 00:00:00.005,1370.85,0.000693481276005
2016-02-16 00:00:00.005,1370.96,8.02421855055e-05
2016-02-17 00:00:00.005,1371.06,7.2941588376e-05
2016-02-18 00:00:00.005,1371.16,7.2936268289e-05
2016-02-19 00:00:00.005,1371.25,6.56378540798e-05
2016-02-22 00:00:00.005,1371.53,0.00020419325433
2016-02-23 00:00:00.005,1371.63,7.29112742703e-05
2016-02-24 00:00:00.005,1371.74,8.01965544643e-05
2016-02-25 00:00:00.005,1371.84,7.29001122661e-05
2016-02-26 00:00:00.005,1371.95,8.018427805e-05
2016-02-29 00:00:00.005,1372.23,0.000204089070301
2016-03-01 00:00:00.005,1372.34,8.01614889632e-05
2016-03-02 00:00:00.005,1372.44,7.28682396491e-05
2016-03-03 00:00:00.005,1372.54,7.28629302555e-05
2016-03-04 00:00:00.005,1372.64,7.2857621636e-05
2016-03-07 00:00:00.005,1372.92,0.000203986478611
2016-03-08 00:00:00.005,1373.02,7.28374559333e-05
2016-03-09 00:00:00.005,1373.12,7.28321510246e-05
2016-03-10 00:00:00.005,1373.22,7.2826846889e-05
2016-03-11 00:00:00.005,1373.32,7.28215435253e-05
2016-03-14 00:00:00.005,1373.52,0.000145632481869
2016-03-15 00:00:00.005,1373.7,0.000131050148523
2016-03-16 00:00:00.005,1373.81,8.0075707942e-05
2016-03-17 00:00:00.005,1373.9,6.55112424572e-05
2016-03-18 00:00:00.005,1374.0,7.27855011282e-05
2016-03-21 00:00:00.005,1374.28,0.000203784570597
2016-03-22 00:00:00.005,1374.39,8.00419128564e-05
2016-03-23 00:00:00.005,1374.48,6.54835963592e-05
2016-03-24 00:00:00.005,1374.58,7.2754787265e-05
2016-03-25 00:00:00.005,1374.68,7.27494943911e-05
2016-03-28 00:00:00.005,1374.97,0.000210958186633
2016-03-29 00:00:00.005,1375.07,7.27288595388e-05
2016-03-30 00:00:00.005,1375.17,7.27235704365e-05
2016-03-31 00:00:00.005,1375.28,7.99901103135e-05
2016-04-01 00:00:00.005,1375.38,7.27124658253e-05
2016-04-05 00:00:00.005,1375.76,0.000276287280606
2016-04-06 00:00:00.005,1375.85,6.5418386928e-05
2016-04-07 00:00:00.005,1375.95,7.26823418251e-05
2016-04-08 00:00:00.005,1376.05,7.26770594861e-05
2016-04-11 00:00:00.005,1376.32,0.000196213800371
2016-04-12 00:00:00.005,1376.41,6.5391769356e-05
2016-04-13 00:00:00.005,1376.51,7.26527706134e-05
2016-04-14 00:00:00.005,1376.6,6.53827433146e-05
2016-04-15 00:00:00.005,1376.7,7.264274299e-05
2016-04-18 00:00:00.005,1376.97,0.000196121159294
2016-04-19 00:00:00.005,1377.07,7.26232234542e-05
2016-04-20 00:00:00.005,1377.16,6.53561547344e-05
2016-04-21 00:00:00.005,1377.26,7.2613203985e-05
2016-04-22 00:00:00.005,1377.37,7.98687248593e-05
2016-04-25 00:00:00.005,1377.66,0.000210546185847
2016-04-26 00:00:00.005,1377.75,6.53281651495e-05
2016-04-27 00:00:00.005,1377.85,7.25821085101e-05
2016-04-28 00:00:00.005,1377.94,6.53191566573e-05
2016-04-29 00:00:00.005,1378.05,7.98293104198e-05
2016-05-03 00:00:00.005,1378.4,0.000253982076122
2016-05-04 00:00:00.005,1378.5,7.25478816017e-05
2016-05-05 00:00:00.005,1378.59,6.52883569097e-05
2016-05-06 00:00:00.005,1378.68,6.52840946185e-05
2016-05-09 00:00:00.005,1378.95,0.000195839498651
2016-05-10 00:00:00.005,1379.06,7.97708401319e-05
2016-05-11 00:00:00.005,1379.16,7.25131611388e-05
2016-05-12 00:00:00.005,1379.25,6.52571130253e-05
2016-05-13 00:00:00.005,1379.35,7.25031720137e-05
2016-05-16 00:00:00.005,1379.62,0.000195744372349
2016-05-17 00:00:00.005,1379.71,6.52353546631e-05
2016-05-18 00:00:00.005,1379.81,7.24789992099e-05
2016-05-19 00:00:00.005,1379.89,5.79789971085e-05
2016-05-20 00:00:00.005,1379.99,7.24695446739e-05
2016-05-23 00:00:00.005,1380.26,0.000195653591693
2016-05-24 00:00:00.005,1380.35,6.52051062842e-05
2016-05-25 00:00:00.005,1380.44,6.52008548558e-05
2016-05-26 00:00:00.005,1380.53,6.51966039813e-05
2016-05-27 00:00:00.005,1380.63,7.24359485127e-05
2016-05-30 00:00:00.005,1380.89,0.000188319825007
2016-05-31 00:00:00.005,1380.99,7.24170643569e-05
2016-06-01 00:00:00.005,1381.08,6.51706384549e-05
2016-06-02 00:00:00.005,1381.18,7.24071016887e-05
2016-06-03 00:00:00.005,1381.27,6.51616733518e-05
2016-06-06 00:00:00.005,1381.54,0.000195472282754
2016-06-07 00:00:00.005,1381.63,6.51446936029e-05
2016-06-08 00:00:00.005,1381.72,6.5140450048e-05
2016-06-13 00:00:00.005,1382.17,0.000325681035231
2016-06-14 00:00:00.005,1382.26,6.51150003255e-05
2016-06-15 00:00:00.005,1382.35,6.51107606384e-05
2016-06-16 00:00:00.005,1382.44,6.51065215034e-05
2016-06-17 00:00:00.005,1382.54,7.23358699111e-05
2016-06-20 00:00:00.005,1382.81,0.000195292722091
2016-06-21 00:00:00.005,1382.91,7.23165149226e-05
2016-06-22 00:00:00.005,1383.0,6.50801570601e-05
2016-06-23 00:00:00.005,1383.11,7.95372378886e-05
2016-06-24 00:00:00.005,1383.2,6.50707463616e-05
2016-06-27 00:00:00.005,1383.49,0.00020965876229
2016-06-28 00:00:00.005,1383.58,6.505287353e-05
2016-06-29 00:00:00.005,1383.68,7.22762688099e-05
2016-06-30 00:00:00.005,1383.78,7.22710453283e-05
2016-07-01 00:00:00.005,1383.88,7.2265822602e-05
2016-07-04 00:00:00.005,1384.17,0.000209555741827
2016-07-05 00:00:00.005,1384.27,7.22454611788e-05
2016-07-06 00:00:00.005,1384.37,7.22402421491e-05
2016-07-07 00:00:00.005,1384.46,6.50115214864e-05
2016-07-08 00:00:00.005,1384.57,7.9453360877e-05
2016-07-11 00:00:00.005,1384.85,0.000202228850835
2016-07-12 00:00:00.005,1384.95,7.22099866413e-05
2016-07-13 00:00:00.005,1385.05,7.22047727355e-05
2016-07-14 00:00:00.005,1385.15,7.21995595827e-05
2016-07-15 00:00:00.005,1385.26,7.94137819009e-05
2016-07-18 00:00:00.005,1385.54,0.000202128120353
2016-07-19 00:00:00.005,1385.64,7.21740260117e-05
2016-07-20 00:00:00.005,1385.73,6.49519355675e-05
2016-07-21 00:00:00.005,1385.83,7.21641300974e-05
2016-07-22 00:00:00.005,1385.93,7.21589228116e-05
2016-07-25 00:00:00.005,1386.22,0.000209245777204
2016-07-26 00:00:00.005,1386.32,7.21386215752e-05
2016-07-27 00:00:00.005,1386.42,7.21334179701e-05
2016-07-28 00:00:00.005,1386.52,7.2128215115e-05
2016-07-29 00:00:00.005,1386.62,7.2123013011e-05
2016-08-01 00:00:00.005,1386.9,0.00020192987264
2016-08-02 00:00:00.005,1387.0,7.21032518567e-05
2016-08-03 00:00:00.005,1387.09,6.48882480172e-05
2016-08-04 00:00:00.005,1387.18,6.48840378059e-05
2016-08-05 00:00:00.005,1387.28,7.2088697934e-05
2016-08-08 00:00:00.005,1387.56,0.000201833804279
2016-08-09 00:00:00.005,1387.65,6.48620600192e-05
2016-08-10 00:00:00.005,1387.75,7.2064281339e-05
2016-08-11 00:00:00.005,1387.84,6.48531796072e-05
2016-08-12 00:00:00.005,1387.93,6.48489739452e-05
2016-08-15 00:00:00.005,1388.2,0.000194534306485
2016-08-16 00:00:00.005,1388.29,6.48321567498e-05
2016-08-17 00:00:00.005,1388.4,7.92341657723e-05
2016-08-18 00:00:00.005,1388.49,6.48228176316e-05
2016-08-19 00:00:00.005,1388.59,7.20206843405e-05
2016-08-22 00:00:00.005,1388.86,0.000194441843885
2016-08-23 00:00:00.005,1388.96,7.20014976312e-05
2016-08-24 00:00:00.005,1389.05,6.47966824099e-05
2016-08-25 00:00:00.005,1389.15,7.19916489689e-05
2016-08-26 00:00:00.005,1389.25,7.19864665442e-05
2016-08-29 00:00:00.005,1389.52,0.000194349469138
2016-08-30 00:00:00.005,1389.62,7.19672980598e-05
2016-08-31 00:00:00.005,1389.71,6.47659072266e-05
2016-09-01 00:00:00.005,1389.8,6.47617128753e-05
2016-09-02 00:00:00.005,1389.89,6.47575190675e-05
2016-09-05 00:00:00.005,1390.16,0.000194259977408
2016-09-06 00:00:00.005,1390.25,6.47407492662e-05
2016-09-07 00:00:00.005,1390.34,6.4736558173e-05
2016-09-08 00:00:00.005,1390.43,6.47323676224e-05
2016-09-09 00:00:00.005,1390.53,7.19201973489e-05
2016-09-12 00:00:00.005,1390.81,0.000201362070577
2016-09-13 00:00:00.005,1390.9,6.47104924469e-05
2016-09-14 00:00:00.005,1391.0,7.18958947443e-05
2016-09-19 00:00:00.005,1391.45,0.000323508267434
2016-09-20 00:00:00.005,1391.55,7.18674763736e-05
2016-09-21 00:00:00.005,1391.64,6.46760806295e-05
2016-09-22 00:00:00.005,1391.74,7.18576643384e-05
2016-09-23 00:00:00.005,1391.85,7.9037751304e-05
2016-09-26 00:00:00.005,1392.14,0.000208355785466
2016-09-27 00:00:00.005,1392.24,7.18318559914e-05
2016-09-28 00:00:00.005,1392.35,7.90093662011e-05
2016-09-29 00:00:00.005,1392.46,7.90031242146e-05
2016-09-30 00:00:00.005,1392.55,6.46338135386e-05
2016-10-10 00:00:00.005,1393.49,0.000675020645578
2016-10-11 00:00:00.005,1393.59,7.17622659652e-05
2016-10-12 00:00:00.005,1393.68,6.4581404861e-05
2016-10-13 00:00:00.005,1393.78,7.17524826359e-05
2016-10-14 00:00:00.005,1393.88,7.17473345866e-05
2016-10-17 00:00:00.005,1394.16,0.000200878124372
2016-10-18 00:00:00.005,1394.26,7.17277787341e-05
2016-10-19 00:00:00.005,1394.35,6.45503708059e-05
2016-10-20 00:00:00.005,1394.44,6.45462043247e-05
2016-10-21 00:00:00.005,1394.54,7.17133759789e-05
2016-10-24 00:00:00.005,1394.83,0.000207953877264
2016-10-25 00:00:00.005,1394.92,6.45239921713e-05
2016-10-26 00:00:00.005,1395.02,7.16886989933e-05
2016-10-27 00:00:00.005,1395.12,7.16835600922e-05
2016-10-28 00:00:00.005,1395.22,7.16784219279e-05
2016-10-31 00:00:00.005,1395.5,0.0002006851966
2016-11-01 00:00:00.005,1395.61,7.88247939805e-05
2016-11-02 00:00:00.005,1395.7,6.44879300091e-05
2016-11-03 00:00:00.005,1395.8,7.16486350933e-05
2016-11-04 00:00:00.005,1395.89,6.4479151741e-05
2016-11-07 00:00:00.005,1396.17,0.000200588871616
2016-11-08 00:00:00.005,1396.26,6.44620640753e-05
2016-11-09 00:00:00.005,1396.36,7.16198988726e-05
2016-11-10 00:00:00.005,1396.45,6.44532928473e-05
2016-11-11 00:00:00.005,1396.55,7.16101543199e-05
2016-11-14 00:00:00.005,1396.83,0.000200494074684
2016-11-15 00:00:00.005,1396.91,5.72725385337e-05
2016-11-16 00:00:00.005,1397.01,7.15865732224e-05
2016-11-17 00:00:00.005,1397.1,6.44233040565e-05
2016-11-18 00:00:00.005,1397.2,7.15768377355e-05
2016-11-21 00:00:00.005,1397.47,0.000193243630117
2016-11-22 00:00:00.005,1397.57,7.15578867525e-05
2016-11-23 00:00:00.005,1397.67,7.15527665878e-05
2016-11-24 00:00:00.005,1397.76,6.439288244e-05
2016-11-25 00:00:00.005,1397.86,7.15430402929e-05
2016-11-28 00:00:00.005,1398.14,0.000200306182307
2016-11-29 00:00:00.005,1398.23,6.43712360706e-05
2016-11-30 00:00:00.005,1398.33,7.15189918683e-05
2016-12-01 00:00:00.005,1398.42,6.43624895411e-05
2016-12-02 00:00:00.005,1398.52,7.1509274753e-05
2016-12-05 00:00:00.005,1398.81,0.000207362068472
2016-12-06 00:00:00.005,1398.9,6.43404036289e-05
2016-12-07 00:00:00.005,1398.99,6.43362642074e-05
2016-12-08 00:00:00.005,1399.09,7.14801392432e-05
2016-12-09 00:00:00.005,1399.19,7.14750301982e-05
2016-12-12 00:00:00.005,1399.48,0.000207262773462
2016-12-13 00:00:00.005,1399.58,7.14551118985e-05
2016-12-14 00:00:00.005,1399.67,6.43050057876e-05
2016-12-15 00:00:00.005,1399.76,6.43008709196e-05
2016-12-16 00:00:00.005,1399.86,7.14408184259e-05
2016-12-19 00:00:00.005,1400.17,0.0002214507165
2016-12-20 00:00:00.005,1400.27,7.14198990122e-05
2016-12-21 00:00:00.005,1400.38,7.8556278432e-05
2016-12-22 00:00:00.005,1400.49,7.85501078278e-05
2016-12-23 00:00:00.005,1400.62,9.2824654228e-05
2016-12-26 00:00:00.005,1400.99,0.000264168725279
2016-12-27 00:00:00.005,1401.12,9.27915259923e-05
2016-12-28 00:00:00.005,1401.25,9.2782916524e-05
2016-12-29 00:00:00.005,1401.39,9.99107939341e-05
2016-12-30 00:00:00.005,1401.53,9.99008127645e-05
2017-01-03 00:00:00.005,1402.06,0.00037815815573
2017-01-04 00:00:00.005,1402.18,8.55883485729e-05
2017-01-05 00:00:00.005,1402.29,7.8449271848e-05
2017-01-06 00:00:00.005,1402.41,8.55743105921e-05
2017-01-09 00:00:00.005,1402.77,0.000256700964768
2017-01-10 00:00:00.005,1402.88,7.84162763676e-05
2017-01-11 00:00:00.005,1403.0,8.55383211678e-05
2017-01-12 00:00:00.005,1403.12,8.55310049892e-05
2017-01-13 00:00:00.005,1403.23,7.83967158904e-05
2017-01-16 00:00:00.005,1403.59,0.000256550957434
2017-01-17 00:00:00.005,1403.7,7.83704643095e-05
2017-01-18 00:00:00.005,1403.83,9.2612381563e-05
2017-01-19 00:00:00.005,1403.95,8.54804356654e-05
2017-01-20 00:00:00.005,1404.08,9.2595890167e-05
2017-01-23 00:00:00.005,1404.47,0.000277761950886
2017-01-24 00:00:00.005,1404.6,9.25616068694e-05
2017-01-25 00:00:00.005,1404.73,9.25530400115e-05
2017-01-26 00:00:00.005,1404.87,9.96632804879e-05
2017-02-03 00:00:00.005,1405.87,0.000711809633632
2017-02-06 00:00:00.005,1406.25,0.000270295262009
2017-02-07 00:00:00.005,1406.37,8.53333333333e-05
2017-02-08 00:00:00.005,1406.49,8.53260521769e-05
2017-02-09 00:00:00.005,1406.61,8.53187722627e-05
2017-02-10 00:00:00.005,1406.74,9.24207847237e-05
2017-02-13 00:00:00.005,1407.11,0.00026301946344
2017-02-14 00:00:00.005,1407.23,8.52811791545e-05
2017-02-15 00:00:00.005,1407.35,8.52739068951e-05
2017-02-16 00:00:00.005,1407.48,9.23721888657e-05
2017-02-17 00:00:00.005,1407.6,8.52587603375e-05
2017-02-20 00:00:00.005,1407.98,0.000269963057687
2017-02-21 00:00:00.005,1408.12,9.94332305855e-05
2017-02-22 00:00:00.005,1408.25,9.23216771298e-05
2017-02-23 00:00:00.005,1408.38,9.23131546247e-05
2017-02-24 00:00:00.005,1408.51,9.23046336925e-05
2017-02-27 00:00:00.005,1408.91,0.000283988044103
2017-02-28 00:00:00.005,1409.05,9.93675962269e-05
2017-03-01 00:00:00.005,1409.18,9.2260743054e-05
2017-03-02 00:00:00.005,1409.32,9.93485573169e-05
2017-03-03 00:00:00.005,1409.45,9.22430675787e-05
2017-03-06 00:00:00.005,1409.84,0.00027670367874
2017-03-07 00:00:00.005,1409.98,9.93020484594e-05
2017-03-08 00:00:00.005,1410.11,9.21998893602e-05
2017-03-09 00:00:00.005,1410.23,8.50997439916e-05
2017-03-10 00:00:00.005,1410.37,9.92745864148e-05
2017-03-13 00:00:00.005,1410.76,0.00027652318186
2017-03-14 00:00:00.005,1410.89,9.21489126429e-05
2017-03-15 00:00:00.005,1411.02,9.21404220031e-05
2017-03-16 00:00:00.005,1411.15,9.21319329281e-05
2017-03-17 00:00:00.005,1411.29,9.92098642949e-05
2017-03-20 00:00:00.005,1411.69,0.000283428636212
2017-03-21 00:00:00.005,1411.83,9.91719145138e-05
2017-03-22 00:00:00.005,1412.17,0.000240822195307
2017-03-23 00:00:00.005,1412.31,9.913820574e-05
2017-03-24 00:00:00.005,1412.45,9.91283783307e-05
2017-03-27 00:00:00.005,1412.88,0.000304435555241
2017-03-28 00:00:00.005,1413.0285,0.00010510446747
2017-03-29 00:00:00.005,1413.1816,0.000108348840805
2017-03-30 00:00:00.005,1413.3299,0.000104940511538
2017-03-31 00:00:00.005,1413.4823,0.000107830450626
2017-04-05 00:00:00.005,1414.216,0.000519072647744
2017-04-06 00:00:00.005,1414.3585,0.000100762542639
2017-04-07 00:00:00.005,1414.502,0.000101459424891
2017-04-10 00:00:00.005,1414.9335,0.000305054358354
2017-04-11 00:00:00.005,1415.0744,9.95806516702e-05
2017-04-12 00:00:00.005,1415.2137,9.84400537527e-05
2017-04-13 00:00:00.005,1415.3526,9.81477214359e-05
2017-04-14 00:00:00.005,1415.4929,9.91272422151e-05
2017-04-17 00:00:00.005,1415.9096,0.000294385086637
2017-04-18 00:00:00.005,1416.0507,9.96532546993e-05
2017-04-19 00:00:00.005,1416.1896,9.80897082286e-05
2017-04-20 00:00:00.005,1416.3293,9.86449836944e-05
2017-04-21 00:00:00.005,1416.4747,0.000102659741629
2017-04-24 00:00:00.005,1416.8985,0.000299193483654
2017-04-25 00:00:00.005,1417.0439,0.000102618500902
2017-04-26 00:00:00.005,1417.1879,0.000101619999211
2017-04-27 00:00:00.005,1417.3333,0.000102597545463
2017-04-28 00:00:00.005,1417.4871,0.000108513643192
2017-05-02 00:00:00.005,1418.0687,0.000410303557613
2017-05-03 00:00:00.005,1418.2156,0.000103591596091
2017-05-04 00:00:00.005,1418.3599,0.000101747576321
2017-05-05 00:00:00.005,1418.5041,0.000101666720837
2017-05-08 00:00:00.005,1418.937,0.000305180647698
2017-05-09 00:00:00.005,1419.0792,0.000100215865821
2017-05-10 00:00:00.005,1419.2219,0.000100558164759
2017-05-11 00:00:00.005,1419.3638,9.99843646721e-05
2017-05-12 00:00:00.005,1419.5101,0.000103074349226
2017-05-15 00:00:00.005,1419.9415,0.000303907665046
2017-05-16 00:00:00.005,1420.0847,0.000100849225127
2017-05-17 00:00:00.005,1420.2283,0.000101120728925
2017-05-18 00:00:00.005,1420.3724,0.000101462560632
2017-05-19 00:00:00.005,1420.5224,0.000105606107244
2017-05-22 00:00:00.005,1420.8157,0.000206473336851
2017-05-23 00:00:00.005,1420.9632,0.0001038136051
2017-05-24 00:00:00.005,1421.1089,0.000102536082567
2017-05-25 00:00:00.005,1421.255,0.000102807040333
2017-05-26 00:00:00.005,1421.4081,0.000107721696669
2017-05-31 00:00:00.005,1421.8474,0.000309059727463
2017-06-01 00:00:00.005,1421.9971,0.00010528556018
2017-06-02 00:00:00.005,1422.1506,0.000107946774294
2017-06-05 00:00:00.005,1422.4373,0.000201596089753
