amt,close,high,low,open,date
0.0,1643.532,,,,2008-04-15
0.0,1661.002,,,,2008-04-16
0.0,1658.393,,,,2008-04-17
0.0,1680.146,,,,2008-04-18
0.0,1686.644,,,,2008-04-21
0.0,1708.265,,,,2008-04-22
0.0,1715.416,,,,2008-04-23
,1715.416,,,,2008-04-24
,1715.416,,,,2008-04-25
,1715.416,,,,2008-04-28
,1715.416,,,,2008-04-29
,1715.416,,,,2008-04-30
,1715.416,,,,2008-05-05
,1715.416,,,,2008-05-06
,1715.416,,,,2008-05-07
,1715.416,,,,2008-05-08
,1715.416,,,,2008-05-09
,1715.416,,,,2008-05-12
,1715.416,,,,2008-05-13
,1715.416,,,,2008-05-14
,1715.416,,,,2008-05-15
,1715.416,,,,2008-05-16
,1715.416,,,,2008-05-19
,1715.416,,,,2008-05-20
,1715.416,,,,2008-05-21
0.0,1933.114,,,,2008-05-22
0.0,1949.177,,,,2008-05-23
,1949.177,,,,2008-05-26
0.0,1898.725,,,,2008-05-27
0.0,1934.749,,,,2008-05-28
0.0,1876.745,,,,2008-05-29
0.0,1889.558,,,,2008-05-30
0.0,1899.022,,,,2008-06-02
0.0,1851.055,,,,2008-06-03
0.0,1813.583,,,,2008-06-04
0.0,1894.43,,,,2008-06-05
0.0,2043.619,,,,2008-06-06
0.0,1950.955,,,,2008-06-10
0.0,2019.249,,,,2008-06-11
0.0,2032.894,,,,2008-06-12
0.0,2002.347,,,,2008-06-13
0.0,2000.593,,,,2008-06-16
0.0,1984.641,,,,2008-06-17
0.0,2022.49,,,,2008-06-18
0.0,1956.123,,,,2008-06-19
0.0,1996.186,,,,2008-06-20
0.0,2014.369,,,,2008-06-23
0.0,2020.519,,,,2008-06-24
0.0,1990.689,,,,2008-06-25
0.0,2068.361,,,,2008-06-26
0.0,2078.201,,,,2008-06-27
0.0,2073.951,,,,2008-06-30
0.0,2086.746,,,,2008-07-01
0.0,2136.274,,,,2008-07-02
0.0,2162.794,,,,2008-07-03
,2162.794,,,,2008-07-04
0.0,2105.116,,,,2008-07-07
0.0,2026.87,,,,2008-07-08
0.0,2028.538,,,,2008-07-09
0.0,2108.383,,,,2008-07-10
0.0,2149.115,,,,2008-07-11
0.0,2146.276,,,,2008-07-14
0.0,2065.375,,,,2008-07-15
0.0,2008.092,,,,2008-07-16
0.0,1938.33,,,,2008-07-17
0.0,1924.182,,,,2008-07-18
0.0,1959.666,,,,2008-07-21
0.0,1915.715,,,,2008-07-22
0.0,1855.173,,,,2008-07-23
0.0,1871.986,,,,2008-07-24
0.0,1842.705,,,,2008-07-25
0.0,1861.732,,,,2008-07-28
0.0,1817.626,,,,2008-07-29
0.0,1881.143,,,,2008-07-30
0.0,1837.18,,,,2008-07-31
0.0,1843.287,,,,2008-08-01
0.0,1792.292,,,,2008-08-04
0.0,1749.197,,,,2008-08-05
0.0,1734.739,,,,2008-08-06
0.0,1744.222,,,,2008-08-07
0.0,1684.663,,,,2008-08-08
0.0,1677.26,,,,2008-08-11
0.0,1653.705,,,,2008-08-12
0.0,1686.781,,,,2008-08-13
0.0,1670.27,,,,2008-08-14
0.0,1656.379,,,,2008-08-15
0.0,1648.482,,,,2008-08-18
0.0,1668.374,,,,2008-08-19
0.0,1685.646,,,,2008-08-20
0.0,1769.338,,,,2008-08-21
0.0,1677.663,,,,2008-08-22
0.0,1680.982,,,,2008-08-25
0.0,1690.241,,,,2008-08-26
0.0,1713.342,,,,2008-08-27
0.0,1682.243,,,,2008-08-28
0.0,1681.303,,,,2008-08-29
,1681.303,,,,2008-09-01
0.0,1600.738,,,,2008-09-02
0.0,1594.983,,,,2008-09-03
0.0,1570.717,,,,2008-09-04
0.0,1540.472,,,,2008-09-05
0.0,1532.088,,,,2008-09-08
0.0,1487.431,,,,2008-09-09
0.0,1469.17,,,,2008-09-10
0.0,1447.6,,,,2008-09-11
0.0,1450.958,,,,2008-09-12
0.0,1303.284,,,,2008-09-16
0.0,1381.89,,,,2008-09-17
0.0,1387.399,,,,2008-09-18
0.0,1450.47,,,,2008-09-19
0.0,1539.539,,,,2008-09-22
0.0,1493.545,,,,2008-09-23
0.0,1486.839,,,,2008-09-24
0.0,1519.283,,,,2008-09-25
0.0,1505.525,,,,2008-09-26
0.0,1224.961,,,,2008-10-06
0.0,1237.216,,,,2008-10-07
0.0,1234.533,,,,2008-10-08
0.0,1209.793,,,,2008-10-09
0.0,1096.724,,,,2008-10-10
0.0,1143.862,,,,2008-10-13
0.0,1104.16,,,,2008-10-14
0.0,1050.466,,,,2008-10-15
0.0,982.777,,,,2008-10-16
0.0,1006.254,,,,2008-10-17
0.0,1039.796,,,,2008-10-20
0.0,1005.907,,,,2008-10-21
0.0,932.2942,,,,2008-10-22
0.0,950.8453,,,,2008-10-23
0.0,899.7029,,,,2008-10-24
0.0,893.4345,,,,2008-10-27
0.0,879.0352,,,,2008-10-28
0.0,949.1877,,,,2008-10-29
0.0,925.0328,,,,2008-10-30
0.0,949.518,,,,2008-10-31
0.0,884.1166,,,,2008-11-03
0.0,970.109,,,,2008-11-04
0.0,902.6682,,,,2008-11-05
0.0,841.5891,,,,2008-11-06
0.0,841.1772,,,,2008-11-07
0.0,863.8926,,,,2008-11-10
0.0,817.0291,,,,2008-11-11
0.0,773.0437,,,,2008-11-12
0.0,797.9669,,,,2008-11-13
0.0,769.7887,,,,2008-11-14
0.0,741.8982,,,,2008-11-17
0.0,734.6492,,,,2008-11-18
0.0,731.9156,,,,2008-11-19
0.0,681.2907,,,,2008-11-20
0.0,696.482,,,,2008-11-21
0.0,761.3503,,,,2008-11-24
0.0,716.0611,,,,2008-11-25
0.0,765.8723,,,,2008-11-26
,765.8723,,,,2008-11-27
0.0,760.542,,,,2008-11-28
0.0,684.8798,,,,2008-12-01
0.0,651.9025,,,,2008-12-02
0.0,654.0928,,,,2008-12-03
0.0,610.9893,,,,2008-12-04
0.0,576.3697,,,,2008-12-05
0.0,626.6692,,,,2008-12-08
0.0,603.5755,,,,2008-12-09
0.0,615.8371,,,,2008-12-10
0.0,680.1752,,,,2008-12-11
0.0,669.4885,,,,2008-12-12
0.0,644.2054,,,,2008-12-15
0.0,637.1686,,,,2008-12-16
0.0,622.9638,,,,2008-12-17
0.0,597.1599,,,,2008-12-18
0.0,603.1558,,,,2008-12-19
0.0,572.5313,,,,2008-12-22
0.0,558.0655,,,,2008-12-23
0.0,510.4963,,,,2008-12-24
,510.4963,,,,2008-12-25
0.0,534.3476,,,,2008-12-26
0.0,563.0218,,,,2008-12-29
0.0,559.3734,,,,2008-12-30
0.0,636.2685,,,,2008-12-31
0.0,682.9312,,,,2009-01-05
0.0,694.2728,,,,2009-01-06
0.0,634.3235,,,,2009-01-07
0.0,619.729,,,,2009-01-08
0.0,615.8102,,,,2009-01-09
0.0,593.2482,,,,2009-01-12
0.0,616.8295,,,,2009-01-13
0.0,618.9848,,,,2009-01-14
0.0,619.1109,,,,2009-01-15
0.0,603.8554,,,,2009-01-16
,603.8554,,,,2009-01-19
0.0,563.5481,,,,2009-01-20
0.0,577.9398,,,,2009-01-21
0.0,584.8887,,,,2009-01-22
0.0,620.9891,,,,2009-01-23
0.0,565.0664,,,,2009-02-02
0.0,566.8074,,,,2009-02-03
0.0,571.7739,,,,2009-02-04
0.0,597.3337,,,,2009-02-05
0.0,595.3533,,,,2009-02-06
0.0,590.7597,,,,2009-02-09
0.0,568.7231,,,,2009-02-10
0.0,562.5816,,,,2009-02-11
0.0,570.0896,,,,2009-02-12
0.0,554.3957,,,,2009-02-13
,554.3957,,,,2009-02-16
0.0,508.755,,,,2009-02-17
0.0,488.3854,,,,2009-02-18
0.0,518.7117,,,,2009-02-19
0.0,517.0385,,,,2009-02-20
0.0,507.7039,,,,2009-02-23
0.0,525.4466,,,,2009-02-24
0.0,544.3882,,,,2009-02-25
0.0,570.6413,,,,2009-02-26
0.0,565.7319,,,,2009-02-27
0.0,517.3224,,,,2009-03-02
0.0,534.107,,,,2009-03-03
0.0,563.2377,,,,2009-03-04
0.0,536.7523,,,,2009-03-05
0.0,550.6607,,,,2009-03-06
0.0,543.5908,,,,2009-03-09
0.0,541.5542,,,,2009-03-10
0.0,511.5226,,,,2009-03-11
0.0,553.4749,,,,2009-03-12
0.0,548.9304,,,,2009-03-13
0.0,556.1719,,,,2009-03-16
0.0,578.5673,,,,2009-03-17
0.0,573.5565,,,,2009-03-18
0.0,606.7983,,,,2009-03-19
0.0,612.1673,,,,2009-03-20
0.0,640.8703,,,,2009-03-23
0.0,640.7577,,,,2009-03-24
0.0,619.7686,,,,2009-03-25
0.0,639.4828,,,,2009-03-26
0.0,623.042,,,,2009-03-27
0.0,577.3338,,,,2009-03-30
0.0,589.7,,,,2009-03-31
0.0,578.5064,,,,2009-04-01
0.0,628.7789,,,,2009-04-02
0.0,636.8301,,,,2009-04-03
0.0,611.1837,,,,2009-04-07
0.0,614.3902,,,,2009-04-08
0.0,640.0134,,,,2009-04-09
,640.0134,,,,2009-04-10
0.0,618.4029,,,,2009-04-13
0.0,617.5357,,,,2009-04-14
0.0,611.042,,,,2009-04-15
0.0,617.5419,,,,2009-04-16
0.0,620.6224,,,,2009-04-17
0.0,581.3081,,,,2009-04-20
0.0,580.6264,,,,2009-04-21
0.0,579.4888,,,,2009-04-22
0.0,582.9105,,,,2009-04-23
0.0,599.8962,,,,2009-04-24
0.0,585.1989,,,,2009-04-27
0.0,581.3256,,,,2009-04-28
0.0,590.4466,,,,2009-04-29
0.0,591.1327,,,,2009-04-30
0.0,635.4828,,,,2009-05-04
0.0,630.1288,,,,2009-05-05
0.0,651.4481,,,,2009-05-06
0.0,654.6433,,,,2009-05-07
0.0,673.1128,,,,2009-05-08
0.0,665.4271,,,,2009-05-11
0.0,668.6793,,,,2009-05-12
0.0,661.3273,,,,2009-05-13
0.0,666.4895,,,,2009-05-14
0.0,636.6619,,,,2009-05-15
0.0,664.1484,,,,2009-05-18
0.0,669.8714,,,,2009-05-19
0.0,687.3702,,,,2009-05-20
0.0,680.6447,,,,2009-05-21
0.0,690.4053,,,,2009-05-22
,690.4053,,,,2009-05-25
0.0,695.4664,,,,2009-05-26
0.0,708.7039,,,,2009-05-27
0.0,769.51,,,,2009-06-01
0.0,772.205,,,,2009-06-02
0.0,747.87,,,,2009-06-03
0.0,778.9409,,,,2009-06-04
0.0,774.57,,,,2009-06-05
0.0,770.3264,,,,2009-06-08
0.0,788.2222,,,,2009-06-09
0.0,800.9112,,,,2009-06-10
0.0,813.599,,,,2009-06-11
0.0,805.2752,,,,2009-06-12
0.0,788.5205,,,,2009-06-15
0.0,788.1909,,,,2009-06-16
0.0,795.6344,,,,2009-06-17
0.0,797.0815,,,,2009-06-18
0.0,776.4307,,,,2009-06-19
0.0,751.4556,,,,2009-06-22
0.0,770.6708,,,,2009-06-23
0.0,765.6778,,,,2009-06-24
0.0,781.895,,,,2009-06-25
0.0,772.1269,,,,2009-06-26
0.0,795.349,,,,2009-06-29
0.0,776.2525,,,,2009-06-30
0.0,770.1489,,,,2009-07-01
0.0,746.2768,,,,2009-07-02
,746.2768,,,,2009-07-03
0.0,715.7529,,,,2009-07-06
0.0,705.2064,,,,2009-07-07
0.0,675.4471,,,,2009-07-08
0.0,680.9909,,,,2009-07-09
0.0,673.2763,,,,2009-07-10
0.0,673.2428,,,,2009-07-13
0.0,674.7008,,,,2009-07-14
0.0,704.4121,,,,2009-07-15
0.0,708.9269,,,,2009-07-16
0.0,726.6454,,,,2009-07-17
0.0,738.9799,,,,2009-07-20
0.0,743.2751,,,,2009-07-21
0.0,747.5703,,,,2009-07-22
0.0,770.3513,,,,2009-07-23
0.0,780.9187,,,,2009-07-24
0.0,784.6723,,,,2009-07-27
0.0,773.7828,,,,2009-07-28
0.0,736.7043,,,,2009-07-29
0.0,775.5516,,,,2009-07-30
0.0,794.5924,,,,2009-07-31
0.0,814.0821,,,,2009-08-03
0.0,821.0187,,,,2009-08-04
0.0,834.4479,,,,2009-08-05
0.0,827.9596,,,,2009-08-06
0.0,815.0888,,,,2009-08-07
0.0,814.6838,,,,2009-08-10
0.0,802.6816,,,,2009-08-11
0.0,807.5393,,,,2009-08-12
0.0,812.9761,,,,2009-08-13
0.0,785.7613,,,,2009-08-14
0.0,776.4099,,,,2009-08-17
0.0,795.5763,,,,2009-08-18
0.0,819.6425,,,,2009-08-19
0.0,805.6012,,,,2009-08-20
0.0,814.9689,,,,2009-08-21
0.0,816.6143,,,,2009-08-24
0.0,790.3774,,,,2009-08-25
0.0,787.8766,,,,2009-08-26
0.0,796.6996,,,,2009-08-27
0.0,799.8608,,,,2009-08-28
0.0,766.3349,,,,2009-08-31
0.0,745.6499,,,,2009-09-01
0.0,744.4553,,,,2009-09-02
0.0,738.7963,,,,2009-09-03
0.0,735.2061,,,,2009-09-04
,735.2061,,,,2009-09-07
0.0,763.856,,,,2009-09-08
0.0,768.6616,,,,2009-09-09
0.0,769.4452,,,,2009-09-10
0.0,746.1887,,,,2009-09-11
0.0,744.7942,,,,2009-09-14
0.0,760.6276,,,,2009-09-15
0.0,779.3688,,,,2009-09-16
0.0,778.4025,,,,2009-09-17
0.0,775.39,,,,2009-09-18
0.0,747.6137,,,,2009-09-21
0.0,767.0007,,,,2009-09-22
0.0,740.0792,,,,2009-09-23
0.0,706.4805,,,,2009-09-24
0.0,708.9595,,,,2009-09-25
0.0,713.9194,,,,2009-09-28
0.0,713.4909,,,,2009-09-29
0.0,751.7255,,,,2009-09-30
0.0,761.3675,,,,2009-10-09
0.0,775.5395,,,,2009-10-12
0.0,785.7714,,,,2009-10-13
0.0,795.0449,,,,2009-10-14
0.0,820.4111,,,,2009-10-15
0.0,827.9795,,,,2009-10-16
0.0,836.2972,,,,2009-10-19
0.0,831.0769,,,,2009-10-20
0.0,857.4029,,,,2009-10-21
0.0,855.2733,,,,2009-10-22
0.0,849.3069,,,,2009-10-23
0.0,831.7274,,,,2009-10-26
0.0,838.3369,,,,2009-10-27
0.0,816.3837,,,,2009-10-28
0.0,839.939,,,,2009-10-29
0.0,809.9924,,,,2009-10-30
0.0,824.4921,,,,2009-11-02
0.0,841.3329,,,,2009-11-03
0.0,849.5409,,,,2009-11-04
0.0,839.5239,,,,2009-11-05
0.0,816.6108,,,,2009-11-06
0.0,837.3562,,,,2009-11-09
0.0,834.2367,,,,2009-11-10
0.0,838.6247,,,,2009-11-11
0.0,818.385,,,,2009-11-12
0.0,813.2148,,,,2009-11-13
0.0,839.0775,,,,2009-11-16
0.0,841.8232,,,,2009-11-17
0.0,847.2075,,,,2009-11-18
0.0,828.1054,,,,2009-11-19
0.0,823.1463,,,,2009-11-20
0.0,825.6839,,,,2009-11-23
0.0,815.658,,,,2009-11-24
0.0,836.3459,,,,2009-11-25
,836.3459,,,,2009-11-26
0.0,823.049,,,,2009-11-27
0.0,836.9839,,,,2009-11-30
0.0,846.1678,,,,2009-12-01
0.0,830.7594,,,,2009-12-02
0.0,836.0381,,,,2009-12-03
0.0,827.4902,,,,2009-12-04
0.0,815.8841,,,,2009-12-07
0.0,802.449,,,,2009-12-08
0.0,773.3072,,,,2009-12-09
0.0,767.8162,,,,2009-12-10
0.0,767.4199,,,,2009-12-11
0.0,767.5274,,,,2009-12-14
0.0,769.0929,,,,2009-12-15
0.0,783.1759,,,,2009-12-16
0.0,773.3714,,,,2009-12-17
0.0,776.9189,,,,2009-12-18
0.0,768.8894,,,,2009-12-21
0.0,773.585,,,,2009-12-22
0.0,794.3448,,,,2009-12-23
0.0,803.1087,,,,2009-12-24
,803.1087,,,,2009-12-25
0.0,813.6507,,,,2009-12-28
0.0,816.8869,,,,2009-12-29
0.0,821.2706,,,,2009-12-30
0.0,820.4386,,,,2009-12-31
0.0,842.7723,,,,2010-01-04
0.0,847.2598,,,,2010-01-05
0.0,860.5099,,,,2010-01-06
0.0,855.0873,,,,2010-01-07
0.0,854.7762,,,,2010-01-08
0.0,850.5952,,,,2010-01-11
0.0,832.6908,,,,2010-01-12
0.0,822.0817,,,,2010-01-13
0.0,819.8229,,,,2010-01-14
0.0,805.6461,,,,2010-01-15
,805.6461,,,,2010-01-18
0.0,810.5136,,,,2010-01-19
0.0,796.9581,,,,2010-01-20
0.0,778.8491,,,,2010-01-21
0.0,760.74,,,,2010-01-22
0.0,769.1264,,,,2010-01-25
0.0,764.5741,,,,2010-01-26
0.0,754.0194,,,,2010-01-27
0.0,753.1926,,,,2010-01-28
0.0,745.9495,,,,2010-01-29
0.0,762.8217,,,,2010-02-01
0.0,792.9392,,,,2010-02-02
0.0,790.561,,,,2010-02-03
0.0,750.2019,,,,2010-02-04
0.0,725.2627,,,,2010-02-05
0.0,731.281,,,,2010-02-08
0.0,752.0114,,,,2010-02-09
0.0,756.2757,,,,2010-02-10
0.0,766.7213,,,,2010-02-11
0.0,753.4848,,,,2010-02-12
0.0,811.5947,,,,2010-02-22
0.0,796.7157,,,,2010-02-23
0.0,805.3388,,,,2010-02-24
0.0,786.9702,,,,2010-02-25
0.0,800.2117,,,,2010-02-26
0.0,792.521,,,,2010-03-01
0.0,805.1474,,,,2010-03-02
0.0,816.3371,,,,2010-03-03
0.0,809.6688,,,,2010-03-04
0.0,822.8086,,,,2010-03-05
0.0,827.9432,,,,2010-03-08
0.0,822.478,,,,2010-03-09
0.0,828.9468,,,,2010-03-10
0.0,828.9094,,,,2010-03-11
0.0,820.5411,,,,2010-03-12
0.0,806.9726,,,,2010-03-15
0.0,825.66,,,,2010-03-16
0.0,839.4469,,,,2010-03-17
0.0,835.2647,,,,2010-03-18
0.0,819.4433,,,,2010-03-19
0.0,825.8868,,,,2010-03-22
0.0,828.0345,,,,2010-03-23
0.0,817.5217,,,,2010-03-24
0.0,817.8315,,,,2010-03-25
0.0,814.0573,,,,2010-03-26
0.0,832.8547,,,,2010-03-29
0.0,835.0022,,,,2010-03-30
0.0,850.0148,,,,2010-03-31
0.0,863.2917,,,,2010-04-01
,863.2917,,,,2010-04-02
0.0,885.2626,,,,2010-04-06
0.0,880.1616,,,,2010-04-07
0.0,873.4268,,,,2010-04-08
0.0,874.5118,,,,2010-04-09
0.0,875.5222,,,,2010-04-12
0.0,874.0422,,,,2010-04-13
0.0,886.4473,,,,2010-04-14
0.0,893.9514,,,,2010-04-15
0.0,878.0425,,,,2010-04-16
0.0,861.33,,,,2010-04-19
0.0,866.604,,,,2010-04-20
0.0,876.3378,,,,2010-04-21
0.0,876.8481,,,,2010-04-22
0.0,891.954,,,,2010-04-23
0.0,888.1131,,,,2010-04-26
0.0,878.2849,,,,2010-04-27
0.0,882.343,,,,2010-04-28
0.0,890.3542,,,,2010-04-29
0.0,896.5409,,,,2010-04-30
0.0,878.4123,,,,2010-05-04
0.0,848.0074,,,,2010-05-05
0.0,819.9336,,,,2010-05-06
0.0,804.2259,,,,2010-05-07
0.0,823.3488,,,,2010-05-10
0.0,827.7105,,,,2010-05-11
0.0,835.2621,,,,2010-05-12
0.0,825.5267,,,,2010-05-13
0.0,790.8746,,,,2010-05-14
0.0,762.3386,,,,2010-05-17
0.0,754.8298,,,,2010-05-18
0.0,746.4194,,,,2010-05-19
0.0,727.2915,,,,2010-05-20
0.0,725.8924,,,,2010-05-21
0.0,721.1943,,,,2010-05-24
0.0,704.9707,,,,2010-05-25
0.0,726.0089,,,,2010-05-26
0.0,755.5614,,,,2010-05-27
0.0,749.2543,,,,2010-05-28
,749.2543,,,,2010-05-31
0.0,736.7469,,,,2010-06-01
0.0,747.1678,,,,2010-06-02
0.0,763.1983,,,,2010-06-03
0.0,729.6446,,,,2010-06-04
0.0,730.055,,,,2010-06-07
0.0,731.1174,,,,2010-06-08
0.0,750.3022,,,,2010-06-09
0.0,761.6653,,,,2010-06-10
0.0,752.8332,,,,2010-06-11
0.0,786.0183,,,,2010-06-17
0.0,782.0469,,,,2010-06-18
0.0,786.7192,,,,2010-06-21
0.0,779.372,,,,2010-06-22
0.0,761.596,,,,2010-06-23
0.0,762.7903,,,,2010-06-24
0.0,779.8761,,,,2010-06-25
0.0,774.8181,,,,2010-06-28
0.0,752.6725,,,,2010-06-29
0.0,747.7097,,,,2010-06-30
0.0,721.0942,,,,2010-07-01
0.0,713.5488,,,,2010-07-02
,713.5488,,,,2010-07-05
0.0,712.5682,,,,2010-07-06
0.0,732.7347,,,,2010-07-07
0.0,745.1539,,,,2010-07-08
0.0,751.1279,,,,2010-07-09
0.0,739.2299,,,,2010-07-12
0.0,761.3255,,,,2010-07-13
0.0,760.7155,,,,2010-07-14
0.0,755.58,,,,2010-07-15
0.0,748.9622,,,,2010-07-16
0.0,752.1339,,,,2010-07-19
0.0,757.2759,,,,2010-07-20
0.0,749.4722,,,,2010-07-21
0.0,773.8847,,,,2010-07-22
0.0,770.0339,,,,2010-07-23
0.0,770.7356,,,,2010-07-26
0.0,756.9033,,,,2010-07-27
0.0,756.017,,,,2010-07-28
0.0,769.7569,,,,2010-07-29
0.0,775.5909,,,,2010-07-30
0.0,800.9004,,,,2010-08-02
0.0,817.9022,,,,2010-08-03
0.0,815.1385,,,,2010-08-04
0.0,809.9041,,,,2010-08-05
0.0,796.4668,,,,2010-08-06
0.0,804.6477,,,,2010-08-09
0.0,791.6055,,,,2010-08-10
0.0,771.9146,,,,2010-08-11
0.0,749.9372,,,,2010-08-12
0.0,745.9195,,,,2010-08-13
0.0,746.9095,,,,2010-08-16
0.0,759.5639,,,,2010-08-17
0.0,755.0559,,,,2010-08-18
0.0,742.8982,,,,2010-08-19
0.0,733.0942,,,,2010-08-20
0.0,726.827,,,,2010-08-23
0.0,715.0612,,,,2010-08-24
0.0,725.0679,,,,2010-08-25
0.0,739.5861,,,,2010-08-26
0.0,755.2813,,,,2010-08-27
0.0,755.0949,,,,2010-08-30
0.0,735.3845,,,,2010-08-31
0.0,752.4529,,,,2010-09-01
0.0,757.2617,,,,2010-09-02
0.0,754.8128,,,,2010-09-03
,754.8128,,,,2010-09-06
0.0,763.7502,,,,2010-09-07
0.0,767.1859,,,,2010-09-08
0.0,760.7038,,,,2010-09-09
0.0,767.9274,,,,2010-09-10
0.0,775.012,,,,2010-09-13
0.0,776.8897,,,,2010-09-14
0.0,777.9658,,,,2010-09-15
0.0,768.7015,,,,2010-09-16
0.0,765.8755,,,,2010-09-17
0.0,776.9078,,,,2010-09-20
0.0,768.3266,,,,2010-09-21
0.0,768.0543,,,,2010-09-27
0.0,769.8136,,,,2010-09-28
0.0,790.4012,,,,2010-09-29
0.0,805.7209,,,,2010-09-30
0.0,823.1068,,,,2010-10-08
0.0,821.4014,,,,2010-10-11
0.0,818.4656,,,,2010-10-12
0.0,827.6658,,,,2010-10-13
0.0,822.1315,,,,2010-10-14
0.0,805.8141,,,,2010-10-15
0.0,824.3772,,,,2010-10-18
0.0,792.2251,,,,2010-10-19
0.0,816.126,,,,2010-10-20
0.0,799.1285,,,,2010-10-21
0.0,810.1091,,,,2010-10-22
0.0,815.1699,,,,2010-10-25
0.0,816.1443,,,,2010-10-26
0.0,811.9699,,,,2010-10-27
0.0,815.2759,,,,2010-10-28
0.0,810.0328,,,,2010-10-29
0.0,824.2255,,,,2010-11-01
0.0,831.709,,,,2010-11-02
0.0,841.1355,,,,2010-11-03
0.0,856.8769,,,,2010-11-04
0.0,858.24,,,,2010-11-05
0.0,861.5308,,,,2010-11-08
0.0,860.0005,,,,2010-11-09
0.0,865.9975,,,,2010-11-10
0.0,865.6515,,,,2010-11-11
0.0,840.5589,,,,2010-11-12
0.0,842.6993,,,,2010-11-15
0.0,822.9358,,,,2010-11-16
0.0,808.889,,,,2010-11-17
0.0,825.5582,,,,2010-11-18
0.0,818.6816,,,,2010-11-19
0.0,815.0087,,,,2010-11-22
0.0,808.3259,,,,2010-11-23
0.0,833.135,,,,2010-11-24
,833.135,,,,2010-11-25
0.0,830.6221,,,,2010-11-26
0.0,847.5893,,,,2010-11-29
0.0,833.349,,,,2010-11-30
0.0,861.5513,,,,2010-12-01
0.0,878.4164,,,,2010-12-02
0.0,886.5604,,,,2010-12-03
0.0,886.9609,,,,2010-12-06
0.0,887.1583,,,,2010-12-07
0.0,881.6971,,,,2010-12-08
0.0,883.4249,,,,2010-12-09
0.0,878.3925,,,,2010-12-10
0.0,885.7425,,,,2010-12-13
0.0,885.8427,,,,2010-12-14
0.0,892.3319,,,,2010-12-15
0.0,887.3016,,,,2010-12-16
0.0,887.8859,,,,2010-12-17
0.0,897.5767,,,,2010-12-20
0.0,901.4521,,,,2010-12-21
0.0,905.134,,,,2010-12-22
0.0,910.3648,,,,2010-12-23
,910.3648,,,,2010-12-24
0.0,907.0865,,,,2010-12-27
0.0,911.8346,,,,2010-12-28
0.0,909.8062,,,,2010-12-29
0.0,900.4203,,,,2010-12-30
0.0,916.4951,,,,2010-12-31
0.0,905.089,,,,2011-01-04
0.0,923.2933,,,,2011-01-05
0.0,913.616,,,,2011-01-06
0.0,902.0992,,,,2011-01-07
0.0,924.3756,,,,2011-01-10
0.0,940.4882,,,,2011-01-11
0.0,944.0945,,,,2011-01-12
0.0,942.0062,,,,2011-01-13
0.0,952.4726,,,,2011-01-14
,952.4726,,,,2011-01-17
0.0,947.9353,,,,2011-01-18
0.0,950.4582,,,,2011-01-19
0.0,936.2214,,,,2011-01-20
0.0,945.235,,,,2011-01-21
0.0,936.3344,,,,2011-01-24
0.0,923.1629,,,,2011-01-25
0.0,949.1305,,,,2011-01-26
0.0,944.6781,,,,2011-01-27
0.0,964.6395,,,,2011-01-28
0.0,979.6686,,,,2011-01-31
0.0,987.3263,,,,2011-02-01
0.0,990.9234,,,,2011-02-09
0.0,982.3091,,,,2011-02-10
0.0,977.3314,,,,2011-02-11
0.0,997.7008,,,,2011-02-14
0.0,983.2324,,,,2011-02-15
0.0,1003.497,,,,2011-02-16
0.0,992.6948,,,,2011-02-17
0.0,992.4089,,,,2011-02-18
,992.4089,,,,2011-02-21
0.0,1020.693,,,,2011-02-22
0.0,1070.095,,,,2011-02-23
0.0,1072.028,,,,2011-02-24
0.0,1079.846,,,,2011-02-25
0.0,1077.058,,,,2011-02-28
0.0,1112.472,,,,2011-03-01
0.0,1120.967,,,,2011-03-02
0.0,1107.946,,,,2011-03-03
0.0,1118.178,,,,2011-03-04
0.0,1111.534,,,,2011-03-07
0.0,1093.243,,,,2011-03-08
0.0,1118.312,,,,2011-03-09
0.0,1112.294,,,,2011-03-10
0.0,1098.398,,,,2011-03-11
0.0,1096.767,,,,2011-03-14
0.0,1047.342,,,,2011-03-15
0.0,1066.17,,,,2011-03-16
0.0,1106.815,,,,2011-03-17
0.0,1098.322,,,,2011-03-18
0.0,1109.336,,,,2011-03-21
0.0,1116.386,,,,2011-03-22
0.0,1114.748,,,,2011-03-23
0.0,1116.006,,,,2011-03-24
0.0,1114.271,,,,2011-03-25
0.0,1106.17,,,,2011-03-28
0.0,1109.842,,,,2011-03-29
0.0,1109.749,,,,2011-03-30
0.0,1131.474,,,,2011-03-31
0.0,1143.159,,,,2011-04-01
0.0,1177.155,,,,2011-04-06
0.0,1180.343,,,,2011-04-07
0.0,1217.401,,,,2011-04-08
0.0,1191.304,,,,2011-04-11
0.0,1163.016,,,,2011-04-12
0.0,1181.102,,,,2011-04-13
0.0,1178.391,,,,2011-04-14
0.0,1192.73,,,,2011-04-15
0.0,1175.104,,,,2011-04-18
0.0,1172.49,,,,2011-04-19
0.0,1196.42,,,,2011-04-20
0.0,1197.681,,,,2011-04-21
,1197.681,,,,2011-04-22
0.0,1194.395,,,,2011-04-25
0.0,1199.144,,,,2011-04-26
0.0,1209.609,,,,2011-04-27
0.0,1208.352,,,,2011-04-28
0.0,1216.976,,,,2011-04-29
0.0,1184.046,,,,2011-05-03
0.0,1171.841,,,,2011-05-04
0.0,1071.186,,,,2011-05-05
0.0,1054.524,,,,2011-05-06
0.0,1117.318,,,,2011-05-09
0.0,1134.1,,,,2011-05-10
0.0,1084.012,,,,2011-05-11
0.0,1087.607,,,,2011-05-12
0.0,1096.748,,,,2011-05-13
0.0,1073.997,,,,2011-05-16
0.0,1065.927,,,,2011-05-17
0.0,1088.001,,,,2011-05-18
0.0,1079.445,,,,2011-05-19
0.0,1089.267,,,,2011-05-20
0.0,1067.488,,,,2011-05-23
0.0,1090.73,,,,2011-05-24
0.0,1113.875,,,,2011-05-25
0.0,1115.141,,,,2011-05-26
0.0,1115.532,,,,2011-05-27
,1115.532,,,,2011-05-30
0.0,1131.681,,,,2011-05-31
0.0,1110.387,,,,2011-06-01
0.0,1119.821,,,,2011-06-02
0.0,1122.74,,,,2011-06-03
0.0,1131.304,,,,2011-06-07
0.0,1142.323,,,,2011-06-08
0.0,1158.106,,,,2011-06-09
0.0,1150.989,,,,2011-06-10
0.0,1151.13,,,,2011-06-13
0.0,1161.194,,,,2011-06-14
0.0,1100.137,,,,2011-06-15
0.0,1110.103,,,,2011-06-16
0.0,1102.484,,,,2011-06-17
0.0,1087.932,,,,2011-06-20
0.0,1080.02,,,,2011-06-21
0.0,1111.381,,,,2011-06-22
0.0,1046.61,,,,2011-06-23
0.0,1028.83,,,,2011-06-24
0.0,1034.792,,,,2011-06-27
0.0,1062.538,,,,2011-06-28
0.0,1097.905,,,,2011-06-29
0.0,1098.199,,,,2011-06-30
0.0,1090.482,,,,2011-07-01
,1090.482,,,,2011-07-04
0.0,1105.921,,,,2011-07-05
0.0,1106.215,,,,2011-07-06
0.0,1153.892,,,,2011-07-07
0.0,1149.887,,,,2011-07-08
0.0,1137.832,,,,2011-07-11
0.0,1142.601,,,,2011-07-12
0.0,1151.553,,,,2011-07-13
0.0,1136.876,,,,2011-07-14
0.0,1145.768,,,,2011-07-15
0.0,1132.972,,,,2011-07-18
0.0,1142.352,,,,2011-07-19
0.0,1153.589,,,,2011-07-20
0.0,1147.434,,,,2011-07-21
0.0,1158.182,,,,2011-07-22
0.0,1151.247,,,,2011-07-25
0.0,1154.864,,,,2011-07-26
0.0,1144.9,,,,2011-07-27
0.0,1144.804,,,,2011-07-28
0.0,1138.553,,,,2011-07-29
0.0,1138.559,,,,2011-08-01
0.0,1135.143,,,,2011-08-02
0.0,1104.76,,,,2011-08-03
0.0,1047.019,,,,2011-08-04
0.0,1068.322,,,,2011-08-05
0.0,1014.053,,,,2011-08-08
0.0,1001.669,,,,2011-08-09
0.0,1041.361,,,,2011-08-10
0.0,1052.222,,,,2011-08-11
0.0,1050.66,,,,2011-08-12
0.0,1071.665,,,,2011-08-15
0.0,1063.852,,,,2011-08-16
0.0,1077.724,,,,2011-08-17
0.0,1042.169,,,,2011-08-18
0.0,1057.408,,,,2011-08-19
0.0,1054.774,,,,2011-08-22
0.0,1063.468,,,,2011-08-23
0.0,1071.088,,,,2011-08-24
0.0,1075.386,,,,2011-08-25
0.0,1082.42,,,,2011-08-26
0.0,1087.208,,,,2011-08-29
0.0,1107.429,,,,2011-08-30
0.0,1114.365,,,,2011-08-31
0.0,1108.114,,,,2011-09-01
0.0,1087.503,,,,2011-09-02
,1087.503,,,,2011-09-05
0.0,1093.366,,,,2011-09-06
0.0,1121.5,,,,2011-09-07
0.0,1106.751,,,,2011-09-08
0.0,1083.257,,,,2011-09-09
0.0,1072.516,,,,2011-09-13
0.0,1070.943,,,,2011-09-14
0.0,1094.687,,,,2011-09-15
0.0,1093.801,,,,2011-09-16
0.0,1065.132,,,,2011-09-19
0.0,1076.462,,,,2011-09-20
0.0,1072.62,,,,2011-09-21
0.0,1024.443,,,,2011-09-22
0.0,1009.468,,,,2011-09-23
0.0,1009.863,,,,2011-09-26
0.0,1040.997,,,,2011-09-27
0.0,1010.455,,,,2011-09-28
0.0,1009.667,,,,2011-09-29
0.0,993.9038,,,,2011-09-30
0.0,1050.36,,,,2011-10-10
0.0,1063.748,,,,2011-10-11
0.0,1072.229,,,,2011-10-12
0.0,1074.919,,,,2011-10-13
0.0,1104.592,,,,2011-10-14
0.0,1085.311,,,,2011-10-17
0.0,1098.0,,,,2011-10-18
0.0,1072.124,,,,2011-10-19
0.0,1083.914,,,,2011-10-20
0.0,1082.716,,,,2011-10-21
0.0,1100.702,,,,2011-10-24
0.0,1095.407,,,,2011-10-25
0.0,1077.224,,,,2011-10-26
0.0,1111.294,,,,2011-10-27
0.0,1092.112,,,,2011-10-28
0.0,1087.418,,,,2011-10-31
0.0,1082.822,,,,2011-11-01
0.0,1080.524,,,,2011-11-02
0.0,1095.511,,,,2011-11-03
0.0,1106.401,,,,2011-11-04
0.0,1130.58,,,,2011-11-07
0.0,1137.484,,,,2011-11-08
0.0,1113.318,,,,2011-11-09
0.0,1124.331,,,,2011-11-10
0.0,1128.429,,,,2011-11-11
0.0,1113.849,,,,2011-11-14
0.0,1123.704,,,,2011-11-15
0.0,1121.291,,,,2011-11-16
0.0,1086.901,,,,2011-11-17
0.0,1079.963,,,,2011-11-18
0.0,1072.523,,,,2011-11-21
0.0,1092.534,,,,2011-11-22
0.0,1072.926,,,,2011-11-23
,1072.926,,,,2011-11-24
0.0,1063.475,,,,2011-11-25
0.0,1086.202,,,,2011-11-28
0.0,1104.705,,,,2011-11-29
0.0,1105.913,,,,2011-11-30
0.0,1093.143,,,,2011-12-01
0.0,1102.898,,,,2011-12-02
0.0,1101.392,,,,2011-12-05
0.0,1111.247,,,,2011-12-06
0.0,1098.879,,,,2011-12-07
0.0,1085.538,,,,2011-12-08
0.0,1091.235,,,,2011-12-09
0.0,1076.998,,,,2011-12-12
0.0,1096.337,,,,2011-12-13
0.0,1047.26,,,,2011-12-14
0.0,1040.206,,,,2011-12-15
0.0,1036.478,,,,2011-12-16
0.0,1036.882,,,,2011-12-19
0.0,1068.223,,,,2011-12-20
0.0,1078.603,,,,2011-12-21
0.0,1080.216,,,,2011-12-22
0.0,1081.022,,,,2011-12-23
,1081.022,,,,2011-12-26
0.0,1094.123,,,,2011-12-27
0.0,1078.604,,,,2011-12-28
0.0,1083.543,,,,2011-12-29
0.0,1076.993,,,,2011-12-30
0.0,1141.897,,,,2012-01-04
0.0,1132.324,,,,2012-01-05
0.0,1136.859,,,,2012-01-06
0.0,1131.922,,,,2012-01-09
0.0,1138.213,,,,2012-01-10
0.0,1129.096,,,,2012-01-11
0.0,1118.724,,,,2012-01-12
0.0,1112.465,,,,2012-01-13
,1112.465,,,,2012-01-16
0.0,1125.392,,,,2012-01-17
0.0,1116.607,,,,2012-01-18
0.0,1125.192,,,,2012-01-19
0.0,1107.924,,,,2012-01-20
0.0,1115.611,,,,2012-01-30
0.0,1117.834,,,,2012-01-31
0.0,1123.087,,,,2012-02-01
0.0,1127.936,,,,2012-02-02
0.0,1153.69,,,,2012-02-03
0.0,1167.732,,,,2012-02-06
0.0,1169.451,,,,2012-02-07
0.0,1177.638,,,,2012-02-08
0.0,1191.858,,,,2012-02-09
0.0,1178.746,,,,2012-02-10
0.0,1184.83,,,,2012-02-13
0.0,1182.907,,,,2012-02-14
0.0,1197.809,,,,2012-02-15
0.0,1208.556,,,,2012-02-16
0.0,1203.796,,,,2012-02-17
,1203.796,,,,2012-02-20
0.0,1224.789,,,,2012-02-21
0.0,1234.623,,,,2012-02-22
0.0,1242.329,,,,2012-02-23
0.0,1261.691,,,,2012-02-24
0.0,1249.132,,,,2012-02-27
0.0,1222.682,,,,2012-02-28
0.0,1232.112,,,,2012-02-29
0.0,1266.578,,,,2012-03-01
0.0,1242.763,,,,2012-03-02
0.0,1246.12,,,,2012-03-05
0.0,1230.615,,,,2012-03-06
0.0,1252.309,,,,2012-03-07
0.0,1266.615,,,,2012-03-08
0.0,1270.496,,,,2012-03-09
0.0,1264.571,,,,2012-03-12
0.0,1274.153,,,,2012-03-13
0.0,1263.37,,,,2012-03-14
0.0,1243.733,,,,2012-03-15
0.0,1274.875,,,,2012-03-16
0.0,1274.478,,,,2012-03-19
0.0,1259.013,,,,2012-03-20
0.0,1258.609,,,,2012-03-21
0.0,1247.418,,,,2012-03-22
0.0,1265.841,,,,2012-03-23
0.0,1271.855,,,,2012-03-26
0.0,1269.721,,,,2012-03-27
0.0,1256.393,,,,2012-03-28
0.0,1237.773,,,,2012-03-29
0.0,1242.355,,,,2012-03-30
0.0,1250.004,,,,2012-04-05
,1250.004,,,,2012-04-06
0.0,1242.891,,,,2012-04-09
0.0,1216.228,,,,2012-04-10
0.0,1220.288,,,,2012-04-11
0.0,1237.429,,,,2012-04-12
0.0,1233.778,,,,2012-04-13
0.0,1209.477,,,,2012-04-16
0.0,1212.135,,,,2012-04-17
0.0,1203.66,,,,2012-04-18
0.0,1203.561,,,,2012-04-19
0.0,1210.714,,,,2012-04-20
0.0,1209.701,,,,2012-04-23
0.0,1204.699,,,,2012-04-24
0.0,1213.486,,,,2012-04-25
0.0,1220.945,,,,2012-04-26
0.0,1219.62,,,,2012-04-27
0.0,1204.312,,,,2012-05-02
0.0,1183.273,,,,2012-05-03
0.0,1152.734,,,,2012-05-04
0.0,1152.335,,,,2012-05-07
0.0,1148.045,,,,2012-05-08
0.0,1151.894,,,,2012-05-09
0.0,1147.699,,,,2012-05-10
0.0,1141.35,,,,2012-05-11
0.0,1132.848,,,,2012-05-14
0.0,1136.44,,,,2012-05-15
0.0,1120.447,,,,2012-05-16
0.0,1096.763,,,,2012-05-17
0.0,1092.254,,,,2012-05-18
0.0,1108.772,,,,2012-05-21
0.0,1104.776,,,,2012-05-22
0.0,1076.99,,,,2012-05-23
0.0,1086.529,,,,2012-05-24
0.0,1090.633,,,,2012-05-25
,1090.633,,,,2012-05-28
0.0,1089.515,,,,2012-05-29
0.0,1056.909,,,,2012-05-30
0.0,1040.094,,,,2012-05-31
0.0,1004.719,,,,2012-06-01
0.0,1008.725,,,,2012-06-04
0.0,1008.625,,,,2012-06-05
0.0,1026.777,,,,2012-06-06
0.0,1020.114,,,,2012-06-07
0.0,1016.997,,,,2012-06-08
0.0,1002.676,,,,2012-06-11
0.0,995.7394,,,,2012-06-12
0.0,992.1906,,,,2012-06-13
0.0,997.12,,,,2012-06-14
0.0,1001.331,,,,2012-06-15
0.0,986.2488,,,,2012-06-18
0.0,984.3011,,,,2012-06-19
0.0,954.6381,,,,2012-06-20
0.0,919.8425,,,,2012-06-21
0.0,937.5081,,,,2012-06-25
0.0,956.6036,,,,2012-06-26
0.0,959.7883,,,,2012-06-27
0.0,938.7473,,,,2012-06-28
0.0,1004.755,,,,2012-06-29
0.0,997.1667,,,,2012-07-02
0.0,1031.455,,,,2012-07-03
,1031.455,,,,2012-07-04
0.0,1029.818,,,,2012-07-05
0.0,1003.85,,,,2012-07-06
0.0,1023.773,,,,2012-07-09
0.0,1001.869,,,,2012-07-10
0.0,1023.053,,,,2012-07-11
0.0,1028.757,,,,2012-07-12
0.0,1039.928,,,,2012-07-13
0.0,1060.567,,,,2012-07-16
0.0,1066.862,,,,2012-07-17
0.0,1077.49,,,,2012-07-18
0.0,1104.211,,,,2012-07-19
0.0,1094.93,,,,2012-07-20
0.0,1056.976,,,,2012-07-23
0.0,1057.907,,,,2012-07-24
0.0,1067.71,,,,2012-07-25
0.0,1074.831,,,,2012-07-26
0.0,1087.11,,,,2012-07-27
0.0,1085.262,,,,2012-07-30
0.0,1071.235,,,,2012-07-31
0.0,1080.007,,,,2012-08-01
0.0,1076.915,,,,2012-08-02
0.0,1108.486,,,,2012-08-03
0.0,1116.027,,,,2012-08-06
0.0,1138.623,,,,2012-08-07
0.0,1140.858,,,,2012-08-08
0.0,1152.7,,,,2012-08-09
0.0,1146.217,,,,2012-08-10
0.0,1153.138,,,,2012-08-13
0.0,1157.09,,,,2012-08-14
0.0,1178.188,,,,2012-08-15
0.0,1189.311,,,,2012-08-16
0.0,1174.039,,,,2012-08-17
0.0,1174.258,,,,2012-08-20
0.0,1184.861,,,,2012-08-21
0.0,1188.398,,,,2012-08-22
0.0,1187.362,,,,2012-08-23
0.0,1174.376,,,,2012-08-24
0.0,1160.773,,,,2012-08-27
0.0,1165.764,,,,2012-08-28
0.0,1164.624,,,,2012-08-29
0.0,1166.082,,,,2012-08-30
0.0,1185.207,,,,2012-08-31
,1185.207,,,,2012-09-03
0.0,1180.96,,,,2012-09-04
0.0,1171.195,,,,2012-09-05
0.0,1175.251,,,,2012-09-06
0.0,1182.217,,,,2012-09-07
0.0,1187.943,,,,2012-09-10
0.0,1192.668,,,,2012-09-11
0.0,1198.709,,,,2012-09-12
0.0,1204.317,,,,2012-09-13
0.0,1212.453,,,,2012-09-14
0.0,1181.784,,,,2012-09-17
0.0,1163.108,,,,2012-09-18
0.0,1122.414,,,,2012-09-19
0.0,1139.844,,,,2012-09-20
0.0,1154.352,,,,2012-09-21
0.0,1139.126,,,,2012-09-24
0.0,1144.452,,,,2012-09-25
0.0,1139.864,,,,2012-09-26
0.0,1160.321,,,,2012-09-27
0.0,1164.394,,,,2012-09-28
0.0,1157.492,,,,2012-10-08
0.0,1183.128,,,,2012-10-09
0.0,1180.659,,,,2012-10-10
0.0,1197.074,,,,2012-10-11
0.0,1186.15,,,,2012-10-12
0.0,1192.99,,,,2012-10-15
0.0,1190.262,,,,2012-10-16
0.0,1182.91,,,,2012-10-17
0.0,1174.192,,,,2012-10-18
0.0,1149.398,,,,2012-10-19
0.0,1141.948,,,,2012-10-22
,1141.948,,,,2012-10-23
,1141.948,,,,2012-10-24
,1141.948,,,,2012-10-25
,1141.948,,,,2012-10-26
,1141.948,,,,2012-10-29
,1141.948,,,,2012-10-30
,1141.948,,,,2012-10-31
,1141.948,,,,2012-11-01
,1141.948,,,,2012-11-02
,1141.948,,,,2012-11-05
,1141.948,,,,2012-11-06
,1141.948,,,,2012-11-07
,1141.948,,,,2012-11-08
,1141.948,,,,2012-11-09
,1141.948,,,,2012-11-12
,1141.948,,,,2012-11-13
,1141.948,,,,2012-11-14
,1141.948,,,,2012-11-15
,1141.948,,,,2012-11-16
,1141.948,,,,2012-11-19
,1141.948,,,,2012-11-20
,1141.948,,,,2012-11-21
,1141.948,,,,2012-11-22
,1141.948,,,,2012-11-23
,1141.948,,,,2012-11-26
,1141.948,,,,2012-11-27
,1141.948,,,,2012-11-28
,1141.948,,,,2012-11-29
,1141.948,,,,2012-11-30
,1141.948,,,,2012-12-03
,1141.948,,,,2012-12-04
,1141.948,,,,2012-12-05
,1141.948,,,,2012-12-06
,1141.948,,,,2012-12-07
,1141.948,,,,2012-12-10
,1141.948,,,,2012-12-11
,1141.948,,,,2012-12-12
,1141.948,,,,2012-12-13
,1141.948,,,,2012-12-14
0.0,1137.06,,,,2012-12-17
0.0,1149.85,,,,2012-12-18
0.0,1166.04,,,,2012-12-19
0.0,1164.87,,,,2012-12-20
0.0,1151.98,,,,2012-12-21
0.0,1149.54,,,,2012-12-24
,1149.54,,,,2012-12-25
0.0,1172.97,,,,2012-12-26
0.0,1169.89,,,,2012-12-27
0.0,1166.27,,,,2012-12-28
,1166.27,,,,2012-12-31
0.0,1172.78,,,,2013-01-04
0.0,1176.2,,,,2013-01-07
0.0,1182.59,,,,2013-01-08
0.0,1180.99,,,,2013-01-09
0.0,1183.79,,,,2013-01-10
0.0,1170.17,,,,2013-01-11
0.0,1181.38,,,,2013-01-14
0.0,1167.44,,,,2013-01-15
0.0,1167.44,,,,2013-01-16
0.0,1182.24,,,,2013-01-17
0.0,1188.89,,,,2013-01-18
,1188.89,,,,2013-01-21
0.0,1194.05,,,,2013-01-22
0.0,1197.48,,,,2013-01-23
0.0,1203.27,,,,2013-01-24
0.0,1202.53,,,,2013-01-25
0.0,1204.89,,,,2013-01-28
0.0,1214.54,,,,2013-01-29
0.0,1221.19,,,,2013-01-30
0.0,1228.06,,,,2013-01-31
0.0,1241.57,,,,2013-02-01
0.0,1229.78,,,,2013-02-04
0.0,1239.11,,,,2013-02-05
0.0,1242.01,,,,2013-02-06
0.0,1247.27,,,,2013-02-07
,1247.27,,,,2013-02-08
,1247.27,,,,2013-02-18
,1247.27,,,,2013-02-19
,1247.27,,,,2013-02-20
,1247.27,,,,2013-02-21
,1247.27,,,,2013-02-22
,1247.27,,,,2013-02-25
,1247.27,,,,2013-02-26
,1247.27,,,,2013-02-27
,1247.27,,,,2013-02-28
,1247.27,,,,2013-03-01
,1247.27,,,,2013-03-04
,1247.27,,,,2013-03-05
,1247.27,,,,2013-03-06
0.0,1192.27,,,,2013-03-07
0.0,1191.19,,,,2013-03-08
0.0,1185.65,,,,2013-03-11
0.0,1181.12,,,,2013-03-12
0.0,1170.99,,,,2013-03-13
0.0,1177.62,,,,2013-03-14
0.0,1186.85,,,,2013-03-15
0.0,1184.37,,,,2013-03-18
0.0,1161.99,,,,2013-03-19
0.0,1175.46,,,,2013-03-20
0.0,1162.76,,,,2013-03-21
0.0,1165.04,,,,2013-03-22
0.0,1171.35,,,,2013-03-25
0.0,1185.04,,,,2013-03-26
0.0,1188.74,,,,2013-03-27
0.0,1192.65,,,,2013-03-28
,1192.65,,,,2013-03-29
,1192.65,,,,2013-04-01
0.0,1200.7,,,,2013-04-02
0.0,1161.81,,,,2013-04-03
0.0,1138.1,,,,2013-04-08
0.0,1152.49,,,,2013-04-09
0.0,1148.73,,,,2013-04-10
0.0,1134.38,,,,2013-04-11
0.0,1118.93,,,,2013-04-12
0.0,1093.81,,,,2013-04-15
0.0,1087.17,,,,2013-04-16
0.0,1062.91,,,,2013-04-17
0.0,1076.73,,,,2013-04-18
0.0,1082.17,,,,2013-04-19
0.0,1091.42,,,,2013-04-22
0.0,1090.34,,,,2013-04-23
0.0,1106.11,,,,2013-04-24
0.0,1123.09,,,,2013-04-25
0.0,1119.93,,,,2013-04-26
0.0,1113.42,,,,2013-05-02
0.0,1128.32,,,,2013-05-03
0.0,1142.69,,,,2013-05-06
0.0,1132.25,,,,2013-05-07
0.0,1131.9,,,,2013-05-08
0.0,1133.97,,,,2013-05-09
0.0,1127.78,,,,2013-05-10
0.0,1117.04,,,,2013-05-13
0.0,1115.52,,,,2013-05-14
0.0,1125.0,,,,2013-05-15
0.0,1129.47,,,,2013-05-16
0.0,1138.85,,,,2013-05-17
0.0,1141.14,,,,2013-05-20
0.0,1131.44,,,,2013-05-21
0.0,1116.83,,,,2013-05-22
0.0,1114.98,,,,2013-05-23
0.0,1116.4,,,,2013-05-24
,1116.4,,,,2013-05-27
0.0,1133.74,,,,2013-05-28
0.0,1114.45,,,,2013-05-29
0.0,1112.16,,,,2013-05-30
0.0,1092.43,,,,2013-05-31
0.0,1109.98,,,,2013-06-03
0.0,1121.76,,,,2013-06-04
0.0,1120.02,,,,2013-06-05
0.0,1126.56,,,,2013-06-06
0.0,1137.9,,,,2013-06-07
,1129.46,,,,2013-06-13
0.0,1154.68,,,,2013-06-14
0.0,1150.09,,,,2013-06-17
0.0,1156.65,,,,2013-06-18
0.0,1157.53,,,,2013-06-19
0.0,1113.67,,,,2013-06-20
0.0,1099.78,,,,2013-06-21
0.0,1102.52,,,,2013-06-24
0.0,1103.83,,,,2013-06-25
0.0,1108.21,,,,2013-06-26
0.0,1120.46,,,,2013-06-27
0.0,1112.7,,,,2013-06-28
0.0,1121.12,,,,2013-07-01
0.0,1131.95,,,,2013-07-02
0.0,1151.1,,,,2013-07-03
,1151.1,,,,2013-07-04
0.0,1170.25,,,,2013-07-05
0.0,1166.75,,,,2013-07-08
0.0,1171.28,,,,2013-07-09
0.0,1177.51,,,,2013-07-10
0.0,1171.13,,,,2013-07-11
0.0,1180.56,,,,2013-07-12
0.0,1181.0,,,,2013-07-15
0.0,1181.56,,,,2013-07-16
0.0,1187.17,,,,2013-07-17
0.0,1187.83,,,,2013-07-18
0.0,1179.91,,,,2013-07-19
0.0,1179.91,,,,2013-07-22
0.0,1183.33,,,,2013-07-23
0.0,1170.78,,,,2013-07-24
0.0,1175.51,,,,2013-07-25
0.0,1169.79,,,,2013-07-26
0.0,1172.88,,,,2013-07-29
0.0,1167.93,,,,2013-07-30
0.0,1176.62,,,,2013-07-31
0.0,1195.88,,,,2013-08-01
0.0,1189.72,,,,2013-08-02
0.0,1186.09,,,,2013-08-05
0.0,1178.72,,,,2013-08-06
0.0,1168.7,,,,2013-08-07
0.0,1159.65,,,,2013-08-08
0.0,1176.05,,,,2013-08-09
0.0,1186.2,,,,2013-08-12
0.0,1193.86,,,,2013-08-13
0.0,1196.63,,,,2013-08-14
0.0,1205.16,,,,2013-08-15
0.0,1212.03,,,,2013-08-16
0.0,1207.05,,,,2013-08-19
0.0,1208.94,,,,2013-08-20
0.0,1205.17,,,,2013-08-21
0.0,1206.39,,,,2013-08-22
0.0,1216.92,,,,2013-08-23
0.0,1213.27,,,,2013-08-26
0.0,1251.61,,,,2013-08-27
0.0,1274.66,,,,2013-08-28
0.0,1258.93,,,,2013-08-29
0.0,1244.63,,,,2013-08-30
,1244.63,,,,2013-09-02
0.0,1260.82,,,,2013-09-03
0.0,1260.82,,,,2013-09-04
0.0,1258.49,,,,2013-09-05
0.0,1267.91,,,,2013-09-06
0.0,1244.76,,,,2013-09-09
0.0,1219.35,,,,2013-09-10
0.0,1221.55,,,,2013-09-11
0.0,1235.82,,,,2013-09-12
0.0,1236.12,,,,2013-09-13
0.0,1220.77,,,,2013-09-16
0.0,1201.51,,,,2013-09-17
,1201.51,,,,2013-09-18
0.0,1202.63,,,,2013-09-23
0.0,1207.11,,,,2013-09-24
0.0,1203.08,,,,2013-09-25
0.0,1212.82,,,,2013-09-26
0.0,1206.33,,,,2013-09-27
0.0,1203.3,,,,2013-09-30
0.0,1225.56,,,,2013-10-08
0.0,1212.94,,,,2013-10-09
0.0,1242.17,,,,2013-10-10
0.0,1236.7,,,,2013-10-11
0.0,1234.57,,,,2013-10-14
0.0,1226.45,,,,2013-10-15
0.0,1239.98,,,,2013-10-16
0.0,1223.53,,,,2013-10-17
0.0,1233.68,,,,2013-10-18
0.0,1230.08,,,,2013-10-21
0.0,1233.58,,,,2013-10-22
0.0,1210.36,,,,2013-10-23
0.0,1201.56,,,,2013-10-24
0.0,1201.79,,,,2013-10-25
0.0,1229.42,,,,2013-10-28
0.0,1223.67,,,,2013-10-29
0.0,1234.38,,,,2013-10-30
0.0,1224.8,,,,2013-10-31
0.0,1193.91,,,,2013-11-01
0.0,1196.28,,,,2013-11-04
0.0,1187.03,,,,2013-11-05
0.0,1187.82,,,,2013-11-06
0.0,1168.1,,,,2013-11-07
0.0,1183.86,,,,2013-11-08
0.0,1196.48,,,,2013-11-11
0.0,1188.99,,,,2013-11-12
0.0,1204.42,,,,2013-11-13
0.0,1219.23,,,,2013-11-14
0.0,1221.49,,,,2013-11-15
0.0,1221.05,,,,2013-11-18
0.0,1203.98,,,,2013-11-19
0.0,1215.63,,,,2013-11-20
0.0,1237.67,,,,2013-11-21
0.0,1248.98,,,,2013-11-22
0.0,1248.2,,,,2013-11-25
0.0,1247.18,,,,2013-11-26
0.0,1252.72,,,,2013-11-27
,1252.72,,,,2013-11-28
0.0,1235.89,,,,2013-11-29
0.0,1255.34,,,,2013-12-02
0.0,1267.55,,,,2013-12-03
0.0,1259.64,,,,2013-12-04
0.0,1249.92,,,,2013-12-05
0.0,1257.27,,,,2013-12-06
0.0,1233.98,,,,2013-12-09
0.0,1233.87,,,,2013-12-10
0.0,1238.1,,,,2013-12-11
0.0,1225.13,,,,2013-12-12
0.0,1223.89,,,,2013-12-13
0.0,1235.45,,,,2013-12-16
0.0,1225.6,,,,2013-12-17
0.0,1238.17,,,,2013-12-18
0.0,1245.19,,,,2013-12-19
0.0,1260.82,,,,2013-12-20
0.0,1259.59,,,,2013-12-23
0.0,1263.44,,,,2013-12-24
,1263.44,,,,2013-12-25
,1263.44,,,,2013-12-26
0.0,1266.62,,,,2013-12-27
0.0,1256.66,,,,2013-12-30
0.0,1251.79,,,,2013-12-31
0.0,1218.61,,,,2014-01-02
0.0,1206.61,,,,2014-01-03
0.0,1205.26,,,,2014-01-06
0.0,1211.71,,,,2014-01-07
0.0,1208.54,,,,2014-01-08
0.0,1200.14,,,,2014-01-09
0.0,1207.19,,,,2014-01-10
0.0,1199.53,,,,2014-01-13
0.0,1195.69,,,,2014-01-14
,1195.69,,,,2014-01-15
0.0,1196.38,,,,2014-01-16
0.0,1203.53,,,,2014-01-17
,1203.53,,,,2014-01-20
0.0,1204.79,,,,2014-01-21
0.0,1221.38,,,,2014-01-22
0.0,1214.67,,,,2014-01-23
0.0,1217.74,,,,2014-01-24
0.0,1204.57,,,,2014-01-27
0.0,1214.0,,,,2014-01-28
0.0,1218.32,,,,2014-01-29
0.0,1219.0,,,,2014-01-30
0.0,1236.62,,,,2014-02-07
0.0,1226.6,,,,2014-02-10
0.0,1229.42,,,,2014-02-11
0.0,1231.43,,,,2014-02-12
0.0,1233.28,,,,2014-02-13
0.0,1239.78,,,,2014-02-14
,1239.78,,,,2014-02-17
0.0,1255.18,,,,2014-02-18
,1255.18,,,,2014-02-19
0.0,1253.7,,,,2014-02-20
0.0,1248.01,,,,2014-02-21
0.0,1256.22,,,,2014-02-24
0.0,1242.88,,,,2014-02-25
0.0,1243.0,,,,2014-02-26
0.0,1237.3,,,,2014-02-27
0.0,1238.33,,,,2014-02-28
0.0,1238.33,,,,2014-03-03
0.0,1240.96,,,,2014-03-04
0.0,1223.06,,,,2014-03-05
0.0,1226.26,,,,2014-03-06
0.0,1236.4,,,,2014-03-07
0.0,1225.53,,,,2014-03-10
0.0,1229.57,,,,2014-03-11
0.0,1223.86,,,,2014-03-12
0.0,1219.68,,,,2014-03-13
0.0,1233.97,,,,2014-03-14
0.0,1211.8,,,,2014-03-17
0.0,1218.09,,,,2014-03-18
0.0,1208.14,,,,2014-03-19
0.0,1214.66,,,,2014-03-20
0.0,1219.47,,,,2014-03-21
0.0,1218.9,,,,2014-03-24
0.0,1221.19,,,,2014-03-25
0.0,1222.45,,,,2014-03-26
0.0,1231.59,,,,2014-03-27
0.0,1234.34,,,,2014-03-28
0.0,1230.8,,,,2014-03-31
0.0,1206.91,,,,2014-04-01
0.0,1197.88,,,,2014-04-02
0.0,1212.97,,,,2014-04-03
0.0,1219.15,,,,2014-04-04
0.0,1230.38,,,,2014-04-08
0.0,1234.3,,,,2014-04-09
0.0,1229.58,,,,2014-04-10
0.0,1228.03,,,,2014-04-11
0.0,1245.55,,,,2014-04-14
0.0,1248.3,,,,2014-04-15
0.0,1250.82,,,,2014-04-16
0.0,1249.79,,,,2014-04-17
,1249.79,,,,2014-04-18
0.0,1254.72,,,,2014-04-21
0.0,1247.73,,,,2014-04-22
0.0,1246.13,,,,2014-04-23
0.0,1258.84,,,,2014-04-24
0.0,1249.45,,,,2014-04-25
0.0,1232.4,,,,2014-04-28
0.0,1241.56,,,,2014-04-29
0.0,1231.14,,,,2014-04-30
0.0,1226.45,,,,2014-05-05
0.0,1219.24,,,,2014-05-06
0.0,1232.06,,,,2014-05-07
0.0,1230.6,,,,2014-05-08
0.0,1227.96,,,,2014-05-09
0.0,1233.95,,,,2014-05-12
0.0,1241.84,,,,2014-05-13
0.0,1249.79,,,,2014-05-14
0.0,1247.6,,,,2014-05-15
0.0,1254.05,,,,2014-05-16
0.0,1250.02,,,,2014-05-19
0.0,1253.71,,,,2014-05-20
0.0,1263.26,,,,2014-05-21
0.0,1261.19,,,,2014-05-22
0.0,1263.95,,,,2014-05-23
,1263.95,,,,2014-05-26
0.0,1258.43,,,,2014-05-27
,1258.43,,,,2014-05-28
0.0,1256.94,,,,2014-05-29
0.0,1251.07,,,,2014-05-30
0.0,1244.74,,,,2014-06-03
0.0,1240.02,,,,2014-06-04
0.0,1244.51,,,,2014-06-05
0.0,1241.64,,,,2014-06-06
0.0,1256.42,,,,2014-06-09
0.0,1253.35,,,,2014-06-10
0.0,1259.24,,,,2014-06-11
0.0,1293.61,,,,2014-06-12
0.0,1294.08,,,,2014-06-13
0.0,1300.69,,,,2014-06-16
0.0,1307.29,,,,2014-06-17
0.0,1316.22,,,,2014-06-18
0.0,1325.37,,,,2014-06-19
0.0,1323.75,,,,2014-06-20
0.0,1317.73,,,,2014-06-23
0.0,1321.32,,,,2014-06-24
0.0,1315.3,,,,2014-06-25
0.0,1306.26,,,,2014-06-26
0.0,1307.65,,,,2014-06-27
0.0,1298.61,,,,2014-06-30
0.0,1298.96,,,,2014-07-01
0.0,1288.54,,,,2014-07-02
0.0,1284.83,,,,2014-07-03
,1284.83,,,,2014-07-04
0.0,1276.72,,,,2014-07-07
0.0,1263.75,,,,2014-07-08
0.0,1257.02,,,,2014-07-09
0.0,1263.8,,,,2014-07-10
0.0,1245.46,,,,2014-07-11
0.0,1252.07,,,,2014-07-14
0.0,1241.65,,,,2014-07-15
0.0,1243.5,,,,2014-07-16
0.0,1249.87,,,,2014-07-17
0.0,1243.85,,,,2014-07-18
0.0,1250.8,,,,2014-07-21
0.0,1245.48,,,,2014-07-22
0.0,1252.88,,,,2014-07-23
0.0,1243.63,,,,2014-07-24
0.0,1257.98,,,,2014-07-25
0.0,1248.37,,,,2014-07-28
0.0,1250.46,,,,2014-07-29
0.0,1238.19,,,,2014-07-30
0.0,1232.87,,,,2014-07-31
0.0,1221.07,,,,2014-08-01
0.0,1226.51,,,,2014-08-04
0.0,1218.06,,,,2014-08-05
0.0,1218.29,,,,2014-08-06
0.0,1227.67,,,,2014-08-07
0.0,1222.26,,,,2014-08-08
0.0,1220.2,,,,2014-08-11
0.0,1203.79,,,,2014-08-12
0.0,1216.63,,,,2014-08-13
0.0,1182.78,,,,2014-08-14
0.0,1199.13,,,,2014-08-15
0.0,1177.95,,,,2014-08-18
0.0,1177.95,,,,2014-08-19
0.0,1185.44,,,,2014-08-20
0.0,1190.16,,,,2014-08-21
0.0,1186.48,,,,2014-08-22
0.0,1190.16,,,,2014-08-25
0.0,1189.01,,,,2014-08-26
0.0,1191.55,,,,2014-08-27
0.0,1187.4,,,,2014-08-28
0.0,1194.89,,,,2014-08-29
,1194.89,,,,2014-09-01
0.0,1162.54,,,,2014-09-02
0.0,1189.94,,,,2014-09-03
0.0,1177.97,,,,2014-09-04
0.0,1167.6,,,,2014-09-05
0.0,1150.79,,,,2014-09-09
0.0,1137.76,,,,2014-09-10
0.0,1138.54,,,,2014-09-11
0.0,1128.79,,,,2014-09-12
0.0,1127.53,,,,2014-09-15
0.0,1140.22,,,,2014-09-16
0.0,1138.28,,,,2014-09-17
0.0,1124.56,,,,2014-09-18
0.0,1132.22,,,,2014-09-19
0.0,1117.02,,,,2014-09-22
0.0,1115.65,,,,2014-09-23
0.0,1116.1,,,,2014-09-24
0.0,1116.22,,,,2014-09-25
0.0,1116.22,,,,2014-09-26
0.0,1118.28,,,,2014-09-29
0.0,1089.81,,,,2014-09-30
0.0,1049.39,,,,2014-10-08
0.0,1032.97,,,,2014-10-09
0.0,1035.77,,,,2014-10-10
0.0,1023.63,,,,2014-10-13
0.0,976.9,,,,2014-10-14
0.0,961.9,,,,2014-10-15
0.0,981.11,,,,2014-10-16
0.0,984.86,,,,2014-10-17
0.0,976.11,,,,2014-10-20
0.0,984.41,,,,2014-10-21
0.0,967.36,,,,2014-10-22
0.0,991.57,,,,2014-10-23
0.0,983.5,,,,2014-10-24
0.0,980.43,,,,2014-10-27
0.0,983.39,,,,2014-10-28
0.0,995.9,,,,2014-10-29
0.0,985.78,,,,2014-10-30
0.0,981.69,,,,2014-10-31
0.0,969.86,,,,2014-11-03
0.0,948.03,,,,2014-11-04
0.0,949.63,,,,2014-11-05
0.0,948.94,,,,2014-11-06
0.0,954.74,,,,2014-11-07
0.0,943.23,,,,2014-11-10
0.0,937.07,,,,2014-11-11
0.0,922.83,,,,2014-11-12
0.0,881.45,,,,2014-11-13
0.0,903.11,,,,2014-11-14
0.0,901.87,,,,2014-11-17
0.0,892.05,,,,2014-11-18
0.0,886.41,,,,2014-11-19
0.0,899.61,,,,2014-11-20
0.0,912.14,,,,2014-11-21
0.0,904.24,,,,2014-11-24
0.0,888.56,,,,2014-11-25
0.0,882.02,,,,2014-11-26
,882.02,,,,2014-11-27
0.0,796.28,,,,2014-11-28
0.0,822.9,,,,2014-12-01
0.0,800.23,,,,2014-12-02
0.0,794.36,,,,2014-12-03
0.0,790.64,,,,2014-12-04
0.0,783.98,,,,2014-12-05
0.0,751.92,,,,2014-12-08
0.0,758.25,,,,2014-12-09
0.0,728.43,,,,2014-12-10
0.0,722.14,,,,2014-12-11
0.0,701.92,,,,2014-12-12
0.0,690.31,,,,2014-12-15
0.0,676.91,,,,2014-12-16
0.0,689.42,,,,2014-12-17
0.0,668.76,,,,2014-12-18
0.0,692.99,,,,2014-12-19
0.0,679.93,,,,2014-12-22
0.0,697.35,,,,2014-12-23
0.0,681.38,,,,2014-12-24
,681.38,,,,2014-12-25
0.0,672.56,,,,2014-12-26
0.0,655.14,,,,2014-12-29
0.0,655.92,,,,2014-12-30
0.0,650.12,,,,2014-12-31
0.0,605.0,,,,2015-01-05
0.0,582.22,,,,2015-01-06
0.0,582.66,,,,2015-01-07
0.0,581.1,,,,2015-01-08
0.0,573.21,,,,2015-01-09
0.0,544.92,,,,2015-01-12
0.0,535.17,,,,2015-01-13
0.0,556.62,,,,2015-01-14
0.0,539.74,,,,2015-01-15
0.0,560.55,,,,2015-01-16
,560.55,,,,2015-01-19
0.0,535.39,,,,2015-01-20
0.0,546.28,,,,2015-01-21
0.0,541.16,,,,2015-01-22
0.0,543.89,,,,2015-01-23
0.0,537.79,,,,2015-01-26
0.0,552.6,,,,2015-01-27
0.0,540.08,,,,2015-01-28
0.0,546.17,,,,2015-01-29
0.0,587.56,,,,2015-01-30
0.0,607.06,,,,2015-02-02
0.0,642.56,,,,2015-02-03
0.0,600.74,,,,2015-02-04
0.0,626.33,,,,2015-02-05
0.0,639.08,,,,2015-02-06
0.0,646.44,,,,2015-02-09
0.0,626.63,,,,2015-02-10
0.0,609.91,,,,2015-02-11
0.0,644.49,,,,2015-02-12
0.0,666.3,,,,2015-02-13
,666.3,,,,2015-02-16
0.0,675.49,,,,2015-02-17
0.0,666.52,,,,2015-02-25
0.0,648.98,,,,2015-02-26
0.0,675.07,,,,2015-02-27
0.0,643.43,,,,2015-03-02
0.0,660.42,,,,2015-03-03
0.0,654.33,,,,2015-03-04
0.0,651.66,,,,2015-03-05
0.0,643.32,,,,2015-03-06
0.0,631.74,,,,2015-03-09
0.0,608.51,,,,2015-03-10
0.0,618.95,,,,2015-03-11
0.0,612.36,,,,2015-03-12
0.0,588.56,,,,2015-03-13
0.0,578.98,,,,2015-03-16
0.0,574.66,,,,2015-03-17
0.0,600.25,,,,2015-03-18
0.0,584.66,,,,2015-03-19
0.0,594.36,,,,2015-03-20
0.0,600.15,,,,2015-03-23
0.0,592.04,,,,2015-03-24
0.0,605.0,,,,2015-03-25
0.0,632.07,,,,2015-03-26
0.0,603.31,,,,2015-03-27
0.0,603.31,,,,2015-03-30
0.0,592.04,,,,2015-03-31
0.0,612.9,,,,2015-04-01
0.0,590.78,,,,2015-04-02
,590.78,,,,2015-04-03
0.0,633.65,,,,2015-04-07
0.0,597.1,,,,2015-04-08
0.0,607.61,,,,2015-04-09
0.0,620.76,,,,2015-04-10
0.0,621.7,,,,2015-04-13
0.0,629.97,,,,2015-04-14
0.0,666.12,,,,2015-04-15
0.0,672.66,,,,2015-04-16
0.0,667.26,,,,2015-04-17
0.0,667.16,,,,2015-04-20
0.0,653.03,,,,2015-04-21
0.0,659.37,,,,2015-04-22
0.0,680.46,,,,2015-04-23
0.0,685.24,,,,2015-04-24
0.0,681.29,,,,2015-04-27
0.0,678.8,,,,2015-04-28
0.0,691.16,,,,2015-04-29
0.0,700.61,,,,2015-04-30
0.0,698.33,,,,2015-05-04
0.0,709.13,,,,2015-05-05
0.0,711.21,,,,2015-05-06
0.0,687.94,,,,2015-05-07
0.0,687.28,,,,2015-05-08
0.0,681.73,,,,2015-05-11
0.0,699.3,,,,2015-05-12
0.0,698.33,,,,2015-05-13
0.0,693.07,,,,2015-05-14
0.0,693.49,,,,2015-05-15
0.0,687.92,,,,2015-05-18
0.0,665.25,,,,2015-05-19
,665.25,,,,2015-05-20
0.0,691.12,,,,2015-05-21
0.0,679.47,,,,2015-05-22
,679.47,,,,2015-05-25
0.0,662.78,,,,2015-05-26
0.0,645.77,,,,2015-05-27
0.0,650.93,,,,2015-05-28
0.0,681.64,,,,2015-05-29
0.0,675.15,,,,2015-06-01
0.0,682.26,,,,2015-06-02
0.0,665.15,,,,2015-06-03
0.0,646.08,,,,2015-06-04
0.0,659.59,,,,2015-06-05
0.0,651.58,,,,2015-06-08
0.0,674.52,,,,2015-06-09
0.0,684.22,,,,2015-06-10
0.0,678.2,,,,2015-06-11
0.0,666.56,,,,2015-06-12
0.0,660.33,,,,2015-06-15
0.0,658.6,,,,2015-06-16
0.0,660.44,,,,2015-06-17
0.0,663.71,,,,2015-06-18
0.0,651.25,,,,2015-06-19
0.0,665.14,,,,2015-06-23
0.0,655.23,,,,2015-06-24
0.0,651.15,,,,2015-06-25
0.0,651.96,,,,2015-06-26
0.0,639.3,,,,2015-06-29
0.0,655.03,,,,2015-06-30
0.0,637.97,,,,2015-07-01
0.0,638.99,,,,2015-07-02
,638.99,,,,2015-07-03
0.0,582.42,,,,2015-07-06
0.0,585.79,,,,2015-07-07
0.0,586.09,,,,2015-07-08
0.0,601.12,,,,2015-07-09
0.0,602.55,,,,2015-07-10
0.0,594.15,,,,2015-07-13
0.0,599.21,,,,2015-07-14
0.0,582.58,,,,2015-07-15
0.0,581.06,,,,2015-07-16
0.0,582.68,,,,2015-07-17
0.0,577.92,,,,2015-07-20
0.0,582.48,,,,2015-07-21
0.0,572.75,,,,2015-07-22
0.0,564.23,,,,2015-07-23
0.0,557.84,,,,2015-07-24
0.0,546.79,,,,2015-07-27
0.0,546.09,,,,2015-07-28
0.0,547.91,,,,2015-07-29
0.0,547.3,,,,2015-07-30
0.0,535.85,,,,2015-07-31
0.0,508.88,,,,2015-08-03
0.0,513.34,,,,2015-08-04
0.0,508.48,,,,2015-08-05
0.0,507.87,,,,2015-08-06
0.0,499.25,,,,2015-08-07
0.0,517.22,,,,2015-08-10
0.0,504.07,,,,2015-08-11
0.0,508.67,,,,2015-08-12
0.0,503.4,,,,2015-08-13
0.0,499.61,,,,2015-08-14
0.0,494.93,,,,2015-08-17
0.0,494.93,,,,2015-08-18
0.0,478.46,,,,2015-08-19
0.0,472.67,,,,2015-08-20
0.0,461.19,,,,2015-08-21
0.0,434.1427,,,,2015-08-24
0.0,439.83,,,,2015-08-25
0.0,439.83,,,,2015-08-26
0.0,482.76,,,,2015-08-27
0.0,507.72,,,,2015-08-28
0.0,548.95,,,,2015-08-31
0.0,502.73,,,,2015-09-01
0.0,502.73,,,,2015-09-02
,504.13,,,,2015-09-07
0.0,503.24,,,,2015-09-08
0.0,484.53,,,,2015-09-09
0.0,497.76,,,,2015-09-10
0.0,489.58,,,,2015-09-11
0.0,473.33,,,,2015-09-14
0.0,476.57,,,,2015-09-15
0.0,495.61,,,,2015-09-16
0.0,489.13,,,,2015-09-17
0.0,473.14,,,,2015-09-18
0.0,487.47,,,,2015-09-21
0.0,489.23,,,,2015-09-22
0.0,475.6,,,,2015-09-23
0.0,479.32,,,,2015-09-24
0.0,483.35,,,,2015-09-25
0.0,470.99,,,,2015-09-28
0.0,479.32,,,,2015-09-29
0.0,481.19,,,,2015-09-30
0.0,523.59,,,,2015-10-08
0.0,519.2,,,,2015-10-09
0.0,493.63,,,,2015-10-12
0.0,488.42,,,,2015-10-13
0.0,488.52,,,,2015-10-14
0.0,488.32,,,,2015-10-15
0.0,495.3,,,,2015-10-16
0.0,495.3,,,,2015-10-19
0.0,478.73,,,,2015-10-20
0.0,470.59,,,,2015-10-21
0.0,473.21,,,,2015-10-22
0.0,471.66,,,,2015-10-23
0.0,467.59,,,,2015-10-26
0.0,460.8,,,,2015-10-27
0.0,482.9,,,,2015-10-28
0.0,480.57,,,,2015-10-29
0.0,487.55,,,,2015-10-30
0.0,480.77,,,,2015-11-02
0.0,497.53,,,,2015-11-03
0.0,478.35,,,,2015-11-04
0.0,472.63,,,,2015-11-05
0.0,466.82,,,,2015-11-06
0.0,464.43,,,,2015-11-09
0.0,466.12,,,,2015-11-10
0.0,452.0,,,,2015-11-11
0.0,438.65,,,,2015-11-12
0.0,431.6,,,,2015-11-13
0.0,433.04,,,,2015-11-16
0.0,423.41,,,,2015-11-17
0.0,428.56,,,,2015-11-18
0.0,428.75,,,,2015-11-19
0.0,432.85,,,,2015-11-20
0.0,434.0,,,,2015-11-23
0.0,446.58,,,,2015-11-24
0.0,446.87,,,,2015-11-25
,446.87,,,,2015-11-26
0.0,433.63,,,,2015-11-27
0.0,431.06,,,,2015-11-30
0.0,429.63,,,,2015-12-01
0.0,411.25,,,,2015-12-02
0.0,423.35,,,,2015-12-03
0.0,414.49,,,,2015-12-04
0.0,392.49,,,,2015-12-07
0.0,386.83,,,,2015-12-08
0.0,384.54,,,,2015-12-09
0.0,382.78,,,,2015-12-10
0.0,365.9,,,,2015-12-11
0.0,363.94,,,,2015-12-14
0.0,368.82,,,,2015-12-15
0.0,356.26,,,,2015-12-16
0.0,352.79,,,,2015-12-17
0.0,350.45,,,,2015-12-18
0.0,345.21,,,,2015-12-21
0.0,342.96,,,,2015-12-22
0.0,355.34,,,,2015-12-23
0.0,360.31,,,,2015-12-24
,360.31,,,,2015-12-25
0.0,348.22,,,,2015-12-28
0.0,358.45,,,,2015-12-29
0.0,345.79,,,,2015-12-30
0.0,353.3,,,,2015-12-31
0.0,352.65,,,,2016-01-04
0.0,345.99,,,,2016-01-05
0.0,324.8,,,,2016-01-06
0.0,319.74,,,,2016-01-07
0.0,318.24,,,,2016-01-08
0.0,299.1,,,,2016-01-11
0.0,290.26,,,,2016-01-12
0.0,284.02,,,,2016-01-13
0.0,289.38,,,,2016-01-14
0.0,270.86,,,,2016-01-15
,270.86,,,,2016-01-18
0.0,268.86,,,,2016-01-19
0.0,261.11,,,,2016-01-20
0.0,271.79,,,,2016-01-21
0.0,299.62,,,,2016-01-22
0.0,285.66,,,,2016-01-25
0.0,297.16,,,,2016-01-26
0.0,309.57,,,,2016-01-27
0.0,317.51,,,,2016-01-28
0.0,328.37,,,,2016-01-29
0.0,312.41,,,,2016-02-01
0.0,298.55,,,,2016-02-02
0.0,319.72,,,,2016-02-03
,319.72,,,,2016-02-04
0.0,310.78,,,,2016-02-05
,303.52,,,,2016-02-15
0.0,293.26,,,,2016-02-16
0.0,313.71,,,,2016-02-17
0.0,311.48,,,,2016-02-18
0.0,300.23,,,,2016-02-19
0.0,315.15,,,,2016-02-22
0.0,303.37,,,,2016-02-23
0.0,313.19,,,,2016-02-24
0.0,318.82,,,,2016-02-25
0.0,316.5,,,,2016-02-26
0.0,326.6,,,,2016-02-29
0.0,328.75,,,,2016-03-01
0.0,329.82,,,,2016-03-02
0.0,331.08,,,,2016-03-03
0.0,345.82,,,,2016-03-04
0.0,364.76,,,,2016-03-07
0.0,354.08,,,,2016-03-08
0.0,366.65,,,,2016-03-09
0.0,357.89,,,,2016-03-10
0.0,361.39,,,,2016-03-11
0.0,353.22,,,,2016-03-14
0.0,346.45,,,,2016-03-15
0.0,360.44,,,,2016-03-16
0.0,371.0,,,,2016-03-17
0.0,368.19,,,,2016-03-18
0.0,371.45,,,,2016-03-21
,371.45,,,,2016-03-22
0.0,361.43,,,,2016-03-23
0.0,360.9,,,,2016-03-24
,360.9,,,,2016-03-25
0.0,359.51,,,,2016-03-28
0.0,350.54,,,,2016-03-29
0.0,352.3,,,,2016-03-30
0.0,354.77,,,,2016-03-31
0.0,340.17,,,,2016-04-01
0.0,333.14,,,,2016-04-05
0.0,350.47,,,,2016-04-06
0.0,346.87,,,,2016-04-07
0.0,368.98,,,,2016-04-08
0.0,376.95,,,,2016-04-11
0.0,392.88,,,,2016-04-12
0.0,388.33,,,,2016-04-13
0.0,384.73,,,,2016-04-14
0.0,378.23,,,,2016-04-15
0.0,375.69,,,,2016-04-18
0.0,385.18,,,,2016-04-19
0.0,400.82,,,,2016-04-20
0.0,389.93,,,,2016-04-21
0.0,395.9,,,,2016-04-22
0.0,389.32,,,,2016-04-25
0.0,400.39,,,,2016-04-26
0.0,412.26,,,,2016-04-27
0.0,419.64,,,,2016-04-28
0.0,416.13,,,,2016-04-29
0.0,395.05,,,,2016-05-03
0.0,391.98,,,,2016-05-04
,391.98,,,,2016-05-05
0.0,398.58,,,,2016-05-06
0.0,383.45,,,,2016-05-09
0.0,399.74,,,,2016-05-10
0.0,417.57,,,,2016-05-11
0.0,421.13,,,,2016-05-12
0.0,418.7,,,,2016-05-13
0.0,429.93,,,,2016-05-16
0.0,432.63,,,,2016-05-17
0.0,430.11,,,,2016-05-18
0.0,428.55,,,,2016-05-19
0.0,428.55,,,,2016-05-20
0.0,425.6,,,,2016-05-23
0.0,427.78,,,,2016-05-24
0.0,436.92,,,,2016-05-25
0.0,436.4,,,,2016-05-26
0.0,434.49,,,,2016-05-27
,434.49,,,,2016-05-30
0.0,433.98,,,,2016-05-31
,433.98,,,,2016-06-01
0.0,435.3,,,,2016-06-02
0.0,431.82,,,,2016-06-03
0.0,439.75,,,,2016-06-06
0.0,447.5,,,,2016-06-07
0.0,456.83,,,,2016-06-08
0.0,438.15,,,,2016-06-13
0.0,433.93,,,,2016-06-14
0.0,427.03,,,,2016-06-15
0.0,411.77,,,,2016-06-16
0.0,428.93,,,,2016-06-17
0.0,442.22,,,,2016-06-20
0.0,441.97,,,,2016-06-21
0.0,436.28,,,,2016-06-22
0.0,444.99,,,,2016-06-23
0.0,422.84,,,,2016-06-24
0.0,411.89,,,,2016-06-27
0.0,424.74,,,,2016-06-28
0.0,442.51,,,,2016-06-29
0.0,428.63,,,,2016-06-30
0.0,434.15,,,,2016-07-01
,434.15,,,,2016-07-04
0.0,413.56,,,,2016-07-05
0.0,420.8,,,,2016-07-06
0.0,400.11,,,,2016-07-07
0.0,403.22,,,,2016-07-08
0.0,398.89,,,,2016-07-11
0.0,417.7,,,,2016-07-12
0.0,398.64,,,,2016-07-13
0.0,408.18,,,,2016-07-14
0.0,409.8,,,,2016-07-15
,409.8,,,,2016-07-18
0.0,401.81,,,,2016-07-19
0.0,405.82,,,,2016-07-20
0.0,397.05,,,,2016-07-21
0.0,392.54,,,,2016-07-22
0.0,384.37,,,,2016-07-25
0.0,385.23,,,,2016-07-26
0.0,373.99,,,,2016-07-27
0.0,368.2,,,,2016-07-28
0.0,370.76,,,,2016-07-29
0.0,358.93,,,,2016-08-01
0.0,356.04,,,,2016-08-02
0.0,367.11,,,,2016-08-03
0.0,377.25,,,,2016-08-04
0.0,377.09,,,,2016-08-05
0.0,386.62,,,,2016-08-08
0.0,383.24,,,,2016-08-09
0.0,375.41,,,,2016-08-10
0.0,391.85,,,,2016-08-11
0.0,399.46,,,,2016-08-12
0.0,410.88,,,,2016-08-15
0.0,418.24,,,,2016-08-16
0.0,423.32,,,,2016-08-17
0.0,432.37,,,,2016-08-18
0.0,432.71,,,,2016-08-19
0.0,418.94,,,,2016-08-22
0.0,425.37,,,,2016-08-23
0.0,417.17,,,,2016-08-24
0.0,421.99,,,,2016-08-25
0.0,423.94,,,,2016-08-26
0.0,418.03,,,,2016-08-29
0.0,411.95,,,,2016-08-30
0.0,396.4,,,,2016-08-31
0.0,384.23,,,,2016-09-01
0.0,395.9,,,,2016-09-02
,395.9,,,,2016-09-05
0.0,399.55,,,,2016-09-06
0.0,405.64,,,,2016-09-07
0.0,422.64,,,,2016-09-08
0.0,405.97,,,,2016-09-09
0.0,408.69,,,,2016-09-12
0.0,398.39,,,,2016-09-13
0.0,387.77,,,,2016-09-14
0.0,388.71,,,,2016-09-19
0.0,388.21,,,,2016-09-20
0.0,396.0,,,,2016-09-21
0.0,403.71,,,,2016-09-22
0.0,389.23,,,,2016-09-23
0.0,401.38,,,,2016-09-26
0.0,389.57,,,,2016-09-27
0.0,412.36,,,,2016-09-28
0.0,417.13,,,,2016-09-29
0.0,420.32,,,,2016-09-30
0.0,445.05,,,,2016-10-10
0.0,438.97,,,,2016-10-11
0.0,434.18,,,,2016-10-12
0.0,436.08,,,,2016-10-13
0.0,435.59,,,,2016-10-14
0.0,432.29,,,,2016-10-17
0.0,434.03,,,,2016-10-18
0.0,442.06,,,,2016-10-19
0.0,432.38,,,,2016-10-20
0.0,436.03,,,,2016-10-21
0.0,433.89,,,,2016-10-24
0.0,428.6,,,,2016-10-25
0.0,422.4,,,,2016-10-26
0.0,427.03,,,,2016-10-27
0.0,419.42,,,,2016-10-28
0.0,402.3,,,,2016-10-31
0.0,398.42,,,,2016-11-01
0.0,387.83,,,,2016-11-02
0.0,383.61,,,,2016-11-03
0.0,377.24,,,,2016-11-04
0.0,381.97,,,,2016-11-07
0.0,381.22,,,,2016-11-08
0.0,379.44,,,,2016-11-09
,379.44,,,,2016-11-10
0.0,370.53,,,,2016-11-11
0.0,367.79,,,,2016-11-14
0.0,387.77,,,,2016-11-15
0.0,385.11,,,,2016-11-16
0.0,384.95,,,,2016-11-17
0.0,387.95,,,,2016-11-18
0.0,404.14,,,,2016-11-21
0.0,405.28,,,,2016-11-22
0.0,404.39,,,,2016-11-23
,404.39,,,,2016-11-24
0.0,390.17,,,,2016-11-25
0.0,398.03,,,,2016-11-28
0.0,382.75,,,,2016-11-29
0.0,419.31,,,,2016-11-30
0.0,436.31,,,,2016-12-01
0.0,440.52,,,,2016-12-02
0.0,444.42,,,,2016-12-05
0.0,436.25,,,,2016-12-06
0.0,428.74,,,,2016-12-07
0.0,435.81,,,,2016-12-08
0.0,439.42,,,,2016-12-09
0.0,450.11,,,,2016-12-12
0.0,450.29,,,,2016-12-13
0.0,436.4,,,,2016-12-14
0.0,436.89,,,,2016-12-15
0.0,445.76,,,,2016-12-16
0.0,443.54,,,,2016-12-19
0.0,447.38,,,,2016-12-20
0.0,441.0,,,,2016-12-21
0.0,445.56,,,,2016-12-22
0.0,446.44,,,,2016-12-23
,446.44,,,,2016-12-26
0.0,453.9,,,,2016-12-27
0.0,454.94,,,,2016-12-28
0.0,454.07,,,,2016-12-29
0.0,453.84,,,,2016-12-30
0.0,443.08,,,,2017-01-03
0.0,451.0,,,,2017-01-04
0.0,454.44,,,,2017-01-05
0.0,456.12,,,,2017-01-06
0.0,438.89,,,,2017-01-09
0.0,428.53,,,,2017-01-10
0.0,439.77,,,,2017-01-11
0.0,446.9,,,,2017-01-12
0.0,442.34,,,,2017-01-13
,442.34,,,,2017-01-16
0.0,442.61,,,,2017-01-17
0.0,430.51,,,,2017-01-18
0.0,432.73,,,,2017-01-19
0.0,442.94,,,,2017-01-20
0.0,440.19,,,,2017-01-23
0.0,441.94,,,,2017-01-24
0.0,438.54,,,,2017-01-25
0.0,447.01,,,,2017-01-26
0.0,449.6,,,,2017-02-03
,449.6,,,,2017-02-06
