Date,GVZ
6/3/2008,22.89
6/4/2008,22.69
6/5/2008,22.78
6/6/2008,23.6
6/9/2008,24.47
6/10/2008,25.39
6/11/2008,25.36
6/12/2008,25.04
6/13/2008,24.94
6/16/2008,24.98
6/17/2008,24.45
6/18/2008,23.93
6/19/2008,24.33
6/20/2008,26.22
6/23/2008,27.18
6/24/2008,26.79
6/25/2008,26.78
6/26/2008,27.33
6/27/2008,26.47
6/30/2008,26.92
7/1/2008,27.64
7/2/2008,27.54
7/3/2008,26.85
7/7/2008,26.59
7/8/2008,26.12
7/9/2008,26.09
7/10/2008,26.79
7/11/2008,33.32
7/14/2008,31.09
7/15/2008,30.4
7/16/2008,28.41
7/17/2008,27.28
7/18/2008,27.05
7/21/2008,26.61
7/22/2008,25.81
7/23/2008,25.64
7/24/2008,26.15
7/25/2008,26.06
7/28/2008,26.45
7/29/2008,25.46
7/30/2008,24.92
7/31/2008,22.94
8/1/2008,24.73
8/4/2008,25.42
8/5/2008,26.54
8/6/2008,25.67
8/7/2008,24.84
8/8/2008,26.56
8/11/2008,31.79
8/12/2008,32.18
8/13/2008,28.78
8/14/2008,29.01
8/15/2008,32.58
8/18/2008,32.06
8/19/2008,30.89
8/20/2008,29.61
8/21/2008,29.47
8/22/2008,28.12
8/25/2008,28.71
8/26/2008,28.55
8/27/2008,27.91
8/28/2008,27.5
8/29/2008,27.37
9/2/2008,29.52
9/3/2008,29.59
9/4/2008,29.79
9/5/2008,29.87
9/8/2008,30.9
9/9/2008,33.08
9/10/2008,33.96
9/11/2008,35.95
9/12/2008,35.08
9/15/2008,38.46
9/16/2008,40.18
9/17/2008,50.36
9/18/2008,54.65
9/19/2008,47.26
9/22/2008,52.36
9/23/2008,49.03
9/24/2008,43.31
9/25/2008,43.94
9/26/2008,45.28
9/29/2008,50.57
9/30/2008,48.92
10/1/2008,47.2
10/2/2008,52.54
10/3/2008,50.05
10/6/2008,54.58
10/7/2008,51.51
10/8/2008,50.93
10/9/2008,52.46
10/10/2008,64.53
10/13/2008,61.23
10/14/2008,55.11
10/15/2008,55.8
10/16/2008,54.91
10/17/2008,55.32
10/20/2008,49.36
10/21/2008,47.95
10/22/2008,57.82
10/23/2008,54.21
10/24/2008,57.9
10/27/2008,59.43
10/28/2008,60.2
10/29/2008,59.65
10/30/2008,58.25
10/31/2008,55.61
11/3/2008,52.8
11/4/2008,50.56
11/5/2008,47.62
11/6/2008,46.71
11/7/2008,44.37
11/10/2008,44.79
11/11/2008,44.5
11/12/2008,45.65
11/13/2008,48.36
11/14/2008,50.31
11/17/2008,48.52
11/18/2008,46.22
11/19/2008,44.95
11/20/2008,46.02
11/21/2008,53.09
11/24/2008,54.34
11/25/2008,52.14
11/26/2008,49.74
11/28/2008,48.81
12/1/2008,49.86
12/2/2008,48.06
12/3/2008,47.22
12/4/2008,46.49
12/5/2008,46.24
12/8/2008,45.46
12/9/2008,44.4
12/10/2008,45.46
12/11/2008,46.49
12/12/2008,46.02
12/15/2008,48.54
12/16/2008,46.77
12/17/2008,46.92
12/18/2008,44.61
12/19/2008,42.33
12/22/2008,41.71
12/23/2008,39.71
12/24/2008,39.62
12/26/2008,41.93
12/29/2008,44.33
12/30/2008,43.61
12/31/2008,42.89
1/2/2009,41.86
1/5/2009,40.31
1/6/2009,39.87
1/7/2009,39.72
1/8/2009,39.68
1/9/2009,37.82
1/12/2009,36.93
1/13/2009,35.24
1/14/2009,35.03
1/15/2009,35.25
1/16/2009,34.45
1/20/2009,37.81
1/21/2009,35.95
1/22/2009,35.18
1/23/2009,39.56
1/26/2009,40.27
1/27/2009,37.28
1/28/2009,37.77
1/29/2009,38.7
1/30/2009,39.9
2/2/2009,40.17
2/3/2009,39.2
2/4/2009,38.81
2/5/2009,38.56
2/6/2009,37.9
2/9/2009,37.24
2/10/2009,37.04
2/11/2009,39.18
2/12/2009,39.5
2/13/2009,37.51
2/17/2009,42.83
2/18/2009,43.09
2/19/2009,39.21
2/20/2009,40.73
2/23/2009,42.23
2/24/2009,40.87
2/25/2009,41.15
2/26/2009,39.95
2/27/2009,39.06
3/2/2009,41.41
3/3/2009,38.27
3/4/2009,37.05
3/5/2009,37.8
3/6/2009,38.9
3/9/2009,37.71
3/10/2009,35.95
3/11/2009,35.58
3/12/2009,33.85
3/13/2009,33.65
3/16/2009,35.27
3/17/2009,22.58
3/18/2009,25.69
3/19/2009,41.52
3/20/2009,38.9
3/23/2009,29.76
3/24/2009,36.28
3/25/2009,36.28
3/26/2009,35.19
3/27/2009,33.25
3/30/2009,33.62
3/31/2009,31.39
4/1/2009,32.33
4/2/2009,34.39
4/3/2009,36.42
4/6/2009,32.95
4/7/2009,32.07
4/8/2009,30.42
4/9/2009,28.0
4/13/2009,29.09
4/14/2009,28.88
4/15/2009,27.47
4/16/2009,27.42
4/17/2009,27.41
4/20/2009,28.45
4/21/2009,29.0
4/22/2009,28.67
4/23/2009,29.92
4/24/2009,30.08
4/27/2009,30.24
4/28/2009,28.53
4/29/2009,27.98
4/30/2009,26.7
5/1/2009,26.44
5/4/2009,28.26
5/5/2009,27.49
5/6/2009,26.77
5/7/2009,26.75
5/8/2009,25.93
5/11/2009,23.6
5/12/2009,23.8
5/13/2009,25.41
5/14/2009,23.08
5/15/2009,22.6
5/18/2009,22.46
5/19/2009,22.41
5/20/2009,24.74
5/21/2009,27.94
5/22/2009,28.34
5/26/2009,26.33
5/27/2009,25.82
5/28/2009,26.7
5/29/2009,28.44
6/1/2009,29.5
6/2/2009,28.69
6/3/2009,27.64
6/4/2009,28.16
6/5/2009,26.82
6/8/2009,27.09
6/9/2009,25.03
6/10/2009,24.78
6/11/2009,24.44
6/12/2009,24.79
6/15/2009,25.31
6/16/2009,23.12
6/17/2009,22.8
6/18/2009,22.43
6/19/2009,21.64
6/22/2009,22.1
6/23/2009,21.93
6/24/2009,22.74
6/25/2009,22.72
6/26/2009,21.97
6/29/2009,21.72
6/30/2009,20.9
7/1/2009,20.29
7/2/2009,19.93
7/6/2009,20.6
7/7/2009,20.71
7/8/2009,23.58
7/9/2009,21.02
7/10/2009,20.79
7/13/2009,19.27
7/14/2009,18.8
7/15/2009,19.36
7/16/2009,18.26
7/17/2009,18.1
7/20/2009,18.55
7/21/2009,18.05
7/22/2009,17.46
7/23/2009,18.44
7/24/2009,18.04
7/27/2009,18.72
7/28/2009,19.26
7/29/2009,19.39
7/30/2009,18.85
7/31/2009,20.51
8/3/2009,21.11
8/4/2009,23.58
8/5/2009,22.12
8/6/2009,21.13
8/7/2009,20.95
8/10/2009,20.33
8/11/2009,19.61
8/12/2009,19.83
8/13/2009,19.97
8/14/2009,19.56
8/17/2009,19.83
8/18/2009,18.93
8/19/2009,19.38
8/20/2009,18.12
8/21/2009,19.11
8/24/2009,19.65
8/25/2009,19.56
8/26/2009,19.6
8/27/2009,19.52
8/28/2009,19.32
8/31/2009,20.43
9/1/2009,21.4
9/2/2009,25.58
9/3/2009,28.86
9/4/2009,27.23
9/8/2009,26.97
9/9/2009,24.71
9/10/2009,24.22
9/11/2009,25.67
9/14/2009,24.78
9/15/2009,24.43
9/16/2009,25.09
9/17/2009,23.53
9/18/2009,22.62
9/21/2009,23.22
9/22/2009,24.53
9/23/2009,23.98
9/24/2009,22.0
9/25/2009,21.79
9/28/2009,20.4
9/29/2009,20.45
9/30/2009,21.54
10/1/2009,21.46
10/2/2009,21.38
10/5/2009,22.78
10/6/2009,25.36
10/7/2009,24.01
10/8/2009,24.88
10/9/2009,23.19
10/12/2009,22.47
10/13/2009,22.34
10/14/2009,20.57
10/15/2009,20.35
10/16/2009,20.76
10/19/2009,20.9
10/20/2009,20.09
10/21/2009,21.53
10/22/2009,19.75
10/23/2009,19.98
10/26/2009,20.87
10/27/2009,20.52
10/28/2009,21.19
10/29/2009,20.72
10/30/2009,21.2
11/2/2009,22.3
11/3/2009,25.25
11/4/2009,25.13
11/5/2009,22.76
11/6/2009,21.45
11/9/2009,21.92
11/10/2009,22.04
11/11/2009,22.45
11/12/2009,23.06
11/13/2009,21.9
11/16/2009,24.34
11/17/2009,23.03
11/18/2009,24.1
11/19/2009,23.96
11/20/2009,24.65
11/23/2009,25.64
11/24/2009,23.56
11/25/2009,25.39
11/27/2009,27.14
11/30/2009,26.27
12/1/2009,26.69
12/2/2009,26.74
12/3/2009,26.81
12/4/2009,29.82
12/7/2009,29.12
12/8/2009,29.2
12/9/2009,28.99
12/10/2009,27.86
12/11/2009,27.82
12/14/2009,25.48
12/15/2009,26.05
12/16/2009,24.9
12/17/2009,27.16
12/18/2009,26.59
12/21/2009,25.88
12/22/2009,25.22
12/23/2009,23.36
12/24/2009,23.1
12/28/2009,26.02
12/29/2009,24.85
12/30/2009,24.53
12/31/2009,23.71
1/4/2010,24.59
1/5/2010,23.34
1/6/2010,23.9
1/7/2010,23.32
1/8/2010,22.04
1/11/2010,20.97
1/12/2010,21.97
1/13/2010,20.63
1/14/2010,21.34
1/15/2010,21.48
1/19/2010,21.31
1/20/2010,22.85
1/21/2010,24.82
1/22/2010,26.01
1/25/2010,24.73
1/26/2010,24.35
1/27/2010,24.08
1/28/2010,23.35
1/29/2010,23.87
2/1/2010,23.84
2/2/2010,22.75
2/3/2010,22.09
2/4/2010,27.19
2/5/2010,27.59
2/8/2010,26.88
2/9/2010,25.45
2/10/2010,26.02
2/11/2010,25.48
2/12/2010,24.29
2/16/2010,25.38
2/17/2010,24.88
2/18/2010,24.0
2/19/2010,24.05
2/22/2010,23.53
2/23/2010,23.89
2/24/2010,22.68
2/25/2010,21.85
2/26/2010,21.31
3/1/2010,21.13
3/2/2010,21.76
3/3/2010,21.37
3/4/2010,20.06
3/5/2010,19.29
3/8/2010,19.89
3/9/2010,19.88
3/10/2010,20.93
3/11/2010,20.19
3/12/2010,20.16
3/15/2010,20.9
3/16/2010,20.32
3/17/2010,19.8
3/18/2010,19.23
3/19/2010,19.71
3/22/2010,19.06
3/23/2010,18.52
3/24/2010,20.81
3/25/2010,20.27
3/26/2010,19.73
3/29/2010,19.07
3/30/2010,18.16
3/31/2010,18.14
4/1/2010,17.49
4/5/2010,18.06
4/6/2010,17.93
4/7/2010,19.13
4/8/2010,18.86
4/9/2010,19.4
4/12/2010,18.27
4/13/2010,17.51
4/14/2010,17.31
4/15/2010,17.44
4/16/2010,18.85
4/19/2010,18.94
4/20/2010,17.69
4/21/2010,17.8
4/22/2010,17.77
4/23/2010,17.9
4/26/2010,17.73
4/27/2010,20.9
4/28/2010,20.13
4/29/2010,19.35
4/30/2010,20.42
5/3/2010,20.93
5/4/2010,21.71
5/5/2010,21.79
5/6/2010,26.31
5/7/2010,26.24
5/10/2010,24.35
5/11/2010,25.96
5/12/2010,25.34
5/13/2010,24.41
5/14/2010,26.21
5/17/2010,26.46
5/18/2010,26.25
5/19/2010,27.05
5/20/2010,30.73
5/21/2010,27.78
5/24/2010,25.72
5/25/2010,25.72
5/26/2010,24.74
5/27/2010,23.0
5/28/2010,22.28
6/1/2010,23.15
6/2/2010,21.55
6/3/2010,21.7
6/4/2010,23.15
6/7/2010,24.95
6/8/2010,24.98
6/9/2010,24.58
6/10/2010,23.29
6/11/2010,21.62
6/14/2010,21.79
6/15/2010,21.26
6/16/2010,20.85
6/17/2010,22.78
6/18/2010,22.04
6/21/2010,22.25
6/22/2010,22.37
6/23/2010,22.38
6/24/2010,22.27
6/25/2010,22.06
6/28/2010,22.8
6/29/2010,24.07
6/30/2010,23.46
7/1/2010,25.13
7/2/2010,22.95
7/6/2010,23.7
7/7/2010,22.0
7/8/2010,20.26
7/9/2010,19.68
7/12/2010,18.51
7/13/2010,18.99
7/14/2010,18.24
7/15/2010,17.18
7/16/2010,20.13
7/19/2010,20.31
7/20/2010,20.41
7/21/2010,20.5
7/22/2010,19.81
7/23/2010,20.28
7/26/2010,20.98
7/27/2010,22.12
7/28/2010,21.29
7/29/2010,19.74
7/30/2010,18.86
8/2/2010,18.79
8/3/2010,18.42
8/4/2010,18.11
8/5/2010,18.0
8/6/2010,17.82
8/9/2010,17.61
8/10/2010,18.11
8/11/2010,19.0
8/12/2010,18.74
8/13/2010,18.37
8/16/2010,18.5
8/17/2010,17.37
8/18/2010,17.79
8/19/2010,18.14
8/20/2010,18.87
8/23/2010,18.42
8/24/2010,19.11
8/25/2010,19.6
8/26/2010,18.81
8/27/2010,18.39
8/30/2010,18.52
8/31/2010,19.39
9/1/2010,17.98
9/2/2010,17.83
9/3/2010,17.51
9/7/2010,17.77
9/8/2010,17.88
9/9/2010,17.41
9/10/2010,17.3
9/13/2010,16.69
9/14/2010,18.24
9/15/2010,17.56
9/16/2010,18.26
9/17/2010,18.08
9/20/2010,17.92
9/21/2010,17.94
9/22/2010,17.36
9/23/2010,17.56
9/24/2010,17.81
9/27/2010,18.22
9/28/2010,18.2
9/29/2010,18.65
9/30/2010,18.65
10/1/2010,18.41
10/4/2010,18.88
10/5/2010,19.58
10/6/2010,19.84
10/7/2010,21.43
10/8/2010,20.65
10/11/2010,20.13
10/12/2010,20.01
10/13/2010,20.85
10/14/2010,22.61
10/15/2010,21.05
10/18/2010,20.89
10/19/2010,21.16
10/20/2010,20.51
10/21/2010,21.11
10/22/2010,20.45
10/25/2010,20.06
10/26/2010,20.16
10/27/2010,20.42
10/28/2010,20.81
10/29/2010,21.24
11/1/2010,22.45
11/2/2010,21.87
11/3/2010,20.68
11/4/2010,21.48
11/5/2010,21.06
11/8/2010,22.38
11/9/2010,24.65
11/10/2010,24.02
11/11/2010,23.22
11/12/2010,23.67
11/15/2010,23.32
11/16/2010,23.56
11/17/2010,22.09
11/18/2010,21.31
11/19/2010,20.13
11/22/2010,20.23
11/23/2010,21.33
11/24/2010,20.59
11/26/2010,15.92
11/29/2010,21.51
11/30/2010,22.61
12/1/2010,22.64
12/2/2010,21.69
12/3/2010,20.95
12/6/2010,20.74
12/7/2010,20.97
12/8/2010,21.13
12/9/2010,20.04
12/10/2010,19.63
12/13/2010,17.35
12/14/2010,16.77
12/15/2010,16.87
12/16/2010,17.31
12/17/2010,16.41
12/20/2010,16.3
12/21/2010,16.66
12/22/2010,16.32
12/23/2010,16.23
12/27/2010,17.31
12/28/2010,18.7
12/29/2010,19.54
12/30/2010,19.67
12/31/2010,19.53
1/3/2011,18.95
1/4/2011,18.84
1/5/2011,18.83
1/6/2011,19.24
1/7/2011,18.5
1/10/2011,18.32
1/11/2011,17.52
1/12/2011,16.92
1/13/2011,18.46
1/14/2011,18.72
1/18/2011,17.66
1/19/2011,17.95
1/20/2011,18.53
1/21/2011,19.06
1/24/2011,18.99
1/25/2011,18.73
1/26/2011,18.86
1/27/2011,18.87
1/28/2011,18.65
1/31/2011,18.33
2/1/2011,17.7
2/2/2011,17.22
2/3/2011,17.74
2/4/2011,17.0
2/7/2011,16.14
2/8/2011,15.61
2/9/2011,15.84
2/10/2011,15.49
2/11/2011,15.87
2/14/2011,15.56
2/15/2011,15.23
2/16/2011,15.13
2/17/2011,15.3
2/18/2011,16.17
2/22/2011,16.83
2/23/2011,18.02
2/24/2011,16.62
2/25/2011,15.69
2/28/2011,15.98
3/1/2011,17.46
3/2/2011,17.91
3/3/2011,17.56
3/4/2011,17.5
3/7/2011,17.79
3/8/2011,17.35
3/9/2011,16.65
3/10/2011,17.18
3/11/2011,17.65
3/14/2011,17.95
3/15/2011,19.04
3/16/2011,18.74
3/17/2011,18.16
3/18/2011,18.1
3/21/2011,17.01
3/22/2011,16.63
3/23/2011,16.83
3/24/2011,17.61
3/25/2011,16.95
3/28/2011,17.09
3/29/2011,16.4
3/30/2011,15.91
3/31/2011,17.16
4/1/2011,16.24
4/4/2011,15.82
4/5/2011,16.41
4/6/2011,16.05
4/7/2011,15.74
4/8/2011,15.59
4/11/2011,15.26
4/12/2011,15.65
4/13/2011,14.72
4/14/2011,15.06
4/15/2011,15.78
4/18/2011,16.73
4/19/2011,16.31
4/20/2011,16.38
4/21/2011,15.7
4/25/2011,18.32
4/26/2011,17.3
4/27/2011,17.76
4/28/2011,17.82
4/29/2011,20.25
5/2/2011,21.11
5/3/2011,19.61
5/4/2011,19.8
5/5/2011,22.06
5/6/2011,21.4
5/9/2011,19.95
5/10/2011,19.14
5/11/2011,19.47
5/12/2011,19.23
5/13/2011,19.77
5/16/2011,19.33
5/17/2011,19.0
5/18/2011,18.15
5/19/2011,17.44
5/20/2011,17.55
5/23/2011,18.3
5/24/2011,17.84
5/25/2011,17.53
5/26/2011,16.66
5/27/2011,16.62
5/31/2011,16.74
6/1/2011,17.74
6/2/2011,17.38
6/3/2011,16.79
6/6/2011,18.12
6/7/2011,16.84
6/8/2011,16.56
6/9/2011,16.06
6/10/2011,16.51
6/13/2011,16.95
6/14/2011,15.33
6/15/2011,17.32
6/16/2011,17.61
6/17/2011,17.03
6/20/2011,16.64
6/21/2011,15.99
6/22/2011,16.1
6/23/2011,16.97
6/24/2011,17.79
6/27/2011,17.52
6/28/2011,16.84
6/29/2011,15.79
6/30/2011,15.34
7/1/2011,15.06
7/5/2011,15.15
7/6/2011,15.81
7/7/2011,15.29
7/8/2011,15.18
7/11/2011,16.3
7/12/2011,17.63
7/13/2011,18.22
7/14/2011,17.9
7/15/2011,16.91
7/18/2011,18.96
7/19/2011,18.14
7/20/2011,17.91
7/21/2011,17.4
7/22/2011,16.98
7/25/2011,18.69
7/26/2011,18.58
7/27/2011,19.24
7/28/2011,18.99
7/29/2011,19.53
8/1/2011,19.58
8/2/2011,20.09
8/3/2011,19.95
8/4/2011,22.28
8/5/2011,21.74
8/8/2011,28.21
8/9/2011,31.13
8/10/2011,32.2
8/11/2011,29.76
8/12/2011,25.91
8/15/2011,24.81
8/16/2011,26.68
8/17/2011,25.12
8/18/2011,26.81
8/19/2011,28.91
8/22/2011,33.09
8/23/2011,33.42
8/24/2011,33.29
8/25/2011,34.42
8/26/2011,33.03
8/29/2011,32.55
8/30/2011,32.12
8/31/2011,30.42
9/1/2011,28.06
9/2/2011,30.16
9/6/2011,34.17
9/7/2011,34.11
9/8/2011,34.43
9/9/2011,37.58
9/12/2011,37.2
9/13/2011,32.49
9/14/2011,29.83
9/15/2011,29.46
9/16/2011,28.86
9/19/2011,30.7
9/20/2011,30.63
9/21/2011,29.68
9/22/2011,32.19
9/23/2011,39.17
9/26/2011,39.86
9/27/2011,36.55
9/28/2011,39.95
9/29/2011,37.08
9/30/2011,37.03
10/3/2011,36.92
10/4/2011,37.74
10/5/2011,36.94
10/6/2011,35.22
10/7/2011,33.16
10/10/2011,31.26
10/11/2011,30.62
10/12/2011,29.51
10/13/2011,28.48
10/14/2011,26.61
10/17/2011,28.93
10/18/2011,29.17
10/19/2011,31.13
10/20/2011,32.08
10/21/2011,28.89
10/24/2011,26.98
10/25/2011,29.92
10/26/2011,30.79
10/27/2011,27.58
10/28/2011,25.84
10/31/2011,27.45
11/1/2011,29.7
11/2/2011,30.16
11/3/2011,30.12
11/4/2011,28.37
11/7/2011,30.24
11/8/2011,29.21
11/9/2011,29.85
11/10/2011,28.81
11/11/2011,27.85
11/14/2011,27.85
11/15/2011,26.75
11/16/2011,26.94
11/17/2011,28.86
11/18/2011,27.59
11/21/2011,30.07
11/22/2011,27.56
11/23/2011,27.81
11/25/2011,20.46
11/28/2011,26.61
11/29/2011,25.74
11/30/2011,25.32
12/1/2011,24.55
12/2/2011,23.51
12/5/2011,24.97
12/6/2011,24.52
12/7/2011,24.15
12/8/2011,25.18
12/9/2011,23.13
12/12/2011,23.66
12/13/2011,24.1
12/14/2011,28.63
12/15/2011,27.28
12/16/2011,24.8
12/19/2011,23.42
12/20/2011,21.33
12/21/2011,21.22
12/22/2011,20.23
12/23/2011,19.67
12/27/2011,20.81
12/28/2011,24.33
12/29/2011,23.12
12/30/2011,23.24
1/3/2012,22.9
1/4/2012,22.08
1/5/2012,22.34
1/6/2012,21.3
1/9/2012,21.47
1/10/2012,21.51
1/11/2012,22.34
1/12/2012,21.6
1/13/2012,21.2
1/17/2012,21.6
1/18/2012,21.14
1/19/2012,20.34
1/20/2012,19.58
1/23/2012,20.18
1/24/2012,20.08
1/25/2012,22.24
1/26/2012,21.71
1/27/2012,20.82
1/30/2012,21.23
1/31/2012,20.93
2/1/2012,21.54
2/2/2012,21.93
2/3/2012,21.05
2/6/2012,21.2
2/7/2012,20.45
2/8/2012,20.69
2/9/2012,20.03
2/10/2012,19.73
2/13/2012,19.07
2/14/2012,19.24
2/15/2012,19.28
2/16/2012,19.21
2/17/2012,18.61
2/21/2012,19.94
2/22/2012,19.84
2/23/2012,19.76
2/24/2012,19.01
2/27/2012,19.1
2/28/2012,20.12
2/29/2012,22.9
3/1/2012,19.53
3/2/2012,18.96
3/5/2012,19.4
3/6/2012,20.23
3/7/2012,19.18
3/8/2012,19.26
3/9/2012,19.41
3/12/2012,19.21
3/13/2012,20.47
3/14/2012,20.6
3/15/2012,18.24
3/16/2012,18.99
3/19/2012,17.83
3/20/2012,18.42
3/21/2012,18.04
3/22/2012,18.51
3/23/2012,18.3
3/26/2012,19.22
3/27/2012,18.62
3/28/2012,18.18
3/29/2012,17.43
3/30/2012,17.01
4/2/2012,17.1
4/3/2012,18.05
4/4/2012,18.88
4/5/2012,18.02
4/9/2012,19.21
4/10/2012,19.94
4/11/2012,20.02
4/12/2012,18.64
4/13/2012,18.44
4/16/2012,18.8
4/17/2012,18.03
4/18/2012,17.54
4/19/2012,17.33
4/20/2012,16.72
4/23/2012,17.11
4/24/2012,17.64
4/25/2012,17.45
4/26/2012,16.94
4/27/2012,16.61
4/30/2012,16.93
5/1/2012,16.47
5/2/2012,16.55
5/3/2012,17.45
5/4/2012,16.32
5/7/2012,16.38
5/8/2012,17.93
5/9/2012,19.32
5/10/2012,18.25
5/11/2012,18.46
5/14/2012,20.05
5/15/2012,20.75
5/16/2012,22.2
5/17/2012,22.59
5/18/2012,23.29
5/21/2012,20.69
5/22/2012,20.04
5/23/2012,21.79
5/24/2012,21.93
5/25/2012,21.11
5/29/2012,21.72
5/30/2012,23.46
5/31/2012,23.11
6/1/2012,25.3
6/4/2012,25.36
6/5/2012,23.99
6/6/2012,23.14
6/7/2012,22.92
6/8/2012,22.03
6/11/2012,22.19
6/12/2012,22.9
6/13/2012,23.96
6/14/2012,24.1
6/15/2012,22.94
6/18/2012,20.64
6/19/2012,20.51
6/20/2012,19.88
6/21/2012,21.07
6/22/2012,20.29
6/25/2012,20.46
6/26/2012,20.47
6/27/2012,19.96
6/28/2012,20.56
6/29/2012,19.53
7/2/2012,19.34
7/3/2012,25.23
7/5/2012,18.94
7/6/2012,19.46
7/9/2012,19.04
7/10/2012,20.28
7/11/2012,19.22
7/12/2012,19.31
7/13/2012,18.52
7/16/2012,18.03
7/17/2012,17.7
7/18/2012,17.35
7/19/2012,16.83
7/20/2012,16.88
7/23/2012,18.34
7/24/2012,19.6
7/25/2012,19.64
7/26/2012,19.37
7/27/2012,19.11
7/30/2012,19.43
7/31/2012,19.51
8/1/2012,19.01
8/2/2012,18.05
8/3/2012,16.65
8/6/2012,16.35
8/7/2012,16.48
8/8/2012,16.25
8/9/2012,16.19
8/10/2012,16.16
8/13/2012,15.13
8/14/2012,14.96
8/15/2012,14.87
8/16/2012,15.17
8/17/2012,14.7
8/20/2012,14.78
8/21/2012,16.29
8/22/2012,17.15
8/23/2012,17.94
8/24/2012,16.88
8/27/2012,16.9
8/28/2012,16.54
8/29/2012,16.5
8/30/2012,17.14
8/31/2012,17.89
9/4/2012,17.97
9/5/2012,18.18
9/6/2012,17.8
9/7/2012,18.95
9/10/2012,19.08
9/11/2012,19.59
9/12/2012,20.15
9/13/2012,19.03
9/14/2012,17.87
9/17/2012,18.08
9/18/2012,17.89
9/19/2012,17.69
9/20/2012,17.29
9/21/2012,17.09
9/24/2012,16.94
9/25/2012,16.74
9/26/2012,16.31
09/27/2012,17.02
09/28/2012,16.76
10/01/2012,16.9
10/02/2012,16.34
10/03/2012,16.59
10/04/2012,17.27
10/05/2012,15.88
10/08/2012,16.13
10/09/2012,15.72
10/10/2012,15.53
10/11/2012,15.31
10/12/2012,15.72
10/15/2012,15.47
10/16/2012,15.12
10/17/2012,14.64
10/18/2012,14.73
10/19/2012,15.1
10/22/2012,14.88
10/23/2012,15.8
10/24/2012,15.7
10/25/2012,15.36
10/26/2012,14.92
10/31/2012,14.99
11/01/2012,14.49
11/02/2012,16.2
11/05/2012,17.48
11/06/2012,18.0
11/07/2012,16.69
11/08/2012,17.02
11/09/2012,16.07
11/12/2012,15.66
11/13/2012,14.54
11/14/2012,14.94
11/15/2012,14.26
11/16/2012,13.28
11/19/2012,13.61
11/20/2012,13.52
11/21/2012,13.22
11/23/2012,15.48
11/26/2012,13.18
11/27/2012,13.68
11/28/2012,13.7
11/29/2012,12.67
11/30/2012,13.24
12/03/2012,13.4
12/04/2012,13.95
12/05/2012,14.0
12/06/2012,14.07
12/07/2012,13.87
12/10/2012,14.2
12/11/2012,14.16
12/12/2012,13.34
12/13/2012,13.01
12/14/2012,12.6
12/17/2012,11.97
12/18/2012,13.69
12/19/2012,13.73
12/20/2012,14.53
12/21/2012,13.82
12/24/2012,13.21
12/26/2012,13.56
12/27/2012,14.83
12/28/2012,15.3
12/31/2012,14.38
01/02/2013,13.43
01/03/2013,13.72
01/04/2013,13.78
01/07/2013,14.51
01/08/2013,14.08
01/09/2013,14.16
01/10/2013,13.27
01/11/2013,13.79
01/14/2013,13.78
01/15/2013,13.76
01/16/2013,14.49
01/17/2013,14.9
01/18/2013,13.8
01/22/2013,12.71
01/23/2013,12.46
01/24/2013,13.03
01/25/2013,14.08
01/28/2013,14.39
01/29/2013,13.59
01/30/2013,13.21
01/31/2013,13.76
02/01/2013,13.32
02/04/2013,13.78
02/05/2013,13.03
02/06/2013,13.57
02/07/2013,13.59
02/08/2013,13.14
02/11/2013,14.38
02/12/2013,14.06
02/13/2013,14.7
02/14/2013,14.72
02/15/2013,15.9
02/19/2013,15.75
02/20/2013,18.59
02/21/2013,16.9
02/22/2013,16.26
02/25/2013,17.48
02/26/2013,15.61
02/27/2013,15.57
02/28/2013,15.79
03/01/2013,15.75
03/04/2013,16.03
03/05/2013,15.47
03/06/2013,15.05
03/07/2013,14.84
03/08/2013,13.54
03/11/2013,12.96
03/12/2013,12.07
03/13/2013,12.24
03/14/2013,12.59
03/15/2013,12.43
03/18/2013,13.3
03/19/2013,14.52
03/20/2013,13.33
03/21/2013,13.37
03/22/2013,12.89
03/25/2013,12.99
03/26/2013,12.48
03/27/2013,12.33
03/28/2013,12.41
04/01/2013,13.13
04/02/2013,13.73
04/03/2013,15.21
04/04/2013,16.03
04/05/2013,14.46
04/08/2013,14.22
04/09/2013,13.54
04/10/2013,15.15
04/11/2013,15.29
04/12/2013,21.32
04/15/2013,34.48
04/16/2013,30.02
04/17/2013,26.93
04/18/2013,24.57
04/19/2013,24.37
04/22/2013,23.28
04/23/2013,23.68
04/24/2013,21.49
04/25/2013,22.35
04/26/2013,24.21
04/29/2013,23.16
04/30/2013,22.09
05/01/2013,22.93
05/02/2013,22.06
05/03/2013,20.37
05/06/2013,20.37
05/07/2013,22.07
05/08/2013,20.64
05/09/2013,21.62
05/10/2013,23.95
05/13/2013,25.04
05/14/2013,25.06
05/15/2013,28.01
05/16/2013,27.18
05/17/2013,28.34
05/20/2013,26.66
05/21/2013,27.18
05/22/2013,27.61
05/23/2013,26.08
05/24/2013,24.9
05/28/2013,24.86
05/29/2013,22.76
05/30/2013,21.43
05/31/2013,22.63
06/03/2013,21.68
06/04/2013,22.32
06/05/2013,22.65
06/06/2013,22.33
06/07/2013,23.58
06/10/2013,22.68
06/11/2013,23.27
06/12/2013,22.04
06/13/2013,22.69
06/14/2013,20.91
06/17/2013,21.27
06/18/2013,22.7
06/19/2013,22.53
06/20/2013,29.94
06/21/2013,27.19
06/24/2013,27.69
06/25/2013,25.86
06/26/2013,31.43
06/27/2013,33.51
06/28/2013,31.84
07/01/2013,28.84
07/02/2013,28.19
07/03/2013,27.25
07/05/2013,27.15
07/08/2013,26.79
07/09/2013,25.68
07/10/2013,26.24
07/11/2013,23.85
07/12/2013,24.07
07/15/2013,23.53
07/16/2013,23.2
07/17/2013,23.61
07/18/2013,22.52
07/19/2013,21.19
07/22/2013,21.76
07/23/2013,21.66
07/24/2013,22.61
07/25/2013,21.77
07/26/2013,22.22
07/29/2013,22.77
07/30/2013,23.72
07/31/2013,24.99
08/01/2013,24.61
08/02/2013,24.24
08/05/2013,23.49
08/06/2013,23.82
08/07/2013,23.49
08/08/2013,21.71
08/09/2013,21.5
08/12/2013,21.58
08/13/2013,21.37
08/14/2013,21.21
08/15/2013,22.45
08/16/2013,22.97
08/19/2013,24.25
08/20/2013,23.82
08/21/2013,23.28
08/22/2013,22.69
08/23/2013,22.63
08/26/2013,23.67
08/27/2013,23.9
08/28/2013,25.89
08/29/2013,24.36
08/30/2013,24.44
09/03/2013,25.2
09/04/2013,24.61
09/05/2013,25.64
09/06/2013,23.59
09/09/2013,22.04
09/10/2013,22.58
09/11/2013,22.63
09/12/2013,25.09
09/13/2013,24.88
09/16/2013,25.12
09/17/2013,25.35
09/18/2013,23.2
09/19/2013,21.75
09/20/2013,22.27
09/23/2013,22.7
09/24/2013,22.84
09/25/2013,21.97
09/26/2013,21.79
09/27/2013,22.57
09/30/2013,23.72
10/01/2013,25.48
10/02/2013,24.04
10/03/2013,24.54
10/04/2013,24.77
10/07/2013,24.81
10/08/2013,25.44
10/09/2013,25.81
10/10/2013,25.36
10/11/2013,25.83
10/14/2013,26.45
10/15/2013,26.07
10/16/2013,24.72
10/17/2013,22.31
10/18/2013,21.43
10/21/2013,21.52
10/22/2013,20.75
10/23/2013,20.52
10/24/2013,20.67
10/25/2013,19.9
10/28/2013,20.32
10/29/2013,20.65
10/30/2013,20.81
10/31/2013,20.57
11/01/2013,20.68
11/04/2013,20.3
11/05/2013,20.19
11/06/2013,19.43
11/07/2013,20.01
11/08/2013,19.37
11/11/2013,19.15
11/12/2013,21.2
11/13/2013,20.46
11/14/2013,19.44
11/15/2013,18.03
11/18/2013,19.52
11/19/2013,19.45
11/20/2013,23.04
11/21/2013,21.3
11/22/2013,20.33
11/25/2013,20.02
11/26/2013,19.68
11/27/2013,19.75
11/29/2013,19.33
12/02/2013,21.43
12/03/2013,21.09
12/04/2013,20.82
12/05/2013,21.78
12/06/2013,20.5
12/09/2013,20.65
12/10/2013,19.63
12/11/2013,20.02
12/12/2013,22.24
12/13/2013,21.87
12/16/2013,21.91
12/17/2013,21.79
12/18/2013,21.39
12/19/2013,22.07
12/20/2013,21.01
12/23/2013,20.76
12/24/2013,20.08
12/26/2013,19.84
12/27/2013,19.1
12/30/2013,20.75
12/31/2013,21.65
01/02/2014,20.42
01/03/2014,19.19
01/06/2014,19.5
01/07/2014,19.12
01/08/2014,19.43
01/09/2014,18.46
01/10/2014,17.27
01/13/2014,16.67
01/14/2014,16.5
01/15/2014,16.43
01/16/2014,15.39
01/17/2014,14.34
01/21/2014,15.97
01/22/2014,15.62
01/23/2014,16.01
01/24/2014,17.54
01/27/2014,18.38
01/28/2014,18.71
01/29/2014,17.45
01/30/2014,17.97
01/31/2014,18.62
02/03/2014,19.15
02/04/2014,18.51
02/05/2014,18.52
02/06/2014,17.93
02/07/2014,16.59
02/10/2014,17.08
02/11/2014,16.81
02/12/2014,16.23
02/13/2014,16.13
02/14/2014,16.26
02/18/2014,16.28
02/19/2014,16.48
02/20/2014,16.07
02/21/2014,15.73
02/24/2014,15.94
02/25/2014,15.86
02/26/2014,16.46
02/27/2014,15.75
02/28/2014,16.07
03/03/2014,17.05
03/04/2014,16.75
03/05/2014,16.58
03/06/2014,16.31
03/07/2014,15.82
03/10/2014,15.83
03/11/2014,16.14
03/12/2014,16.67
03/13/2014,17.3
03/14/2014,18.32
03/17/2014,17.87
03/18/2014,17.37
03/19/2014,17.59
03/20/2014,16.91
03/21/2014,16.43
03/24/2014,17.53
03/25/2014,17.16
03/26/2014,17.32
03/27/2014,17.6
03/28/2014,17.48
03/31/2014,17.37
04/01/2014,16.65
04/02/2014,16.19
04/03/2014,16.01
04/04/2014,15.81
04/07/2014,15.95
04/08/2014,15.99
04/09/2014,14.83
04/10/2014,15.06
04/11/2014,15.19
04/14/2014,15.34
04/15/2014,16.1
04/16/2014,15.44
04/17/2014,15.96
04/21/2014,16.22
04/22/2014,16.19
04/23/2014,15.61
04/24/2014,15.86
04/25/2014,16.07
04/28/2014,15.56
04/29/2014,15.31
04/30/2014,15.52
05/01/2014,15.15
05/02/2014,14.85
05/05/2014,15.51
05/06/2014,15.02
05/07/2014,15.4
05/08/2014,14.87
05/09/2014,14.76
05/12/2014,14.04
05/13/2014,13.61
05/14/2014,13.76
05/15/2014,14.57
05/16/2014,14.04
05/19/2014,14.23
05/20/2014,14.07
05/21/2014,14.36
05/22/2014,13.98
05/23/2014,14.52
05/27/2014,16.21
05/28/2014,15.8
05/29/2014,15.01
05/30/2014,15.34
06/02/2014,15.55
06/03/2014,15.05
06/04/2014,14.79
06/05/2014,14.15
06/06/2014,13.22
06/09/2014,12.77
06/10/2014,12.37
06/11/2014,12.36
06/12/2014,12.91
06/13/2014,12.52
06/16/2014,12.41
06/17/2014,12.53
06/18/2014,12.11
06/19/2014,14.48
06/20/2014,12.79
06/23/2014,12.93
06/24/2014,12.96
06/25/2014,12.92
06/26/2014,12.76
06/27/2014,12.64
06/30/2014,14.01
07/01/2014,13.74
07/02/2014,13.89
07/03/2014,12.99
07/07/2014,12.99
07/08/2014,12.83
07/09/2014,13.05
07/10/2014,12.91
07/11/2014,13.27
07/14/2014,14.23
07/15/2014,14.73
07/16/2014,14.67
07/17/2014,15.52
07/18/2014,14.35
07/21/2014,14.69
07/22/2014,14.62
07/23/2014,14.07
07/24/2014,14.33
07/25/2014,14.68
07/28/2014,14.55
07/29/2014,15.05
07/30/2014,14.85
07/31/2014,15.46
08/01/2014,14.37
08/04/2014,14.17
08/05/2014,14.76
08/06/2014,14.51
08/07/2014,14.82
08/08/2014,14.85
08/11/2014,14.49
08/12/2014,14.35
08/13/2014,13.53
08/14/2014,12.55
08/15/2014,13.33
08/18/2014,13.46
08/19/2014,13.43
08/20/2014,13.51
08/21/2014,13.84
08/22/2014,13.46
08/25/2014,13.55
08/26/2014,13.24
08/27/2014,12.72
08/28/2014,12.9
08/29/2014,12.85
09/02/2014,14.05
09/03/2014,13.44
09/04/2014,14.01
09/05/2014,13.27
09/08/2014,14.47
09/09/2014,15.36
09/10/2014,15.89
09/11/2014,16.42
09/12/2014,17.86
09/15/2014,16.5
09/16/2014,16.58
09/17/2014,17.14
09/18/2014,15.5
09/19/2014,16.9
09/22/2014,16.44
09/23/2014,16.65
09/24/2014,17.21
09/25/2014,17.99
09/26/2014,17.84
09/29/2014,17.17
09/30/2014,18.83
10/01/2014,18.73
10/02/2014,18.2
10/03/2014,19.13
10/06/2014,17.6
10/07/2014,17.56
10/08/2014,17.5
10/09/2014,17.86
10/10/2014,18.11
10/13/2014,17.69
10/14/2014,17.98
10/15/2014,20.04
10/16/2014,19.68
10/17/2014,18.08
10/20/2014,17.27
10/21/2014,17.01
10/22/2014,16.58
10/23/2014,16.91
10/24/2014,16.24
10/27/2014,16.49
10/28/2014,16.3
10/29/2014,16.75
10/30/2014,18.08
10/31/2014,21.54
11/03/2014,21.1
11/04/2014,20.1
11/05/2014,23.38
11/06/2014,23.18
11/07/2014,21.38
11/10/2014,22.23
11/11/2014,21.43
11/12/2014,21.29
11/13/2014,20.98
11/14/2014,23.36
11/17/2014,23.37
11/18/2014,23.97
11/19/2014,24.26
11/20/2014,21.5
11/21/2014,21.23
11/24/2014,20.64
11/25/2014,20.67
11/26/2014,21.24
11/28/2014,25.17
12/01/2014,22.33
12/02/2014,21.29
12/03/2014,20.62
12/04/2014,20.29
12/05/2014,20.02
12/08/2014,19.62
12/09/2014,20.04
12/10/2014,19.27
12/11/2014,19.11
12/12/2014,19.66
12/15/2014,20.95
12/16/2014,22.08
12/17/2014,20.9
12/18/2014,19.28
12/19/2014,18.68
12/22/2014,20.26
12/23/2014,19.76
12/24/2014,19.37
12/26/2014,18.92
12/29/2014,20.15
12/30/2014,19.48
12/31/2014,20.08
01/02/2015,20.23
01/05/2015,21.26
01/06/2015,20.78
01/07/2015,20.35
01/08/2015,19.2
01/09/2015,18.44
01/12/2015,17.65
01/13/2015,17.63
01/14/2015,18.52
01/15/2015,21.83
01/16/2015,22.66
01/20/2015,23.43
01/21/2015,22.34
01/22/2015,21.25
01/23/2015,20.62
01/26/2015,20.04
01/27/2015,20.16
01/28/2015,19.31
01/29/2015,20.25
01/30/2015,19.65
02/02/2015,20.33
02/03/2015,20.3
02/04/2015,20.36
02/05/2015,20.06
02/06/2015,20.59
02/09/2015,20.3
02/10/2015,19.71
02/11/2015,20.07
02/12/2015,19.31
02/13/2015,18.49
02/17/2015,19.61
02/18/2015,19.54
02/19/2015,18.62
02/20/2015,19.26
02/23/2015,19.4
02/24/2015,18.77
02/25/2015,17.4
02/26/2015,16.65
02/27/2015,15.91
03/02/2015,16.38
03/03/2015,16.76
03/04/2015,16.66
03/05/2015,16.9
03/06/2015,18.43
03/09/2015,17.58
03/10/2015,18.97
03/11/2015,20.01
03/12/2015,19.07
03/13/2015,18.9
03/16/2015,19.14
03/17/2015,20.83
03/18/2015,18.65
03/19/2015,17.25
03/20/2015,17.21
03/23/2015,17.26
03/24/2015,16.84
03/25/2015,16.38
03/26/2015,16.02
03/27/2015,15.83
03/30/2015,16.64
03/31/2015,16.34
04/01/2015,16.04
04/02/2015,16.01
04/06/2015,15.74
04/07/2015,15.2
04/08/2015,14.79
04/09/2015,15.0
04/10/2015,14.23
04/13/2015,14.79
04/14/2015,15.18
04/15/2015,14.6
04/16/2015,14.54
04/17/2015,14.47
04/20/2015,15.39
04/21/2015,15.04
04/22/2015,15.79
04/23/2015,15.87
04/24/2015,16.39
04/27/2015,16.42
04/28/2015,16.19
04/29/2015,15.95
04/30/2015,16.76
05/01/2015,17.29
05/04/2015,17.62
05/05/2015,17.15
05/06/2015,17.53
05/07/2015,17.91
05/08/2015,15.84
05/11/2015,15.94
05/12/2015,15.63
05/13/2015,15.93
05/14/2015,16.21
05/15/2015,15.48
05/18/2015,15.81
05/19/2015,15.88
05/20/2015,15.25
05/21/2015,14.62
05/22/2015,14.19
05/26/2015,15.22
05/27/2015,14.08
05/28/2015,14.51
05/29/2015,13.99
06/01/2015,14.88
06/02/2015,14.86
06/03/2015,15.15
06/04/2015,16.01
06/05/2015,15.12
06/08/2015,15.14
06/09/2015,14.83
06/10/2015,14.37
06/11/2015,14.3
06/12/2015,13.99
06/15/2015,14.34
06/16/2015,14.36
06/17/2015,13.58
06/18/2015,13.53
06/19/2015,13.26
06/22/2015,13.85
06/23/2015,13.89
06/24/2015,13.83
06/25/2015,13.12
06/26/2015,13.22
06/29/2015,14.5
06/30/2015,15.34
07/01/2015,14.86
07/02/2015,14.42
07/06/2015,14.25
07/07/2015,15.23
07/08/2015,15.78
07/09/2015,15.47
07/10/2015,14.42
07/13/2015,13.43
07/14/2015,13.25
07/15/2015,14.35
07/16/2015,14.05
07/17/2015,16.32
07/20/2015,19.73
07/21/2015,19.56
07/22/2015,19.59
07/23/2015,19.39
07/24/2015,19.27
07/27/2015,20.06
07/28/2015,18.4
07/29/2015,17.22
07/30/2015,17.07
07/31/2015,16.79
08/03/2015,17.58
08/04/2015,17.24
08/05/2015,17.74
08/06/2015,17.25
08/07/2015,16.59
08/10/2015,16.41
08/11/2015,16.53
08/12/2015,16.8
08/13/2015,15.84
08/14/2015,15.59
08/17/2015,15.4
08/18/2015,15.84
08/19/2015,15.96
08/20/2015,16.87
08/21/2015,18.48
08/24/2015,21.26
08/25/2015,20.2
08/26/2015,20.03
08/27/2015,18.74
08/28/2015,18.8
08/31/2015,19.34
09/01/2015,19.65
09/02/2015,18.65
09/03/2015,18.57
09/04/2015,18.62
09/08/2015,18.31
09/09/2015,17.8
09/10/2015,16.89
09/11/2015,17.38
09/14/2015,17.63
09/15/2015,17.69
09/16/2015,18.05
09/17/2015,16.63
09/18/2015,16.46
09/21/2015,16.59
09/22/2015,17.35
09/23/2015,17.34
09/24/2015,19.26
09/25/2015,18.33
09/28/2015,18.28
09/29/2015,17.67
09/30/2015,17.47
10/01/2015,16.9
10/02/2015,16.71
10/05/2015,16.68
10/06/2015,17.54
10/07/2015,17.13
10/08/2015,16.91
10/09/2015,16.92
10/12/2015,16.24
10/13/2015,17.14
10/14/2015,18.35
10/15/2015,17.9
10/16/2015,16.59
10/19/2015,16.94
10/20/2015,16.79
10/21/2015,15.9
10/22/2015,15.59
10/23/2015,15.59
10/26/2015,15.78
10/27/2015,15.3
10/28/2015,15.63
10/29/2015,15.77
10/30/2015,15.39
11/02/2015,15.28
11/03/2015,17.19
11/04/2015,18.02
11/05/2015,17.82
11/06/2015,17.36
11/09/2015,17.55
11/10/2015,17.36
11/11/2015,17.89
11/12/2015,18.47
11/13/2015,18.29
11/16/2015,18.5
11/17/2015,20.17
11/18/2015,19.4
11/19/2015,18.04
11/20/2015,17.26
11/23/2015,17.7
11/24/2015,16.72
11/25/2015,16.39
11/27/2015,17.16
11/30/2015,16.91
12/01/2015,16.62
12/02/2015,17.36
12/03/2015,17.76
12/04/2015,15.96
12/07/2015,16.23
12/08/2015,16.12
12/09/2015,17.39
12/10/2015,17.07
12/11/2015,18.16
12/14/2015,19.05
12/15/2015,18.09
12/16/2015,15.41
12/17/2015,16.06
12/18/2015,15.06
12/21/2015,15.32
12/22/2015,15.17
12/23/2015,14.94
12/24/2015,15.02
12/28/2015,16.06
12/29/2015,15.22
12/30/2015,15.25
12/31/2015,14.99
01/04/2016,16.07
01/05/2016,15.2
01/06/2016,16.3
01/07/2016,17.42
01/08/2016,17.62
01/11/2016,16.43
01/12/2016,16.61
01/13/2016,16.99
01/14/2016,16.16
01/15/2016,17.42
01/19/2016,16.17
01/20/2016,16.56
01/21/2016,16.77
01/22/2016,15.91
01/25/2016,17.13
01/26/2016,17.26
01/27/2016,16.71
01/28/2016,15.41
01/29/2016,15.73
02/01/2016,16.81
02/02/2016,16.2
02/03/2016,17.84
02/04/2016,17.39
02/05/2016,19.58
02/08/2016,20.38
02/09/2016,21.72
02/10/2016,21.36
02/11/2016,28.37
02/12/2016,24.1
02/16/2016,24.84
02/17/2016,24.53
02/18/2016,26.37
02/19/2016,24.88
02/22/2016,23.31
02/23/2016,23.69
02/24/2016,24.24
02/25/2016,23.36
02/26/2016,21.67
02/29/2016,22.59
03/01/2016,21.97
03/02/2016,22.0
03/03/2016,23.51
03/04/2016,22.31
03/07/2016,22.08
03/08/2016,23.07
03/09/2016,22.31
03/10/2016,23.14
03/11/2016,21.9
03/14/2016,21.14
03/15/2016,19.7
03/16/2016,20.03
03/17/2016,18.99
03/18/2016,18.15
03/21/2016,17.4
03/22/2016,17.62
03/23/2016,18.0
03/24/2016,18.09
03/28/2016,17.53
03/29/2016,19.52
03/30/2016,18.58
03/31/2016,18.45
04/01/2016,18.04
04/04/2016,17.95
04/05/2016,18.16
04/06/2016,17.82
04/07/2016,19.32
04/08/2016,18.74
04/11/2016,19.58
04/12/2016,19.09
04/13/2016,17.96
04/14/2016,17.83
04/15/2016,17.41
04/18/2016,17.3
04/19/2016,17.42
04/20/2016,16.69
04/21/2016,17.9
04/22/2016,17.21
04/25/2016,17.66
04/26/2016,17.43
04/27/2016,16.43
04/28/2016,17.9
04/29/2016,20.23
05/02/2016,19.29
05/03/2016,18.7
05/04/2016,19.47
05/05/2016,18.46
05/06/2016,18.65
05/09/2016,18.65
05/10/2016,18.04
05/11/2016,18.35
05/12/2016,17.84
05/13/2016,18.29
05/16/2016,18.49
05/17/2016,18.17
05/18/2016,18.2
05/19/2016,17.85
05/20/2016,17.0
05/23/2016,16.8
05/24/2016,16.66
05/25/2016,15.98
05/26/2016,15.29
05/27/2016,15.39
05/31/2016,15.83
06/01/2016,15.92
06/02/2016,16.05
06/03/2016,17.45
06/06/2016,17.76
06/07/2016,17.29
06/08/2016,18.76
06/09/2016,20.28
06/10/2016,20.52
06/13/2016,21.11
06/14/2016,20.63
06/15/2016,20.68
06/16/2016,21.95
06/17/2016,22.52
06/20/2016,21.01
06/21/2016,20.65
06/22/2016,22.25
06/23/2016,20.1
06/24/2016,22.2
06/27/2016,22.52
06/28/2016,20.18
06/29/2016,19.26
06/30/2016,18.5
07/01/2016,18.43
07/05/2016,20.09
07/06/2016,21.18
07/07/2016,20.55
07/08/2016,18.79
07/11/2016,18.93
07/12/2016,17.94
07/13/2016,17.61
07/14/2016,17.15
07/15/2016,16.91
07/18/2016,16.96
07/19/2016,16.71
07/20/2016,17.21
07/21/2016,17.77
07/22/2016,17.61
07/25/2016,17.74
07/26/2016,17.45
07/27/2016,16.93
07/28/2016,16.31
07/29/2016,15.8
08/01/2016,16.28
08/02/2016,16.45
08/03/2016,16.18
08/04/2016,16.06
08/05/2016,15.6
08/08/2016,15.49
08/09/2016,14.41
08/10/2016,14.89
08/11/2016,15.37
08/12/2016,15.01
08/15/2016,14.67
08/16/2016,16.13
08/17/2016,15.83
08/18/2016,14.97
08/19/2016,15.35
08/22/2016,15.82
08/23/2016,15.62
08/24/2016,16.89
08/25/2016,16.73
08/26/2016,16.17
08/29/2016,15.95
08/30/2016,15.99
08/31/2016,16.01
09/01/2016,16.25
09/02/2016,14.58
09/06/2016,15.6
09/07/2016,15.0
09/08/2016,14.97
09/09/2016,15.49
09/12/2016,15.2
09/13/2016,15.78
09/14/2016,15.32
09/15/2016,15.07
09/16/2016,14.78
09/19/2016,15.68
09/20/2016,15.69
09/21/2016,14.69
09/22/2016,13.73
09/23/2016,13.93
09/26/2016,14.98
09/27/2016,14.53
09/28/2016,13.98
09/29/2016,13.86
09/30/2016,13.88
10/03/2016,14.16
10/04/2016,15.8
10/05/2016,15.21
10/06/2016,16.05
10/07/2016,15.72
10/10/2016,15.6
10/11/2016,15.63
10/12/2016,15.61
10/13/2016,15.63
10/14/2016,15.14
10/17/2016,15.23
10/18/2016,14.73
10/19/2016,14.59
10/20/2016,14.68
10/21/2016,14.55
10/24/2016,14.95
10/25/2016,14.55
10/26/2016,14.48
10/27/2016,15.0
10/28/2016,16.62
10/31/2016,18.13
11/01/2016,19.02
11/02/2016,19.32
11/03/2016,19.98
11/04/2016,20.22
11/07/2016,18.53
11/08/2016,17.93
11/09/2016,16.68
11/10/2016,18.52
11/11/2016,23.25
11/14/2016,20.5
11/15/2016,16.42
11/16/2016,15.77
11/17/2016,17.5
11/18/2016,17.03
11/21/2016,15.86
11/22/2016,15.43
11/23/2016,18.53
11/25/2016,18.47
11/28/2016,17.39
11/29/2016,17.28
11/30/2016,19.18
12/01/2016,19.39
12/02/2016,18.44
12/05/2016,17.56
12/06/2016,17.06
12/07/2016,16.87
12/08/2016,16.48
12/09/2016,18.66
12/12/2016,16.97
12/13/2016,16.17
12/14/2016,18.21
12/15/2016,17.89
12/16/2016,17.55
12/19/2016,16.05
12/20/2016,16.69
12/21/2016,15.82
12/22/2016,15.28
12/23/2016,16.36
12/27/2016,16.68
12/28/2016,16.04
12/29/2016,15.68
12/30/2016,16.23
01/03/2017,16.26
01/04/2017,15.16
01/05/2017,14.98
01/06/2017,14.55
01/09/2017,14.38
01/10/2017,14.32
01/11/2017,14.96
01/12/2017,14.6
01/13/2017,14.63
01/17/2017,15.67
01/18/2017,15.25
01/19/2017,15.11
01/20/2017,14.38
01/23/2017,15.15
01/24/2017,14.65
01/25/2017,14.47
01/26/2017,14.74
01/27/2017,14.34
01/30/2017,15.19
01/31/2017,15.27
02/01/2017,14.8
02/02/2017,15.04
02/03/2017,15.04
02/06/2017,15.74
02/07/2017,15.26
02/08/2017,15.2
02/09/2017,14.88
02/10/2017,14.88
02/13/2017,14.61
02/14/2017,14.21
02/15/2017,13.71
02/16/2017,13.75
02/17/2017,13.27
02/21/2017,13.72
02/22/2017,13.26
02/23/2017,13.68
02/24/2017,13.54
02/27/2017,14.44
02/28/2017,14.3
03/01/2017,14.41
03/02/2017,13.89
03/03/2017,13.66
03/06/2017,13.24
03/07/2017,13.22
03/08/2017,13.58
03/09/2017,13.62
03/10/2017,13.03
03/13/2017,11.27
03/14/2017,11.57
03/15/2017,11.23
03/16/2017,11.12
03/17/2017,10.8
03/20/2017,11.35
03/21/2017,12.13
03/22/2017,12.28
03/23/2017,12.58
03/24/2017,12.06
03/27/2017,12.51
