Trade_date,USO VIX (OVX)
5/10/2007,27.09
5/11/2007,26.41
5/14/2007,27.23
5/15/2007,27.89
5/16/2007,27.07
5/17/2007,24.86
5/18/2007,24.71
5/21/2007,24.67
5/22/2007,26.03
5/23/2007,26.35
5/24/2007,26.63
5/25/2007,25.81
5/29/2007,27.83
5/30/2007,28.61
5/31/2007,28.44
6/1/2007,27.39
6/4/2007,27.36
6/5/2007,26.7
6/6/2007,25.94
6/7/2007,26.11
6/8/2007,26.51
6/11/2007,25.99
6/12/2007,25.81
6/13/2007,26.07
6/14/2007,26.35
6/15/2007,26.41
6/18/2007,27.15
6/19/2007,26.72
6/20/2007,27.14
6/21/2007,28.0
6/22/2007,28.16
6/25/2007,28.01
6/26/2007,27.79
6/27/2007,28.06
6/28/2007,27.95
6/29/2007,27.44
7/2/2007,27.52
7/3/2007,27.45
7/5/2007,27.33
7/6/2007,27.4
7/9/2007,28.25
7/10/2007,27.37
7/11/2007,27.69
7/12/2007,27.35
7/13/2007,27.06
7/16/2007,28.0
7/17/2007,27.46
7/18/2007,27.91
7/19/2007,27.4
7/20/2007,26.69
7/23/2007,27.09
7/24/2007,27.42
7/25/2007,26.84
7/26/2007,27.79
7/27/2007,27.25
7/30/2007,30.16
7/31/2007,30.69
8/1/2007,29.73
8/2/2007,29.68
8/3/2007,29.32
8/6/2007,32.49
8/7/2007,29.48
8/8/2007,27.07
8/9/2007,29.73
8/10/2007,30.87
8/13/2007,30.82
8/14/2007,30.23
8/15/2007,31.14
8/16/2007,37.02
8/17/2007,35.46
8/20/2007,34.16
8/21/2007,34.33
8/22/2007,31.93
8/23/2007,29.85
8/24/2007,28.67
8/27/2007,28.98
8/28/2007,28.81
8/29/2007,28.88
8/30/2007,28.99
8/31/2007,28.86
9/4/2007,29.49
9/5/2007,30.29
9/6/2007,31.11
9/7/2007,31.39
9/10/2007,30.82
9/11/2007,31.3
9/12/2007,30.25
9/13/2007,30.37
9/14/2007,29.37
9/17/2007,29.72
9/18/2007,29.77
9/19/2007,28.93
9/20/2007,30.57
9/21/2007,30.3
9/24/2007,29.19
9/25/2007,28.79
9/26/2007,28.4
9/27/2007,27.77
9/28/2007,29.32
10/1/2007,30.53
10/2/2007,30.74
10/3/2007,30.62
10/4/2007,30.12
10/5/2007,29.57
10/8/2007,31.07
10/9/2007,30.59
10/10/2007,30.24
10/11/2007,29.2
10/12/2007,28.61
10/15/2007,28.4
10/16/2007,29.8
10/17/2007,31.66
10/18/2007,32.04
10/19/2007,32.39
10/22/2007,32.27
10/23/2007,32.15
10/24/2007,31.34
10/25/2007,31.11
10/26/2007,32.74
10/29/2007,32.61
10/30/2007,34.65
10/31/2007,37.46
11/1/2007,39.71
11/2/2007,39.99
11/5/2007,40.14
11/6/2007,41.2
11/7/2007,41.37
11/8/2007,40.84
11/9/2007,37.06
11/12/2007,39.65
11/13/2007,38.69
11/14/2007,35.8
11/15/2007,34.56
11/16/2007,32.72
11/19/2007,31.45
11/20/2007,33.94
11/21/2007,34.38
11/23/2007,36.08
11/26/2007,35.95
11/27/2007,34.34
11/28/2007,34.94
11/29/2007,36.47
11/30/2007,37.26
12/3/2007,38.51
12/4/2007,37.36
12/5/2007,36.0
12/6/2007,34.42
12/7/2007,35.01
12/10/2007,35.94
12/11/2007,35.22
12/12/2007,34.58
12/13/2007,35.41
12/14/2007,34.44
12/17/2007,33.44
12/18/2007,31.79
12/19/2007,31.42
12/20/2007,29.17
12/21/2007,26.91
12/24/2007,27.48
12/26/2007,27.46
12/27/2007,32.07
12/28/2007,33.48
12/31/2007,36.35
1/2/2008,37.23
1/3/2008,36.47
1/4/2008,34.5
1/7/2008,35.18
1/8/2008,34.61
1/9/2008,33.93
1/10/2008,33.48
1/11/2008,32.12
1/14/2008,32.73
1/15/2008,33.6
1/16/2008,33.56
1/17/2008,32.12
1/18/2008,31.46
1/22/2008,37.14
1/23/2008,32.96
1/24/2008,32.96
1/25/2008,31.96
1/28/2008,33.18
1/29/2008,32.05
1/30/2008,30.64
1/31/2008,30.24
2/1/2008,29.77
2/4/2008,30.59
2/5/2008,31.59
2/6/2008,31.74
2/7/2008,30.77
2/8/2008,31.31
2/11/2008,31.94
2/12/2008,32.66
2/13/2008,31.45
2/14/2008,30.8
2/15/2008,30.17
2/19/2008,33.59
2/20/2008,36.25
2/21/2008,34.74
2/22/2008,34.47
2/25/2008,33.87
2/26/2008,33.89
2/27/2008,33.57
2/28/2008,35.35
2/29/2008,34.82
3/3/2008,36.45
3/4/2008,34.85
3/5/2008,37.61
3/6/2008,38.27
3/7/2008,37.85
3/10/2008,39.71
3/11/2008,40.92
3/12/2008,41.7
3/13/2008,41.07
3/14/2008,41.12
3/17/2008,46.81
3/18/2008,42.3
3/19/2008,46.33
3/20/2008,43.76
3/24/2008,40.56
3/25/2008,39.85
3/26/2008,39.29
3/27/2008,39.88
3/28/2008,38.52
3/31/2008,39.32
4/1/2008,39.72
4/2/2008,39.96
4/3/2008,40.77
4/4/2008,39.62
4/7/2008,42.14
4/8/2008,41.28
4/9/2008,41.58
4/10/2008,41.61
4/11/2008,38.1
4/14/2008,39.7
4/15/2008,40.36
4/16/2008,40.51
4/17/2008,40.59
4/18/2008,39.94
4/21/2008,36.32
4/22/2008,39.79
4/23/2008,38.11
4/24/2008,37.66
4/25/2008,37.91
4/28/2008,39.52
4/29/2008,39.34
4/30/2008,38.52
5/1/2008,38.8
5/2/2008,38.81
5/5/2008,40.15
5/6/2008,38.79
5/7/2008,38.62
5/8/2008,38.07
5/9/2008,37.43
5/12/2008,37.55
5/13/2008,38.11
5/14/2008,36.8
5/15/2008,38.77
5/16/2008,38.17
5/19/2008,38.51
5/20/2008,37.46
5/21/2008,38.69
5/22/2008,40.11
5/23/2008,38.61
5/27/2008,40.74
5/28/2008,40.52
5/29/2008,41.38
5/30/2008,42.3
6/2/2008,43.1
6/3/2008,41.75
6/4/2008,40.77
6/5/2008,41.37
6/6/2008,52.03
6/9/2008,45.57
6/10/2008,48.13
6/11/2008,48.4
6/12/2008,50.17
6/13/2008,49.19
6/16/2008,50.45
6/17/2008,48.51
6/18/2008,46.15
6/19/2008,46.62
6/20/2008,47.16
6/23/2008,44.29
6/24/2008,44.49
6/25/2008,43.97
6/26/2008,44.68
6/27/2008,43.83
6/30/2008,45.11
7/1/2008,46.45
7/2/2008,46.05
7/3/2008,44.39
7/7/2008,46.38
7/8/2008,48.41
7/9/2008,47.01
7/10/2008,46.91
7/11/2008,47.67
7/14/2008,47.24
7/15/2008,50.89
7/16/2008,52.02
7/17/2008,53.88
7/18/2008,53.73
7/21/2008,51.46
7/22/2008,50.94
7/23/2008,51.54
7/24/2008,50.7
7/25/2008,48.84
7/28/2008,49.28
7/29/2008,48.38
7/30/2008,47.17
7/31/2008,47.02
8/1/2008,46.83
8/4/2008,48.0
8/5/2008,48.47
8/6/2008,48.41
8/7/2008,46.99
8/8/2008,45.7
8/11/2008,45.57
8/12/2008,45.93
8/13/2008,46.86
8/14/2008,46.68
8/15/2008,48.35
8/18/2008,46.62
8/19/2008,44.77
8/20/2008,44.03
8/21/2008,45.14
8/22/2008,43.63
8/25/2008,44.48
8/26/2008,46.96
8/27/2008,48.21
8/28/2008,49.1
8/29/2008,50.22
9/2/2008,46.69
9/3/2008,45.08
9/4/2008,44.79
9/5/2008,44.85
9/8/2008,45.2
9/9/2008,45.65
9/10/2008,45.35
9/11/2008,46.98
9/12/2008,45.75
9/15/2008,45.75
9/16/2008,51.56
9/17/2008,52.44
9/18/2008,54.57
9/19/2008,52.73
9/22/2008,57.47
9/23/2008,54.76
9/24/2008,53.99
9/25/2008,52.39
9/26/2008,52.7
9/29/2008,64.21
9/30/2008,59.56
10/1/2008,57.99
10/2/2008,57.85
10/3/2008,56.41
10/6/2008,65.02
10/7/2008,64.12
10/8/2008,62.6
10/9/2008,61.58
10/10/2008,70.52
10/13/2008,70.52
10/14/2008,70.52
10/15/2008,70.52
10/16/2008,75.09
10/17/2008,70.04
10/20/2008,69.38
10/21/2008,71.76
10/22/2008,83.79
10/23/2008,81.88
10/24/2008,84.59
10/27/2008,82.51
10/28/2008,92.9
10/29/2008,79.85
10/30/2008,80.35
10/31/2008,80.56
11/3/2008,84.07
11/4/2008,83.2
11/5/2008,83.63
11/6/2008,90.25
11/7/2008,85.63
11/10/2008,87.35
11/11/2008,87.41
11/12/2008,79.79
11/13/2008,82.27
11/14/2008,79.78
11/17/2008,80.66
11/18/2008,75.77
11/19/2008,71.6
11/20/2008,79.09
11/21/2008,79.7
11/24/2008,78.32
11/25/2008,81.68
11/26/2008,66.47
11/28/2008,80.26
12/1/2008,85.31
12/2/2008,86.36
12/3/2008,88.45
12/4/2008,89.34
12/5/2008,93.08
12/8/2008,92.64
12/9/2008,98.93
12/10/2008,95.9
12/11/2008,100.42
12/12/2008,93.05
12/15/2008,93.05
12/16/2008,93.05
12/17/2008,95.12
12/18/2008,90.93
12/19/2008,86.67
12/22/2008,87.63
12/23/2008,91.81
12/24/2008,90.36
12/26/2008,89.33
12/29/2008,95.91
12/30/2008,95.88
12/31/2008,88.93
1/2/2009,87.67
1/5/2009,82.11
1/6/2009,79.58
1/7/2009,85.46
1/8/2009,85.46
1/9/2009,80.66
1/12/2009,80.66
1/13/2009,81.54
1/14/2009,76.68
1/15/2009,76.22
1/16/2009,74.4
1/20/2009,81.83
1/21/2009,79.85
1/22/2009,81.81
1/23/2009,81.31
1/26/2009,80.91
1/27/2009,83.76
1/28/2009,81.57
1/29/2009,79.41
1/30/2009,77.1
2/2/2009,77.89
2/3/2009,72.98
2/4/2009,70.92
2/5/2009,69.23
2/6/2009,70.09
2/9/2009,68.81
2/10/2009,69.82
2/11/2009,69.46
2/12/2009,68.49
2/13/2009,66.06
2/17/2009,76.12
2/18/2009,76.8
2/19/2009,76.71
2/20/2009,74.89
2/23/2009,76.36
2/24/2009,72.48
2/25/2009,69.11
2/26/2009,67.7
2/27/2009,68.54
3/2/2009,76.61
3/3/2009,73.1
3/4/2009,72.08
3/5/2009,72.6
3/6/2009,72.36
3/9/2009,71.35
3/10/2009,78.02
3/11/2009,69.24
3/12/2009,69.64
3/13/2009,65.0
3/16/2009,69.68
3/17/2009,67.71
3/18/2009,65.36
3/19/2009,79.59
3/20/2009,62.99
3/23/2009,66.42
3/24/2009,60.82
3/25/2009,60.96
3/26/2009,59.08
3/27/2009,59.28
3/30/2009,64.31
3/31/2009,78.01
4/1/2009,65.06
4/2/2009,62.97
4/3/2009,61.86
4/6/2009,58.62
4/7/2009,58.58
4/8/2009,56.84
4/9/2009,54.97
4/13/2009,57.85
4/14/2009,67.77
4/15/2009,55.57
4/16/2009,69.95
4/17/2009,50.12
4/20/2009,60.84
4/21/2009,54.75
4/22/2009,53.6
4/23/2009,53.88
4/24/2009,52.81
4/27/2009,56.75
4/28/2009,55.41
4/29/2009,53.71
4/30/2009,52.75
5/1/2009,50.2
5/4/2009,49.01
5/5/2009,47.4
5/6/2009,46.88
5/7/2009,47.4
5/8/2009,44.89
5/11/2009,45.23
5/12/2009,44.98
5/13/2009,46.85
5/14/2009,45.66
5/15/2009,46.01
5/18/2009,42.21
5/19/2009,41.25
5/20/2009,40.74
5/21/2009,41.56
5/22/2009,40.95
5/26/2009,41.97
5/27/2009,41.94
5/28/2009,40.81
5/29/2009,41.32
6/1/2009,42.46
6/2/2009,42.15
6/3/2009,45.29
6/4/2009,46.14
6/5/2009,45.75
6/8/2009,46.6
6/9/2009,45.89
6/10/2009,46.97
6/11/2009,47.25
6/12/2009,46.39
6/15/2009,46.84
6/16/2009,47.4
6/17/2009,47.32
6/18/2009,46.64
6/19/2009,45.16
6/22/2009,46.95
6/23/2009,45.55
6/24/2009,44.46
6/25/2009,41.0
6/26/2009,40.33
6/29/2009,41.26
6/30/2009,42.78
7/1/2009,43.01
7/2/2009,45.67
7/6/2009,49.37
7/7/2009,50.25
7/8/2009,52.66
7/9/2009,51.51
7/10/2009,50.88
7/13/2009,49.58
7/14/2009,48.0
7/15/2009,46.79
7/16/2009,45.63
7/17/2009,44.79
7/20/2009,44.65
7/21/2009,44.24
7/22/2009,44.36
7/23/2009,42.34
7/24/2009,40.72
7/27/2009,42.46
7/28/2009,42.97
7/29/2009,46.14
7/30/2009,45.57
7/31/2009,45.72
8/3/2009,47.92
8/4/2009,47.18
8/5/2009,46.7
8/6/2009,46.02
8/7/2009,45.38
8/10/2009,45.7
8/11/2009,46.23
8/12/2009,45.44
8/13/2009,44.79
8/14/2009,45.88
8/17/2009,46.92
8/18/2009,44.5
8/19/2009,45.14
8/20/2009,45.72
8/21/2009,45.68
8/24/2009,45.39
8/25/2009,45.51
8/26/2009,45.97
8/27/2009,43.98
8/28/2009,43.21
8/31/2009,47.09
9/1/2009,46.53
9/2/2009,45.81
9/3/2009,44.6
9/4/2009,44.24
9/8/2009,45.91
9/9/2009,46.37
9/10/2009,44.83
9/11/2009,45.07
9/14/2009,45.38
9/15/2009,43.93
9/16/2009,42.4
9/17/2009,42.36
9/18/2009,41.67
9/21/2009,41.4
9/22/2009,40.38
9/23/2009,41.23
9/24/2009,44.28
9/25/2009,44.27
9/28/2009,43.91
9/29/2009,43.74
9/30/2009,45.23
10/1/2009,45.59
10/2/2009,45.22
10/5/2009,45.14
10/6/2009,45.47
10/7/2009,45.25
10/8/2009,43.36
10/9/2009,43.6
10/12/2009,43.2
10/13/2009,41.54
10/14/2009,42.09
10/15/2009,40.09
10/16/2009,36.91
10/19/2009,38.41
10/20/2009,39.06
10/21/2009,39.96
10/22/2009,40.47
10/23/2009,39.5
10/26/2009,40.57
10/27/2009,39.82
10/28/2009,41.24
10/29/2009,39.41
10/30/2009,41.13
11/2/2009,41.78
11/3/2009,41.58
11/4/2009,40.6
11/5/2009,38.98
11/6/2009,38.7
11/9/2009,39.06
11/10/2009,38.12
11/11/2009,37.89
11/12/2009,38.78
11/13/2009,38.67
11/16/2009,37.56
11/17/2009,37.01
11/18/2009,35.69
11/19/2009,36.99
11/20/2009,36.8
11/23/2009,35.67
11/24/2009,37.06
11/25/2009,36.57
11/27/2009,43.36
11/30/2009,41.17
12/1/2009,40.23
12/2/2009,40.29
12/3/2009,40.56
12/4/2009,41.18
12/7/2009,42.49
12/8/2009,42.19
12/9/2009,43.08
12/10/2009,42.9
12/11/2009,43.05
12/14/2009,42.16
12/15/2009,41.54
12/16/2009,39.89
12/17/2009,39.08
12/18/2009,40.58
12/21/2009,39.25
12/22/2009,37.81
12/23/2009,36.0
12/24/2009,35.18
12/28/2009,36.48
12/29/2009,35.78
12/30/2009,34.95
12/31/2009,36.26
1/4/2010,35.44
1/5/2010,34.27
1/6/2010,34.4
1/7/2010,33.61
1/8/2010,31.34
1/11/2010,30.0
1/12/2010,31.61
1/13/2010,32.75
1/14/2010,30.86
1/15/2010,29.8
1/19/2010,28.52
1/20/2010,31.15
1/21/2010,32.51
1/22/2010,34.85
1/25/2010,33.33
1/26/2010,33.78
1/27/2010,34.23
1/28/2010,33.28
1/29/2010,34.05
2/1/2010,32.45
2/2/2010,32.44
2/3/2010,34.65
2/4/2010,38.51
2/5/2010,39.99
2/8/2010,39.53
2/9/2010,38.74
2/10/2010,37.91
2/11/2010,36.04
2/12/2010,36.04
2/16/2010,36.15
2/17/2010,35.38
2/18/2010,33.36
2/19/2010,34.63
2/22/2010,33.68
2/23/2010,34.88
2/24/2010,33.46
2/25/2010,33.56
2/26/2010,32.82
3/1/2010,34.29
3/2/2010,34.88
3/3/2010,34.53
3/4/2010,33.54
3/5/2010,32.67
3/8/2010,33.22
3/9/2010,33.19
3/10/2010,33.28
3/11/2010,32.7
3/12/2010,32.11
3/15/2010,33.38
3/16/2010,33.22
3/17/2010,32.47
3/18/2010,31.73
3/19/2010,31.85
3/22/2010,29.57
3/23/2010,29.23
3/24/2010,29.34
3/25/2010,30.13
3/26/2010,30.1
3/29/2010,30.17
3/30/2010,29.56
3/31/2010,29.61
4/1/2010,29.24
4/5/2010,29.65
4/6/2010,28.8
4/7/2010,29.04
4/8/2010,29.25
4/9/2010,29.15
4/12/2010,27.02
4/13/2010,27.26
4/14/2010,27.14
4/15/2010,26.9
4/16/2010,27.16
4/19/2010,29.02
4/20/2010,27.8
4/21/2010,27.67
4/22/2010,27.65
4/23/2010,26.68
4/26/2010,28.02
4/27/2010,30.34
4/28/2010,30.68
4/29/2010,29.53
4/30/2010,30.25
5/3/2010,30.18
5/4/2010,32.67
5/5/2010,35.61
5/6/2010,39.73
5/7/2010,42.61
5/10/2010,40.05
5/11/2010,38.87
5/12/2010,36.96
5/13/2010,36.46
5/14/2010,40.46
5/17/2010,41.13
5/18/2010,42.96
5/19/2010,44.03
5/20/2010,46.46
5/21/2010,44.57
5/24/2010,44.9
5/25/2010,45.8
5/26/2010,43.45
5/27/2010,40.7
5/28/2010,40.49
6/1/2010,46.06
6/2/2010,42.92
6/3/2010,41.72
6/4/2010,47.15
6/7/2010,46.78
6/8/2010,43.85
6/9/2010,42.55
6/10/2010,38.91
6/11/2010,39.37
6/14/2010,39.72
6/15/2010,37.72
6/16/2010,37.38
6/17/2010,36.29
6/18/2010,35.25
6/21/2010,35.36
6/22/2010,35.47
6/23/2010,36.76
6/24/2010,37.41
6/25/2010,35.82
6/28/2010,36.71
6/29/2010,39.16
6/30/2010,39.5
7/1/2010,41.22
7/2/2010,39.19
7/6/2010,40.24
7/7/2010,37.75
7/8/2010,35.78
7/9/2010,34.57
7/12/2010,33.2
7/13/2010,32.87
7/14/2010,33.16
7/15/2010,33.24
7/16/2010,34.13
7/19/2010,34.03
7/20/2010,32.43
7/21/2010,33.88
7/22/2010,33.59
7/23/2010,32.44
7/26/2010,33.07
7/27/2010,32.91
7/28/2010,33.79
7/29/2010,31.57
7/30/2010,31.52
8/2/2010,31.62
8/3/2010,32.09
8/4/2010,31.76
8/5/2010,31.32
8/6/2010,30.9
8/9/2010,31.31
8/10/2010,32.08
8/11/2010,34.18
8/12/2010,34.84
8/13/2010,34.62
8/16/2010,35.41
8/17/2010,33.56
8/18/2010,33.9
8/19/2010,34.18
8/20/2010,33.73
8/23/2010,33.56
8/24/2010,34.84
8/25/2010,33.24
8/26/2010,33.08
8/27/2010,32.13
8/30/2010,32.99
8/31/2010,34.51
9/1/2010,33.25
9/2/2010,32.66
9/3/2010,32.11
9/7/2010,33.28
9/8/2010,32.82
9/9/2010,31.81
9/10/2010,31.37
9/13/2010,31.72
9/14/2010,32.07
9/15/2010,31.97
9/16/2010,31.69
9/17/2010,31.08
9/20/2010,31.85
9/21/2010,32.81
9/22/2010,31.67
9/23/2010,31.4
9/24/2010,29.88
9/27/2010,30.87
9/28/2010,30.82
9/29/2010,30.8
9/30/2010,30.04
10/1/2010,30.46
10/4/2010,31.37
10/5/2010,31.88
10/6/2010,30.93
10/7/2010,32.29
10/8/2010,32.22
10/11/2010,33.26
10/12/2010,33.26
10/13/2010,33.19
10/14/2010,32.46
10/15/2010,33.42
10/18/2010,32.2
10/19/2010,33.99
10/20/2010,32.39
10/21/2010,33.65
10/22/2010,32.45
10/25/2010,33.05
10/26/2010,31.89
10/27/2010,32.0
10/28/2010,31.56
10/29/2010,32.12
11/1/2010,32.83
11/2/2010,33.33
11/3/2010,31.89
11/4/2010,30.78
11/5/2010,29.86
11/8/2010,30.82
11/9/2010,30.93
11/10/2010,30.25
11/11/2010,30.27
11/12/2010,30.92
11/15/2010,31.13
11/16/2010,33.43
11/17/2010,33.69
11/18/2010,31.49
11/19/2010,30.64
11/22/2010,30.84
11/23/2010,31.6
11/24/2010,30.03
11/26/2010,28.82
11/29/2010,30.75
11/30/2010,31.89
12/1/2010,31.17
12/2/2010,30.9
12/3/2010,31.7
12/6/2010,31.5
12/7/2010,32.17
12/8/2010,30.96
12/9/2010,30.41
12/10/2010,30.36
12/13/2010,29.25
12/14/2010,29.0
12/15/2010,28.46
12/16/2010,27.93
12/17/2010,26.82
12/20/2010,26.61
12/21/2010,25.83
12/22/2010,25.5
12/23/2010,25.42
12/27/2010,27.48
12/28/2010,27.88
12/29/2010,27.78
12/30/2010,29.27
12/31/2010,29.48
1/3/2011,28.21
1/4/2011,30.26
1/5/2011,29.32
1/6/2011,30.21
1/7/2011,29.64
1/10/2011,29.09
1/11/2011,28.01
1/12/2011,27.53
1/13/2011,27.73
1/14/2011,26.5
1/18/2011,26.52
1/19/2011,27.28
1/20/2011,27.4
1/21/2011,26.53
1/24/2011,27.1
1/25/2011,29.98
1/26/2011,28.0
1/27/2011,29.79
1/28/2011,33.26
1/31/2011,35.18
2/1/2011,33.38
2/2/2011,31.83
2/3/2011,32.19
2/4/2011,32.24
2/7/2011,31.56
2/8/2011,31.07
2/9/2011,30.29
2/10/2011,29.86
2/11/2011,29.58
2/14/2011,30.12
2/15/2011,30.47
2/16/2011,31.42
2/17/2011,31.04
2/18/2011,30.82
2/22/2011,38.54
2/23/2011,41.92
2/24/2011,42.62
2/25/2011,42.49
2/28/2011,39.05
3/1/2011,41.85
3/2/2011,42.25
3/3/2011,40.42
3/4/2011,44.87
3/7/2011,45.16
3/8/2011,44.21
3/9/2011,43.0
3/10/2011,42.86
3/11/2011,41.36
3/14/2011,40.99
3/15/2011,42.34
3/16/2011,42.82
3/17/2011,43.1
3/18/2011,41.9
3/21/2011,39.1
3/22/2011,37.9
3/23/2011,36.36
3/24/2011,35.98
3/25/2011,34.7
3/28/2011,34.29
3/29/2011,33.49
3/30/2011,33.07
3/31/2011,34.62
4/1/2011,33.91
4/4/2011,33.32
4/5/2011,32.15
4/6/2011,32.4
4/7/2011,32.77
4/8/2011,35.5
4/11/2011,33.86
4/12/2011,34.48
4/13/2011,32.78
4/14/2011,32.38
4/15/2011,31.58
4/18/2011,30.72
4/19/2011,30.0
4/20/2011,30.36
4/21/2011,30.15
4/25/2011,31.22
4/26/2011,30.68
4/27/2011,30.39
4/28/2011,30.21
4/29/2011,30.39
5/2/2011,31.82
5/3/2011,31.82
5/4/2011,31.85
5/5/2011,42.51
5/6/2011,41.44
5/9/2011,42.09
5/10/2011,40.45
5/11/2011,42.83
5/12/2011,42.34
5/13/2011,39.73
5/16/2011,40.51
5/17/2011,38.67
5/18/2011,38.6
5/19/2011,37.29
5/20/2011,37.18
5/23/2011,38.73
5/24/2011,36.58
5/25/2011,35.53
5/26/2011,34.01
5/27/2011,33.47
5/31/2011,33.51
6/1/2011,34.77
6/2/2011,33.26
6/3/2011,32.37
6/6/2011,34.03
6/7/2011,33.62
6/8/2011,32.83
6/9/2011,32.16
6/10/2011,33.47
6/13/2011,34.69
6/14/2011,32.57
6/15/2011,35.75
6/16/2011,35.59
6/17/2011,36.31
6/20/2011,35.91
6/21/2011,35.72
6/22/2011,34.29
6/23/2011,34.48
6/24/2011,35.08
6/27/2011,34.66
6/28/2011,32.88
6/29/2011,32.29
6/30/2011,31.36
7/1/2011,30.57
7/5/2011,30.79
7/6/2011,31.04
7/7/2011,30.96
7/8/2011,30.86
7/11/2011,33.98
7/12/2011,33.3
7/13/2011,33.6
7/14/2011,33.57
7/15/2011,31.88
7/18/2011,32.85
7/19/2011,31.46
7/20/2011,31.18
7/21/2011,31.08
7/22/2011,30.63
7/25/2011,31.23
7/26/2011,31.17
7/27/2011,32.34
7/28/2011,33.13
7/29/2011,33.64
8/1/2011,34.29
8/2/2011,35.27
8/3/2011,34.02
8/4/2011,42.94
8/5/2011,42.37
8/8/2011,56.17
8/9/2011,61.82
8/10/2011,59.45
8/11/2011,50.25
8/12/2011,49.06
8/15/2011,44.66
8/16/2011,43.95
8/17/2011,42.67
8/18/2011,57.42
8/19/2011,55.29
8/22/2011,52.4
8/23/2011,47.67
8/24/2011,47.89
8/25/2011,51.42
8/26/2011,48.12
8/29/2011,45.63
8/30/2011,44.74
8/31/2011,44.33
9/1/2011,42.77
9/2/2011,45.33
9/6/2011,47.41
9/7/2011,44.9
9/8/2011,45.7
9/9/2011,49.45
9/12/2011,48.14
9/13/2011,45.14
9/14/2011,43.72
9/15/2011,42.05
9/16/2011,41.7
9/19/2011,45.93
9/20/2011,45.8
9/21/2011,47.35
9/22/2011,55.61
9/23/2011,54.63
9/26/2011,54.31
9/27/2011,50.13
9/28/2011,53.51
9/29/2011,50.62
9/30/2011,55.68
10/3/2011,58.65
10/4/2011,57.09
10/5/2011,52.79
10/6/2011,50.04
10/7/2011,49.71
10/10/2011,47.21
10/11/2011,47.07
10/12/2011,47.53
10/13/2011,47.76
10/14/2011,45.35
10/17/2011,50.14
10/18/2011,47.8
10/19/2011,50.01
10/20/2011,49.52
10/21/2011,48.03
10/24/2011,45.6
10/25/2011,48.27
10/26/2011,47.59
10/27/2011,43.82
10/28/2011,41.58
10/31/2011,43.26
11/1/2011,46.63
11/2/2011,45.56
11/3/2011,43.85
11/4/2011,42.45
11/7/2011,43.3
11/8/2011,43.35
11/9/2011,48.97
11/10/2011,47.84
11/11/2011,46.6
11/14/2011,46.41
11/15/2011,43.05
11/16/2011,43.29
11/17/2011,42.94
11/18/2011,42.94
11/21/2011,44.82
11/22/2011,42.94
11/23/2011,45.19
11/25/2011,69.12
11/28/2011,44.52
11/29/2011,42.7
11/30/2011,41.0
12/1/2011,40.89
12/2/2011,39.8
12/5/2011,39.34
12/6/2011,38.23
12/7/2011,38.34
12/8/2011,40.27
12/9/2011,38.87
12/12/2011,40.45
12/13/2011,39.39
12/14/2011,43.82
12/15/2011,45.04
12/16/2011,41.73
12/19/2011,41.27
12/20/2011,38.96
12/21/2011,36.37
12/22/2011,35.81
12/23/2011,35.74
12/27/2011,36.95
12/28/2011,38.73
12/29/2011,38.66
12/30/2011,38.74
1/3/2012,40.07
1/4/2012,39.04
1/5/2012,38.7
1/6/2012,37.12
1/9/2012,36.52
1/10/2012,35.44
1/11/2012,35.52
1/12/2012,36.59
1/13/2012,35.62
1/17/2012,33.97
1/18/2012,32.59
1/19/2012,33.51
1/20/2012,33.35
1/23/2012,33.16
1/24/2012,33.23
1/25/2012,31.93
1/26/2012,31.97
1/27/2012,31.57
1/30/2012,31.74
1/31/2012,32.31
2/1/2012,32.18
2/2/2012,31.81
2/3/2012,30.71
2/6/2012,31.2
2/7/2012,32.41
2/8/2012,32.32
2/9/2012,32.43
2/10/2012,32.83
2/13/2012,33.3
2/14/2012,33.64
2/15/2012,34.85
2/16/2012,33.99
2/17/2012,33.05
2/21/2012,34.68
2/22/2012,33.67
2/23/2012,33.21
2/24/2012,33.8
2/27/2012,34.12
2/28/2012,33.52
2/29/2012,32.52
3/1/2012,33.2
3/2/2012,32.91
3/5/2012,33.34
3/6/2012,34.34
3/7/2012,32.93
3/8/2012,32.12
3/9/2012,31.42
3/12/2012,30.0
3/13/2012,29.45
3/14/2012,29.31
3/15/2012,29.44
3/16/2012,28.68
3/19/2012,26.85
3/20/2012,27.87
3/21/2012,26.93
3/22/2012,27.51
3/23/2012,28.17
3/26/2012,27.89
3/27/2012,27.53
3/28/2012,28.03
3/29/2012,28.94
3/30/2012,29.0
4/2/2012,28.46
4/3/2012,27.95
4/4/2012,28.73
4/5/2012,28.03
4/9/2012,29.84
4/10/2012,31.62
4/11/2012,30.69
4/12/2012,29.41
4/13/2012,29.61
4/16/2012,29.78
4/17/2012,28.74
4/18/2012,28.36
4/19/2012,28.31
4/20/2012,27.1
4/23/2012,26.91
4/24/2012,26.11
4/25/2012,25.68
4/26/2012,24.62
4/27/2012,24.34
4/30/2012,25.15
5/1/2012,25.12
5/2/2012,25.03
5/3/2012,27.46
5/4/2012,29.79
5/7/2012,29.07
5/8/2012,29.06
5/9/2012,29.27
5/10/2012,28.61
5/11/2012,28.79
5/14/2012,30.96
5/15/2012,32.13
5/16/2012,31.48
5/17/2012,32.62
5/18/2012,33.18
5/21/2012,30.01
5/22/2012,29.75
5/23/2012,30.9
5/24/2012,30.12
5/25/2012,30.19
5/29/2012,30.72
5/30/2012,33.32
5/31/2012,34.79
6/1/2012,41.63
6/4/2012,38.58
6/5/2012,36.67
6/6/2012,35.58
6/7/2012,36.9
6/8/2012,37.57
6/11/2012,42.31
6/12/2012,39.45
6/13/2012,39.07
6/14/2012,36.19
6/15/2012,36.28
6/18/2012,35.04
6/19/2012,32.92
6/20/2012,34.66
6/21/2012,37.52
6/22/2012,35.08
6/25/2012,36.84
6/26/2012,34.42
6/27/2012,33.45
6/28/2012,34.58
6/29/2012,35.0
7/2/2012,36.38
7/3/2012,36.38
7/5/2012,38.22
7/6/2012,37.51
7/9/2012,37.28
7/10/2012,37.68
7/11/2012,35.97
7/12/2012,34.46
7/13/2012,33.86
7/16/2012,34.01
7/17/2012,35.36
7/18/2012,34.93
7/19/2012,36.74
7/20/2012,35.33
7/23/2012,37.23
7/24/2012,36.27
7/25/2012,34.86
7/26/2012,34.1
7/27/2012,32.99
7/30/2012,33.09
7/31/2012,34.53
8/1/2012,33.98
8/2/2012,33.6
8/3/2012,33.23
8/6/2012,32.07
8/7/2012,32.15
8/8/2012,31.42
8/9/2012,30.78
8/10/2012,30.59
8/13/2012,29.45
8/14/2012,29.84
8/15/2012,31.18
8/16/2012,31.73
8/17/2012,31.19
8/20/2012,30.5
8/21/2012,30.64
8/22/2012,31.07
8/23/2012,31.76
8/24/2012,32.01
8/27/2012,33.42
8/28/2012,33.06
8/29/2012,32.59
8/30/2012,31.95
8/31/2012,31.4
9/4/2012,33.61
9/5/2012,33.64
9/6/2012,34.07
9/7/2012,32.77
9/10/2012,32.71
9/11/2012,32.38
9/12/2012,33.33
9/13/2012,32.96
9/14/2012,34.07
9/17/2012,35.64
9/18/2012,35.81
9/19/2012,36.58
9/20/2012,33.58
9/21/2012,33.21
9/24/2012,34.23
9/25/2012,34.35
9/26/2012,35.13
9/27/2012,33.05
9/28/2012,32.45
10/1/2012,32.87
10/2/2012,32.53
10/3/2012,35.15
10/4/2012,33.39
10/5/2012,32.76
10/8/2012,34.05
10/9/2012,34.5
10/10/2012,35.09
10/11/2012,34.52
10/12/2012,33.69
10/15/2012,33.84
10/16/2012,33.54
10/17/2012,32.25
10/18/2012,30.83
10/19/2012,31.91
10/22/2012,33.13
10/23/2012,34.28
10/24/2012,33.61
10/25/2012,32.27
10/26/2012,32.21
10/31/2012,32.18
11/1/2012,31.29
11/2/2012,32.42
11/5/2012,32.1
11/6/2012,32.02
11/7/2012,33.98
11/8/2012,33.51
11/9/2012,31.54
11/12/2012,30.0
11/13/2012,31.27
11/14/2012,31.5
11/15/2012,30.54
11/16/2012,31.1
11/19/2012,30.97
11/20/2012,29.83
11/21/2012,29.49
11/23/2012,29.49
11/26/2012,29.38
11/27/2012,28.65
11/28/2012,28.69
11/29/2012,28.28
11/30/2012,27.62
12/3/2012,28.39
12/4/2012,28.84
12/5/2012,29.13
12/6/2012,29.89
12/7/2012,29.65
12/10/2012,30.32
12/11/2012,29.94
12/12/2012,29.13
12/13/2012,29.63
12/14/2012,29.32
12/17/2012,28.95
12/18/2012,28.56
12/19/2012,27.64
12/20/2012,27.61
12/21/2012,28.88
12/24/2012,28.88
12/26/2012,28.73
12/27/2012,28.08
12/28/2012,28.88
12/31/2012,28.45
1/2/2013,27.8
1/3/2013,26.83
1/4/2013,26.03
1/7/2013,25.04
1/8/2013,24.3
1/9/2013,24.6
1/10/2013,24.59
1/11/2013,24.57
01/14/2013,25.72
01/15/2013,25.7
01/16/2013,24.39
01/17/2013,23.99
01/18/2013,21.98
01/22/2013,21.67
01/23/2013,22.75
01/24/2013,22.48
01/25/2013,22.52
01/28/2013,22.98
01/29/2013,22.97
01/30/2013,22.88
01/31/2013,22.54
02/01/2013,22.4
02/04/2013,23.96
02/05/2013,23.06
02/06/2013,23.39
02/07/2013,23.3
02/08/2013,23.08
02/11/2013,21.68
02/12/2013,20.7
02/13/2013,21.0
02/14/2013,20.21
02/15/2013,22.59
02/19/2013,22.44
02/20/2013,24.97
02/21/2013,27.13
02/22/2013,24.58
02/25/2013,26.22
02/26/2013,25.9
02/27/2013,24.33
02/28/2013,23.61
03/01/2013,23.68
03/04/2013,24.28
03/05/2013,22.41
03/06/2013,22.52
03/07/2013,21.29
03/08/2013,20.8
03/11/2013,19.42
03/12/2013,18.77
03/13/2013,19.09
03/14/2013,18.36
03/15/2013,18.76
03/18/2013,19.45
03/19/2013,21.14
03/20/2013,19.58
03/21/2013,19.74
03/22/2013,19.11
03/25/2013,19.08
03/26/2013,17.81
03/27/2013,17.95
03/28/2013,18.19
04/01/2013,19.2
04/02/2013,19.33
04/03/2013,21.74
04/04/2013,21.84
04/05/2013,21.39
04/08/2013,21.01
04/09/2013,20.64
04/10/2013,20.55
04/11/2013,21.2
04/12/2013,22.59
04/15/2013,29.84
04/16/2013,27.32
04/17/2013,31.14
04/18/2013,28.53
04/19/2013,27.57
04/22/2013,25.07
04/23/2013,24.43
04/24/2013,23.26
04/25/2013,22.68
04/26/2013,22.51
04/29/2013,23.44
04/30/2013,24.57
05/01/2013,26.68
05/02/2013,24.49
05/03/2013,24.01
05/06/2013,25.16
05/07/2013,24.38
05/08/2013,22.64
05/09/2013,23.24
05/10/2013,22.83
05/13/2013,23.66
05/14/2013,24.12
05/15/2013,24.48
05/16/2013,24.39
05/17/2013,22.82
05/20/2013,23.44
05/21/2013,23.11
05/22/2013,24.45
05/23/2013,23.3
05/24/2013,22.57
05/28/2013,22.95
05/29/2013,24.04
05/30/2013,24.21
05/31/2013,24.41
06/03/2013,24.79
06/04/2013,24.64
06/05/2013,24.49
06/06/2013,23.89
06/07/2013,22.41
06/10/2013,21.74
06/11/2013,21.81
06/12/2013,22.72
06/13/2013,21.47
06/14/2013,21.22
06/17/2013,21.04
06/18/2013,20.64
06/19/2013,19.98
06/20/2013,25.9
06/21/2013,23.68
06/24/2013,24.32
06/25/2013,23.63
06/26/2013,22.82
06/27/2013,23.17
06/28/2013,22.37
07/01/2013,22.18
07/02/2013,22.63
07/03/2013,25.7
07/05/2013,26.74
07/08/2013,25.37
07/09/2013,25.22
07/10/2013,26.22
07/11/2013,24.58
07/12/2013,24.51
07/15/2013,23.72
07/16/2013,24.5
07/17/2013,23.3
07/18/2013,23.05
07/19/2013,24.08
07/22/2013,24.23
07/23/2013,23.63
07/24/2013,23.77
07/25/2013,23.37
07/26/2013,22.98
07/29/2013,22.79
07/30/2013,23.48
07/31/2013,22.95
08/01/2013,22.28
08/02/2013,22.26
08/05/2013,22.87
08/06/2013,22.64
08/07/2013,22.56
08/08/2013,22.25
08/09/2013,22.64
08/12/2013,22.68
08/13/2013,22.63
08/14/2013,23.15
08/15/2013,24.15
08/16/2013,23.99
08/19/2013,23.48
08/20/2013,24.18
08/21/2013,24.33
08/22/2013,23.26
08/23/2013,22.7
08/26/2013,23.43
08/27/2013,27.19
08/28/2013,29.79
08/29/2013,27.41
08/30/2013,28.1
09/03/2013,29.41
09/04/2013,28.73
09/05/2013,27.44
09/06/2013,28.1
09/09/2013,27.93
09/10/2013,27.12
09/11/2013,24.32
09/12/2013,23.57
09/13/2013,23.18
09/16/2013,23.03
09/17/2013,23.17
09/18/2013,22.81
09/19/2013,21.51
09/20/2013,21.38
09/23/2013,22.27
09/24/2013,22.5
09/25/2013,22.32
09/26/2013,21.77
09/27/2013,21.84
09/30/2013,22.98
10/01/2013,22.57
10/02/2013,21.52
10/03/2013,21.62
10/04/2013,21.49
10/07/2013,22.01
10/08/2013,21.95
10/09/2013,23.24
10/10/2013,21.39
10/11/2013,21.55
10/14/2013,22.52
10/15/2013,23.52
10/16/2013,21.73
10/17/2013,21.22
10/18/2013,20.12
10/21/2013,20.91
10/22/2013,21.62
10/23/2013,23.28
10/24/2013,21.88
10/25/2013,20.28
10/28/2013,20.57
10/29/2013,20.64
10/30/2013,20.95
10/31/2013,20.59
11/01/2013,21.29
11/04/2013,21.74
11/05/2013,22.18
11/06/2013,20.98
11/07/2013,20.79
11/08/2013,19.7
11/11/2013,19.69
11/12/2013,20.32
11/13/2013,19.63
11/14/2013,19.92
11/15/2013,19.39
11/18/2013,19.71
11/19/2013,19.83
11/20/2013,19.87
11/21/2013,18.69
11/22/2013,18.1
11/25/2013,19.23
11/26/2013,18.64
11/27/2013,19.62
11/29/2013,20.0
12/02/2013,20.28
12/03/2013,19.49
12/04/2013,19.06
12/05/2013,18.59
12/06/2013,17.95
12/09/2013,18.1
12/10/2013,17.95
12/11/2013,17.98
12/12/2013,18.19
12/13/2013,18.42
12/16/2013,17.49
12/17/2013,17.7
12/18/2013,17.26
12/19/2013,16.7
12/20/2013,15.86
12/23/2013,15.42
12/24/2013,15.26
12/26/2013,15.2
12/27/2013,15.74
12/30/2013,16.53
12/31/2013,17.76
01/02/2014,20.24
01/03/2014,20.6
01/06/2014,20.7
01/07/2014,19.67
01/08/2014,20.17
01/09/2014,19.51
01/10/2014,19.47
01/13/2014,19.75
01/14/2014,19.81
01/15/2014,18.7
01/16/2014,17.91
01/17/2014,17.12
01/21/2014,18.26
01/22/2014,18.17
01/23/2014,18.79
01/24/2014,19.46
01/27/2014,20.89
01/28/2014,20.83
01/29/2014,20.81
01/30/2014,19.76
01/31/2014,20.35
02/03/2014,21.65
02/04/2014,21.47
02/05/2014,20.65
02/06/2014,19.65
02/07/2014,19.03
02/10/2014,19.18
02/11/2014,19.05
02/12/2014,19.23
02/13/2014,19.0
02/14/2014,17.95
02/18/2014,18.43
02/19/2014,18.35
02/20/2014,17.59
02/21/2014,17.9
02/24/2014,18.16
02/25/2014,18.47
02/26/2014,18.48
02/27/2014,18.81
02/28/2014,18.71
03/03/2014,20.9
03/04/2014,19.88
03/05/2014,20.29
03/06/2014,19.96
03/07/2014,20.01
03/10/2014,20.33
03/11/2014,20.67
03/12/2014,20.9
03/13/2014,20.83
03/14/2014,21.7
03/17/2014,20.34
03/18/2014,20.25
03/19/2014,19.88
03/20/2014,19.69
03/21/2014,19.46
03/24/2014,19.52
03/25/2014,19.19
03/26/2014,19.17
03/27/2014,19.28
03/28/2014,19.15
03/31/2014,19.26
04/01/2014,19.61
04/02/2014,19.79
04/03/2014,18.45
04/04/2014,18.28
04/07/2014,18.64
04/08/2014,18.89
04/09/2014,18.55
04/10/2014,18.72
04/11/2014,18.39
04/14/2014,18.71
04/15/2014,18.71
04/16/2014,18.9
04/17/2014,18.93
04/21/2014,18.28
04/22/2014,18.81
04/23/2014,18.46
04/24/2014,18.36
04/25/2014,18.88
04/28/2014,19.14
04/29/2014,19.19
04/30/2014,19.37
05/01/2014,18.44
05/02/2014,17.8
05/05/2014,18.55
05/06/2014,17.96
05/07/2014,17.71
05/08/2014,17.49
05/09/2014,17.0
05/12/2014,16.65
05/13/2014,16.86
05/14/2014,16.72
05/15/2014,15.94
05/16/2014,15.42
05/19/2014,15.9
05/20/2014,16.2
05/21/2014,16.38
05/22/2014,16.05
05/23/2014,15.89
05/27/2014,16.1
05/28/2014,16.02
05/29/2014,15.55
05/30/2014,15.61
06/02/2014,15.52
06/03/2014,15.53
06/04/2014,15.41
06/05/2014,15.14
06/06/2014,14.5
06/09/2014,14.67
06/10/2014,14.74
06/11/2014,14.67
06/12/2014,19.17
06/13/2014,19.47
06/16/2014,19.52
06/17/2014,17.4
06/18/2014,17.28
06/19/2014,18.05
06/20/2014,18.84
06/23/2014,18.05
06/24/2014,17.93
06/25/2014,17.7
06/26/2014,16.97
06/27/2014,16.44
06/30/2014,16.52
07/01/2014,16.24
07/02/2014,15.87
07/03/2014,15.59
07/07/2014,16.36
07/08/2014,16.31
07/09/2014,16.36
07/10/2014,16.46
07/11/2014,17.26
07/14/2014,18.1
07/15/2014,17.96
07/16/2014,16.88
07/17/2014,17.87
07/18/2014,17.39
07/21/2014,16.97
07/22/2014,17.1
07/23/2014,16.73
07/24/2014,15.95
07/25/2014,16.67
07/28/2014,16.37
07/29/2014,16.79
07/30/2014,17.11
07/31/2014,18.78
08/01/2014,19.39
08/04/2014,18.92
08/05/2014,19.1
08/06/2014,18.81
08/07/2014,18.85
08/08/2014,18.88
08/11/2014,17.54
08/12/2014,17.55
08/13/2014,17.19
08/14/2014,17.86
08/15/2014,18.59
08/18/2014,19.52
08/19/2014,19.38
08/20/2014,17.96
08/21/2014,17.25
08/22/2014,16.51
08/25/2014,16.92
08/26/2014,16.68
08/27/2014,16.47
08/28/2014,16.52
08/29/2014,16.68
09/02/2014,18.34
09/03/2014,18.49
09/04/2014,18.95
09/05/2014,18.52
09/08/2014,20.43
09/09/2014,19.68
09/10/2014,20.49
09/11/2014,20.63
09/12/2014,19.53
09/15/2014,20.17
09/16/2014,18.93
09/17/2014,19.18
09/18/2014,18.98
09/19/2014,18.56
09/22/2014,19.98
09/23/2014,20.73
09/24/2014,19.8
09/25/2014,20.07
09/26/2014,19.42
09/29/2014,19.86
09/30/2014,21.52
10/01/2014,22.38
10/02/2014,23.36
10/03/2014,24.22
10/06/2014,24.62
10/07/2014,25.09
10/08/2014,25.28
10/09/2014,27.72
10/10/2014,30.03
10/13/2014,31.32
10/14/2014,37.23
10/15/2014,36.36
10/16/2014,34.09
10/17/2014,31.16
10/20/2014,29.36
10/21/2014,27.14
10/22/2014,30.68
10/23/2014,31.78
10/24/2014,31.27
10/27/2014,32.44
10/28/2014,30.11
10/29/2014,28.93
10/30/2014,30.45
10/31/2014,30.52
11/03/2014,31.84
11/04/2014,33.13
11/05/2014,31.39
11/06/2014,30.34
11/07/2014,29.47
11/10/2014,30.72
11/11/2014,30.79
11/12/2014,30.71
11/13/2014,33.12
11/14/2014,32.99
11/17/2014,34.39
11/18/2014,33.17
11/19/2014,33.14
11/20/2014,33.64
11/21/2014,34.92
11/24/2014,36.28
11/25/2014,37.49
11/26/2014,36.02
11/28/2014,36.44
12/01/2014,37.49
12/02/2014,38.57
12/03/2014,36.16
12/04/2014,35.39
12/05/2014,34.2
12/08/2014,39.68
12/09/2014,37.56
12/10/2014,42.21
12/11/2014,44.95
12/12/2014,49.77
12/15/2014,57.55
12/16/2014,55.77
12/17/2014,56.75
12/18/2014,57.45
12/19/2014,54.84
12/22/2014,54.82
12/23/2014,53.97
12/24/2014,54.88
12/26/2014,54.68
12/29/2014,53.63
12/30/2014,51.17
12/31/2014,50.24
01/02/2015,54.25
01/05/2015,57.67
01/06/2015,56.45
01/07/2015,53.25
01/08/2015,50.96
01/09/2015,50.07
01/12/2015,53.13
01/13/2015,53.78
01/14/2015,53.17
01/15/2015,57.77
01/16/2015,56.44
01/20/2015,57.99
01/21/2015,55.09
01/22/2015,56.4
01/23/2015,57.62
01/26/2015,56.65
01/27/2015,54.23
01/28/2015,55.18
01/29/2015,54.69
01/30/2015,58.62
02/02/2015,57.84
02/03/2015,59.68
02/04/2015,62.73
02/05/2015,63.14
02/06/2015,60.83
02/09/2015,56.0
02/10/2015,59.29
02/11/2015,60.23
02/12/2015,58.69
02/13/2015,55.53
02/17/2015,56.33
02/18/2015,55.97
02/19/2015,55.75
02/20/2015,54.0
02/23/2015,58.67
02/24/2015,56.27
02/25/2015,54.93
02/26/2015,56.46
02/27/2015,55.85
03/02/2015,54.92
03/03/2015,53.05
03/04/2015,48.92
03/05/2015,47.09
03/06/2015,48.96
03/09/2015,48.99
03/10/2015,50.92
03/11/2015,49.17
03/12/2015,49.59
03/13/2015,54.56
03/16/2015,56.93
03/17/2015,59.85
03/18/2015,53.65
03/19/2015,53.82
03/20/2015,50.84
03/23/2015,49.32
03/24/2015,47.94
03/25/2015,47.03
03/26/2015,49.58
03/27/2015,52.84
03/30/2015,51.98
03/31/2015,53.72
04/01/2015,50.9
04/02/2015,49.84
04/06/2015,48.33
04/07/2015,46.25
04/08/2015,48.1
04/09/2015,46.65
04/10/2015,43.04
04/13/2015,44.2
04/14/2015,44.65
04/15/2015,46.14
04/16/2015,43.48
04/17/2015,42.0
04/20/2015,42.06
04/21/2015,41.04
04/22/2015,39.01
04/23/2015,37.98
04/24/2015,36.61
04/27/2015,37.46
04/28/2015,37.31
04/29/2015,36.68
04/30/2015,36.28
05/01/2015,35.62
05/04/2015,36.2
05/05/2015,36.24
05/06/2015,36.88
05/07/2015,38.13
05/08/2015,35.09
05/11/2015,34.86
05/12/2015,33.74
05/13/2015,34.33
05/14/2015,32.63
05/15/2015,29.95
05/18/2015,30.63
05/19/2015,34.82
05/20/2015,33.7
05/21/2015,31.61
05/22/2015,31.29
05/26/2015,34.66
05/27/2015,35.29
05/28/2015,34.2
05/29/2015,33.74
06/01/2015,35.3
06/02/2015,35.74
06/03/2015,37.4
06/04/2015,38.42
06/05/2015,33.54
06/08/2015,34.04
06/09/2015,33.01
06/10/2015,31.79
06/11/2015,31.76
06/12/2015,31.51
06/15/2015,32.55
06/16/2015,32.39
06/17/2015,32.83
06/18/2015,31.59
06/19/2015,30.4
06/22/2015,30.06
06/23/2015,29.69
06/24/2015,29.6
06/25/2015,29.26
06/26/2015,29.01
06/29/2015,33.64
06/30/2015,32.43
07/01/2015,34.11
07/02/2015,33.8
07/06/2015,40.01
07/07/2015,40.54
07/08/2015,42.2
07/09/2015,42.04
07/10/2015,41.22
07/13/2015,38.08
07/14/2015,36.31
07/15/2015,37.25
07/16/2015,35.92
07/17/2015,34.68
07/20/2015,36.39
07/21/2015,34.97
07/22/2015,37.66
07/23/2015,38.46
07/24/2015,39.0
07/27/2015,41.15
07/28/2015,39.94
07/29/2015,38.59
07/30/2015,37.33
07/31/2015,38.82
08/03/2015,40.91
08/04/2015,40.12
08/05/2015,40.18
08/06/2015,41.54
08/07/2015,41.17
08/10/2015,40.99
08/11/2015,42.16
08/12/2015,42.4
08/13/2015,43.23
08/14/2015,40.92
08/17/2015,40.35
08/18/2015,39.48
08/19/2015,41.29
08/20/2015,42.58
08/21/2015,44.66
08/24/2015,50.11
08/25/2015,49.0
08/26/2015,46.87
08/27/2015,49.03
08/28/2015,51.56
08/31/2015,54.37
09/01/2015,57.51
09/02/2015,53.75
09/03/2015,50.44
09/04/2015,49.29
09/08/2015,50.14
09/09/2015,49.5
09/10/2015,50.05
09/11/2015,49.63
09/14/2015,49.81
09/15/2015,51.14
09/16/2015,50.24
09/17/2015,45.34
09/18/2015,45.84
09/21/2015,47.51
09/22/2015,48.9
09/23/2015,51.12
09/24/2015,49.44
09/25/2015,47.71
09/28/2015,49.46
09/29/2015,49.32
09/30/2015,45.52
10/01/2015,44.61
10/02/2015,42.86
10/05/2015,43.03
10/06/2015,44.14
10/07/2015,43.26
10/08/2015,43.28
10/09/2015,42.8
10/12/2015,44.9
10/13/2015,45.37
10/14/2015,42.7
10/15/2015,41.99
10/16/2015,39.58
10/19/2015,40.74
10/20/2015,41.72
10/21/2015,41.77
10/22/2015,40.22
10/23/2015,41.51
10/26/2015,42.99
10/27/2015,44.77
10/28/2015,44.29
10/29/2015,43.63
10/30/2015,41.95
11/02/2015,41.88
11/03/2015,41.27
11/04/2015,41.54
11/05/2015,39.29
11/06/2015,39.85
11/09/2015,41.34
11/10/2015,39.34
11/11/2015,41.92
11/12/2015,43.93
11/13/2015,46.26
11/16/2015,47.44
11/17/2015,46.63
11/18/2015,43.53
11/19/2015,43.75
11/20/2015,44.93
11/23/2015,45.84
11/24/2015,47.17
11/25/2015,48.46
11/27/2015,48.28
11/30/2015,48.14
12/01/2015,49.28
12/02/2015,51.96
12/03/2015,50.65
12/04/2015,45.44
12/07/2015,49.0
12/08/2015,50.34
12/09/2015,51.53
12/10/2015,51.23
12/11/2015,54.29
12/14/2015,55.36
12/15/2015,50.03
12/16/2015,47.64
12/17/2015,47.45
12/18/2015,49.43
12/21/2015,49.18
12/22/2015,48.84
12/23/2015,47.39
12/24/2015,44.81
12/28/2015,47.0
12/29/2015,45.27
12/30/2015,46.01
12/31/2015,46.57
01/04/2016,49.79
01/05/2016,49.68
01/06/2016,52.36
01/07/2016,56.15
01/08/2016,56.1
01/11/2016,62.98
01/12/2016,65.27
01/13/2016,60.67
01/14/2016,57.56
01/15/2016,62.09
01/19/2016,64.04
01/20/2016,67.93
01/21/2016,65.79
01/22/2016,61.86
01/25/2016,65.74
01/26/2016,65.89
01/27/2016,65.62
01/28/2016,65.99
01/29/2016,61.86
02/01/2016,66.63
02/02/2016,68.59
02/03/2016,67.71
02/04/2016,66.78
02/05/2016,66.67
02/08/2016,68.38
02/09/2016,72.29
02/10/2016,72.5
02/11/2016,77.79
02/12/2016,78.97
02/16/2016,71.53
02/17/2016,69.47
02/18/2016,67.49
02/19/2016,62.46
02/22/2016,62.84
02/23/2016,65.03
02/24/2016,66.09
02/25/2016,63.74
02/26/2016,59.96
02/29/2016,60.01
03/01/2016,56.84
03/02/2016,53.37
03/03/2016,52.57
03/04/2016,51.89
03/07/2016,52.8
03/08/2016,54.04
03/09/2016,51.74
03/10/2016,51.98
03/11/2016,50.25
03/14/2016,50.17
03/15/2016,48.98
03/16/2016,43.98
03/17/2016,46.22
03/18/2016,44.98
03/21/2016,45.09
03/22/2016,44.12
03/23/2016,44.58
03/24/2016,44.96
03/28/2016,45.98
03/29/2016,46.63
03/30/2016,46.38
03/31/2016,45.91
04/01/2016,47.76
04/04/2016,50.89
04/05/2016,50.16
04/06/2016,46.16
04/07/2016,46.5
04/08/2016,47.42
04/11/2016,49.04
04/12/2016,48.78
04/13/2016,48.79
04/14/2016,46.37
04/15/2016,51.27
04/18/2016,46.45
04/19/2016,43.93
04/20/2016,43.67
04/21/2016,43.76
04/22/2016,41.97
04/25/2016,44.24
04/26/2016,43.51
04/27/2016,43.64
04/28/2016,42.84
04/29/2016,42.52
05/02/2016,45.15
05/03/2016,45.78
05/04/2016,44.76
05/05/2016,44.82
05/06/2016,42.47
05/09/2016,44.14
05/10/2016,42.28
05/11/2016,42.02
05/12/2016,41.5
05/13/2016,41.57
05/16/2016,42.03
05/17/2016,42.75
05/18/2016,42.87
05/19/2016,42.4
05/20/2016,40.17
05/23/2016,39.44
05/24/2016,38.02
05/25/2016,35.94
05/26/2016,36.56
05/27/2016,35.97
05/31/2016,38.08
06/01/2016,40.0
06/02/2016,36.64
06/03/2016,34.81
06/06/2016,35.61
06/07/2016,36.19
06/08/2016,35.17
06/09/2016,35.9
06/10/2016,39.95
06/13/2016,42.72
06/14/2016,43.07
06/15/2016,42.58
06/16/2016,44.49
06/17/2016,41.35
06/20/2016,38.99
06/21/2016,40.37
06/22/2016,43.25
06/23/2016,40.1
06/24/2016,43.33
06/27/2016,42.85
06/28/2016,40.18
06/29/2016,38.29
06/30/2016,38.09
07/01/2016,36.18
07/05/2016,40.08
07/06/2016,41.43
07/07/2016,43.24
07/08/2016,41.41
07/11/2016,42.51
07/12/2016,39.67
07/13/2016,43.1
07/14/2016,38.3
07/15/2016,36.66
07/18/2016,38.15
07/19/2016,37.2
07/20/2016,37.02
07/21/2016,38.13
07/22/2016,38.85
07/25/2016,40.97
07/26/2016,41.27
07/27/2016,41.6
07/28/2016,42.93
07/29/2016,41.08
08/01/2016,44.22
08/02/2016,45.7
08/03/2016,44.64
08/04/2016,43.1
08/05/2016,41.5
08/08/2016,41.14
08/09/2016,39.76
08/10/2016,39.32
08/11/2016,39.29
08/12/2016,37.78
08/15/2016,37.28
08/16/2016,37.45
08/17/2016,35.12
08/18/2016,36.75
08/19/2016,34.88
08/22/2016,36.41
08/23/2016,37.53
08/24/2016,37.46
08/25/2016,36.76
08/26/2016,36.05
08/29/2016,36.72
08/30/2016,38.03
08/31/2016,39.5
09/01/2016,41.22
09/02/2016,38.64
09/06/2016,39.85
09/07/2016,38.63
09/08/2016,38.21
09/09/2016,39.72
09/12/2016,39.16
09/13/2016,41.1
09/14/2016,42.47
09/15/2016,40.9
09/16/2016,39.86
09/19/2016,39.66
09/20/2016,40.99
09/21/2016,39.85
09/22/2016,41.57
09/23/2016,43.89
09/26/2016,44.9
09/27/2016,43.88
09/28/2016,45.24
09/29/2016,42.05
09/30/2016,39.31
10/03/2016,38.04
10/04/2016,37.66
10/05/2016,36.65
10/06/2016,35.92
10/07/2016,36.6
10/10/2016,36.57
10/11/2016,38.08
10/12/2016,39.05
10/13/2016,37.22
10/14/2016,35.55
10/17/2016,34.88
10/18/2016,36.37
10/19/2016,32.72
10/20/2016,32.48
10/21/2016,32.51
10/24/2016,32.79
10/25/2016,33.93
10/26/2016,35.39
10/27/2016,35.86
10/28/2016,37.76
10/31/2016,40.96
11/01/2016,40.08
11/02/2016,40.86
11/03/2016,41.49
11/04/2016,43.69
11/07/2016,44.2
11/08/2016,43.56
11/09/2016,41.25
11/10/2016,42.44
11/11/2016,45.31
11/14/2016,50.17
11/15/2016,49.43
11/16/2016,50.09
11/17/2016,47.37
11/18/2016,46.56
11/21/2016,45.71
11/22/2016,46.69
11/23/2016,47.54
11/25/2016,53.46
11/28/2016,52.56
11/29/2016,55.09
11/30/2016,44.25
12/01/2016,40.45
12/02/2016,35.51
12/05/2016,37.0
12/06/2016,37.11
12/07/2016,36.05
12/08/2016,35.03
12/09/2016,35.21
12/12/2016,30.3
12/13/2016,31.35
12/14/2016,33.97
12/15/2016,33.58
12/16/2016,29.18
12/19/2016,29.23
12/20/2016,27.43
12/21/2016,28.39
12/22/2016,30.29
12/23/2016,29.9
12/27/2016,30.0
12/28/2016,29.91
12/29/2016,30.01
12/30/2016,30.83
01/03/2017,32.88
01/04/2017,32.36
01/05/2017,31.56
01/06/2017,30.47
01/09/2017,33.73
01/10/2017,33.61
01/11/2017,32.95
01/12/2017,32.37
01/13/2017,30.73
01/17/2017,31.25
01/18/2017,31.24
01/19/2017,30.88
01/20/2017,29.19
01/23/2017,30.79
01/24/2017,29.59
01/25/2017,30.41
01/26/2017,29.59
01/27/2017,29.78
01/30/2017,30.94
01/31/2017,31.33
02/01/2017,30.65
02/02/2017,29.39
02/03/2017,28.11
02/06/2017,29.37
02/07/2017,29.61
02/08/2017,29.09
02/09/2017,28.25
02/10/2017,26.43
02/13/2017,26.99
02/14/2017,27.49
02/15/2017,27.75
02/16/2017,27.37
02/17/2017,25.29
02/21/2017,25.79
02/22/2017,27.09
02/23/2017,25.79
02/24/2017,25.72
02/27/2017,25.01
02/28/2017,25.46
03/01/2017,24.67
03/02/2017,25.94
03/03/2017,25.59
03/06/2017,26.96
03/07/2017,26.46
03/08/2017,31.74
03/09/2017,31.98
03/10/2017,33.45
03/13/2017,32.39
03/14/2017,33.19
03/15/2017,30.08
03/16/2017,28.63
03/17/2017,27.45
03/20/2017,28.11
03/21/2017,30.57
03/22/2017,30.05
03/23/2017,29.79
03/24/2017,30.99
03/27/2017,30.78
