Date,Open,High,Low,Close
3/16/2011,28.99,33.52,28.65,32.16
3/17/2011,30.24,30.56,28.67,29.36
3/18/2011,28.47,28.88,27.71,28.56
3/21/2011,27.16,27.2,25.63,26.21
3/22/2011,26.15,26.17,25.58,25.71
3/23/2011,26.0,26.23,24.89,24.96
3/24/2011,24.71,25.38,24.48,24.49
3/25/2011,24.44,24.53,23.49,24.01
3/28/2011,25.03,25.09,24.22,24.74
3/29/2011,24.87,25.03,24.25,24.56
3/30/2011,24.1,24.83,23.98,24.08
3/31/2011,24.02,24.45,23.71,24.45
4/1/2011,23.75,23.95,23.46,23.81
4/4/2011,24.27,24.37,23.99,24.05
4/5/2011,24.25,24.26,23.26,23.37
4/6/2011,22.96,24.06,22.96,23.92
4/7/2011,24.22,24.83,23.63,23.77
4/8/2011,23.63,24.85,23.34,24.84
4/11/2011,24.12,24.43,22.52,23.99
4/12/2011,25.34,26.32,24.84,24.94
4/13/2011,24.21,25.2,24.15,25.12
4/14/2011,25.9,26.01,23.34,23.59
4/15/2011,23.88,24.12,22.94,23.16
4/18/2011,25.93,26.27,24.01,24.12
4/19/2011,24.33,24.33,22.23,22.27
4/20/2011,21.12,21.48,20.78,21.16
4/21/2011,21.4,21.54,20.92,21.28
4/25/2011,23.46,23.65,22.97,23.44
4/26/2011,23.62,23.62,22.58,22.81
4/27/2011,22.86,24.04,22.86,23.16
4/28/2011,23.56,23.78,22.8,23.13
4/29/2011,23.13,23.14,22.23,22.88
5/2/2011,23.78,25.16,23.77,24.96
5/3/2011,25.61,27.74,25.56,26.72
5/4/2011,26.88,29.15,26.47,26.95
5/5/2011,28.06,31.04,26.97,30.34
5/6/2011,29.1,29.1,26.78,28.73
5/9/2011,29.28,29.28,26.21,26.7
5/10/2011,26.57,26.75,25.14,25.47
5/11/2011,26.05,28.58,26.05,27.96
5/12/2011,28.56,30.43,28.06,28.29
5/13/2011,28.05,29.45,27.39,28.45
5/16/2011,29.67,29.85,27.55,29.23
5/17/2011,29.62,29.75,28.34,28.37
5/18/2011,28.08,28.24,26.16,27.04
5/19/2011,26.82,27.53,26.56,26.68
5/20/2011,26.92,27.55,25.74,26.43
5/23/2011,29.34,29.34,27.48,27.53
5/24/2011,26.95,26.95,25.61,26.03
5/25/2011,26.49,26.49,24.69,24.93
5/26/2011,25.1,25.23,24.05,24.13
5/27/2011,23.86,23.94,23.26,23.44
5/31/2011,23.74,24.18,23.53,23.53
6/1/2011,23.75,25.51,23.56,25.51
6/2/2011,25.62,26.01,25.05,25.41
6/3/2011,27.16,27.23,24.39,25.28
6/6/2011,26.46,27.34,26.19,27.31
6/7/2011,26.85,27.3,25.94,26.42
6/8/2011,26.66,27.08,26.1,26.97
6/9/2011,26.92,27.13,24.66,25.0
6/10/2011,25.77,27.06,25.6,26.93
6/13/2011,27.69,28.61,27.14,28.15
6/14/2011,27.59,27.6,25.61,26.13
6/15/2011,27.63,29.21,26.78,29.06
6/16/2011,28.99,31.58,28.51,30.12
6/17/2011,29.46,30.38,28.92,29.46
6/20/2011,30.87,30.89,27.74,28.08
6/21/2011,27.57,27.57,24.47,25.57
6/22/2011,26.12,26.14,24.24,25.45
6/23/2011,27.28,28.35,26.21,26.36
6/24/2011,26.29,28.39,26.07,28.25
6/27/2011,29.52,29.69,27.36,27.84
6/28/2011,27.42,27.46,25.82,25.91
6/29/2011,25.8,26.07,24.35,25.01
6/30/2011,24.66,24.69,23.12,23.44
7/1/2011,23.88,24.19,22.7,22.8
7/5/2011,23.97,23.98,23.05,23.37
7/6/2011,24.01,24.57,23.93,24.0
7/7/2011,23.17,23.74,23.01,23.4
7/8/2011,24.8,24.8,23.53,23.58
7/11/2011,25.51,25.64,24.58,25.25
7/12/2011,26.08,26.28,24.7,26.17
7/13/2011,25.76,25.97,24.68,25.25
7/14/2011,24.98,27.69,24.95,27.32
7/15/2011,26.96,27.04,25.71,26.15
7/18/2011,27.73,27.79,27.29,27.34
7/19/2011,26.66,26.66,24.64,24.83
7/20/2011,24.61,25.44,24.61,24.92
7/21/2011,24.41,24.82,23.51,24.22
7/22/2011,24.15,25.54,23.63,25.21
7/25/2011,27.53,27.53,25.9,26.47
7/26/2011,26.83,26.89,25.86,26.49
7/27/2011,27.35,29.15,27.16,27.93
7/28/2011,28.37,29.18,27.47,29.18
7/29/2011,30.58,30.92,29.68,30.17
8/1/2011,29.15,31.0,28.87,29.19
8/2/2011,29.92,30.22,27.99,30.22
8/3/2011,29.87,37.26,29.5,29.53
8/4/2011,31.05,39.18,31.05,39.17
8/5/2011,37.07,45.23,36.87,40.47
8/8/2011,45.05,52.46,44.37,52.04
8/9/2011,50.32,51.52,44.05,44.05
8/10/2011,46.2,49.41,45.29,49.17
8/11/2011,47.93,48.44,44.83,45.66
8/12/2011,44.32,44.32,40.75,42.61
8/15/2011,41.93,41.93,37.76,38.14
8/16/2011,39.83,40.72,38.24,39.36
8/17/2011,38.59,38.97,36.63,37.46
8/18/2011,41.19,48.38,41.19,47.17
8/19/2011,48.66,48.92,46.39,47.96
8/22/2011,45.85,49.29,45.85,48.53
8/23/2011,48.15,48.68,42.68,42.97
8/24/2011,43.81,44.44,42.34,42.58
8/25/2011,42.4,46.24,41.99,46.04
8/26/2011,47.19,49.96,41.62,42.4
8/29/2011,41.75,41.76,39.17,39.55
8/30/2011,40.29,43.65,38.58,39.13
8/31/2011,38.56,39.65,37.77,39.29
9/1/2011,39.11,39.78,38.07,39.13
9/2/2011,41.75,42.56,40.49,41.36
9/6/2011,46.99,48.25,45.54,45.77
9/7/2011,43.75,43.86,41.71,41.72
9/8/2011,42.7,43.01,41.14,42.74
9/9/2011,44.22,48.36,43.83,47.92
9/12/2011,52.53,52.66,48.94,48.94
9/13/2011,48.49,49.31,45.89,46.36
9/14/2011,46.24,47.54,42.08,43.18
9/15/2011,42.03,42.75,39.37,39.37
9/16/2011,39.44,41.65,38.24,38.42
9/19/2011,43.87,44.82,40.76,41.59
9/20/2011,40.87,42.04,38.66,41.34
9/21/2011,41.84,44.66,41.3,44.66
9/22/2011,49.49,53.76,49.24,52.31
9/23/2011,53.32,53.6,50.7,53.19
9/26/2011,52.86,53.82,48.93,49.01
9/27/2011,47.78,48.49,45.46,48.0
9/28/2011,47.8,52.67,46.53,52.66
9/29/2011,50.25,53.65,49.52,51.3
9/30/2011,53.3,54.07,50.33,53.72
10/3/2011,56.24,58.21,53.83,57.47
10/4/2011,58.83,60.35,52.59,52.73
10/5/2011,52.71,53.12,47.97,48.03
10/6/2011,48.87,49.48,46.3,46.34
10/7/2011,45.85,48.68,45.68,47.21
10/10/2011,46.04,46.16,43.7,43.7
10/11/2011,44.57,44.57,42.55,42.84
10/12/2011,41.95,41.98,39.4,40.63
10/13/2011,41.94,42.66,39.8,39.91
10/14/2011,38.28,38.45,36.42,36.45
10/17/2011,38.11,42.36,37.59,42.31
10/18/2011,42.5,43.32,38.34,39.64
10/19/2011,40.17,43.45,39.78,42.86
10/20/2011,43.09,45.83,42.47,43.24
10/21/2011,42.36,42.68,40.07,40.07
10/24/2011,41.15,41.21,37.14,37.53
10/25/2011,37.99,41.35,37.99,41.18
10/26/2011,39.44,41.61,37.84,37.95
10/27/2011,34.13,34.74,32.62,34.33
10/28/2011,34.94,34.99,32.3,32.61
10/31/2011,35.63,39.0,35.62,39.0
11/1/2011,46.34,47.39,44.18,45.62
11/2/2011,43.47,43.89,42.0,42.71
11/3/2011,41.21,42.98,39.48,39.76
11/4/2011,40.51,41.61,39.0,39.68
11/7/2011,40.94,41.92,39.53,39.8
11/8/2011,39.52,41.81,37.11,37.29
11/9/2011,41.1,45.26,40.15,44.45
11/10/2011,42.31,44.43,41.34,42.08
11/11/2011,39.98,40.01,38.35,38.6
11/14/2011,40.54,41.99,40.12,40.81
11/15/2011,41.5,42.0,39.56,40.81
11/16/2011,42.24,42.39,39.31,41.87
11/17/2011,42.46,45.15,41.15,43.83
11/18/2011,43.28,43.32,40.87,41.26
11/21/2011,44.78,45.12,41.23,41.66
11/22/2011,42.31,42.31,39.51,40.32
11/23/2011,41.87,43.38,41.43,43.07
11/25/2011,44.23,44.54,42.37,44.33
11/28/2011,42.24,42.26,40.71,41.68
11/29/2011,41.33,41.55,38.95,39.51
11/30/2011,36.67,37.18,35.76,36.19
12/1/2011,36.24,36.7,35.53,36.33
12/2/2011,34.96,36.33,34.32,36.23
12/5/2011,35.61,36.66,34.68,36.0
12/6/2011,36.08,36.49,35.0,35.56
12/7/2011,35.88,36.88,35.88,36.57
12/8/2011,36.79,38.79,36.79,38.58
12/9/2011,37.62,37.67,34.38,34.64
12/12/2011,34.69,36.14,34.62,34.63
12/13/2011,33.34,35.44,31.45,34.6
12/14/2011,35.49,37.22,35.36,36.6
12/15/2011,34.64,35.17,34.43,35.1
12/16/2011,34.27,34.68,32.52,33.18
12/19/2011,34.79,34.86,32.77,33.58
12/20/2011,31.54,31.57,28.88,30.12
12/21/2011,29.83,30.44,27.78,27.78
12/22/2011,27.56,27.76,26.6,27.08
12/23/2011,27.01,27.19,25.75,25.75
12/27/2011,28.11,28.26,27.06,28.26
12/28/2011,28.13,30.36,28.02,30.36
12/29/2011,30.06,30.06,29.23,29.34
12/30/2011,29.32,29.6,28.89,29.56
1/3/2012,29.07,29.3,28.47,29.15
1/4/2012,29.24,29.96,27.99,28.27
1/5/2012,28.98,29.48,27.92,28.1
1/6/2012,27.92,28.55,27.45,27.65
1/9/2012,28.7,28.82,27.14,27.53
1/10/2012,26.41,26.97,26.26,26.64
1/11/2012,27.31,28.13,27.24,27.65
1/12/2012,28.07,28.83,27.5,27.64
1/13/2012,28.7,28.9,27.79,27.8
1/17/2012,27.59,27.86,26.3,27.11
1/18/2012,27.51,27.66,26.26,26.85
1/19/2012,26.61,26.61,24.98,25.3
1/20/2012,25.43,25.91,23.91,23.94
1/23/2012,24.68,24.7,22.55,22.6
1/24/2012,23.8,24.04,22.69,22.77
1/25/2012,23.31,24.64,22.74,22.95
1/26/2012,22.5,24.79,22.39,24.29
1/27/2012,24.56,24.56,23.88,24.2
1/30/2012,26.18,26.52,25.04,25.66
1/31/2012,25.03,26.4,24.83,26.34
2/1/2012,25.53,26.0,24.57,25.3
2/2/2012,24.99,26.03,24.08,24.85
2/3/2012,23.51,23.63,22.79,22.9
2/6/2012,23.98,24.18,23.28,23.99
2/7/2012,23.88,25.31,23.83,24.02
2/8/2012,24.08,25.36,23.8,24.19
2/9/2012,24.12,25.26,24.12,24.55
2/10/2012,25.7,27.98,25.66,27.56
2/13/2012,27.01,27.01,25.83,25.88
2/14/2012,25.93,26.62,25.27,25.82
2/15/2012,25.63,26.89,25.6,26.56
2/16/2012,26.58,27.25,24.69,24.98
2/17/2012,24.56,24.56,22.98,23.05
2/21/2012,23.38,23.38,22.52,23.04
2/22/2012,23.08,23.24,22.36,22.92
2/23/2012,23.08,23.39,21.77,21.83
2/24/2012,21.34,22.32,21.09,22.21
2/27/2012,23.61,23.97,22.89,23.3
2/28/2012,23.55,23.55,22.91,23.11
2/29/2012,23.12,24.25,22.86,23.49
3/1/2012,23.32,23.35,22.19,22.19
3/2/2012,22.4,23.83,22.12,22.84
3/5/2012,23.73,24.1,23.07,23.09
3/6/2012,24.98,25.59,24.54,25.28
3/7/2012,25.05,25.2,23.89,24.11
3/8/2012,23.74,23.75,22.68,23.0
3/9/2012,22.31,22.53,21.27,21.83
3/12/2012,20.06,20.67,19.59,19.84
3/13/2012,19.47,19.98,17.67,17.67
3/14/2012,18.16,19.44,18.03,19.22
3/15/2012,19.65,20.38,19.44,19.63
3/16/2012,19.38,19.78,16.79,17.79
3/19/2012,19.12,19.12,17.12,17.43
3/20/2012,18.17,19.63,18.15,19.36
3/21/2012,19.83,20.41,18.92,19.24
3/22/2012,20.3,22.4,20.06,20.96
3/23/2012,21.11,21.63,20.26,20.66
3/26/2012,20.86,20.89,19.73,20.37
3/27/2012,20.21,21.24,20.12,21.12
3/28/2012,21.57,23.0,21.27,21.28
3/29/2012,21.95,23.03,21.57,21.89
3/30/2012,21.44,21.46,20.63,21.12
4/2/2012,22.04,22.19,20.21,20.92
4/3/2012,21.12,21.99,20.35,21.16
4/4/2012,22.16,22.94,22.09,22.22
4/5/2012,22.72,22.73,21.92,22.47
4/9/2012,24.97,25.12,23.93,24.5
4/10/2012,24.78,27.15,24.73,26.65
4/11/2012,25.85,26.77,25.32,26.37
4/12/2012,26.28,26.45,24.48,24.52
4/13/2012,24.89,26.52,24.37,26.52
4/16/2012,26.45,27.17,26.09,26.52
4/17/2012,25.58,25.6,24.14,24.41
4/18/2012,25.0,25.97,24.7,24.82
4/19/2012,24.65,26.0,23.9,24.51
4/20/2012,24.07,24.6,23.44,23.73
4/23/2012,26.22,26.58,24.65,24.73
4/24/2012,24.42,24.61,23.51,23.94
4/25/2012,23.41,23.52,22.45,22.5
4/26/2012,22.76,22.93,21.38,21.57
4/27/2012,21.05,21.65,21.05,21.38
4/30/2012,22.06,22.27,21.64,21.72
5/1/2012,21.41,34.78,20.23,20.9
5/2/2012,21.87,22.62,21.87,22.06
5/3/2012,22.2,23.51,22.15,23.47
5/4/2012,24.03,26.89,23.89,26.15
5/7/2012,27.24,27.35,26.03,26.43
5/8/2012,26.83,29.24,26.78,27.05
5/9/2012,28.59,29.65,26.88,27.48
5/10/2012,26.61,27.18,25.93,26.65
5/11/2012,27.37,27.51,25.54,27.38
5/14/2012,29.68,30.24,28.89,29.97
5/15/2012,30.35,31.44,29.44,31.23
5/16/2012,31.32,32.36,29.48,31.81
5/17/2012,31.3,33.34,30.62,33.34
5/18/2012,33.03,33.87,31.73,33.39
5/21/2012,33.75,33.75,29.91,30.48
5/22/2012,29.95,30.47,27.56,29.99
5/23/2012,31.33,33.74,29.52,29.98
5/24/2012,29.4,31.83,29.21,29.8
5/25/2012,29.44,29.56,27.49,29.37
5/29/2012,29.46,48.4,27.79,28.6
5/30/2012,30.0,31.85,30.0,30.99
5/31/2012,30.94,33.69,30.94,31.8
6/1/2012,34.14,36.26,33.19,34.41
6/4/2012,34.66,35.98,33.73,33.74
6/5/2012,33.95,33.95,31.68,31.86
6/6/2012,30.97,31.13,29.79,29.8
6/7/2012,28.66,29.46,28.11,28.95
6/8/2012,29.92,30.22,28.53,28.71
6/11/2012,28.34,32.14,28.3,32.1
6/12/2012,31.5,32.46,30.09,30.13
6/13/2012,31.16,32.38,29.75,32.05
6/14/2012,31.88,32.13,29.96,30.78
6/15/2012,30.37,30.96,27.32,27.39
6/18/2012,28.6,28.6,24.96,24.96
6/19/2012,24.14,24.4,22.89,23.93
6/20/2012,23.8,24.7,22.62,23.37
6/21/2012,23.09,27.18,23.09,27.11
6/22/2012,26.13,26.73,25.43,25.64
6/25/2012,28.35,29.26,27.84,27.84
6/26/2012,27.68,28.45,26.97,27.05
6/27/2012,26.72,27.02,25.59,25.85
6/28/2012,26.51,27.39,25.95,26.02
6/29/2012,23.53,24.39,23.37,23.89
7/2/2012,24.9,31.34,23.82,23.83
7/3/2012,23.17,23.83,22.36,23.83
7/5/2012,23.59,25.37,23.19,23.61
7/6/2012,24.88,24.89,23.87,24.05
7/9/2012,24.96,25.44,24.62,24.88
7/10/2012,24.33,26.36,24.17,25.92
7/11/2012,25.9,26.06,24.99,25.12
7/12/2012,26.1,26.74,25.0,25.92
7/13/2012,25.44,25.44,23.46,23.8
7/16/2012,24.54,24.8,23.92,24.45
7/17/2012,24.29,25.29,23.34,23.42
7/18/2012,23.62,23.67,22.73,22.98
7/19/2012,22.83,23.38,22.45,22.75
7/20/2012,23.46,23.78,22.65,22.73
7/23/2012,26.12,27.04,25.12,25.29
7/24/2012,25.15,27.65,25.11,26.81
7/25/2012,26.34,27.51,25.59,25.77
7/26/2012,24.43,24.7,23.28,23.41
7/27/2012,22.94,23.65,22.43,22.56
7/30/2012,23.51,24.63,23.06,23.87
7/31/2012,24.03,25.62,23.85,25.56
8/1/2012,25.33,26.1,24.21,24.56
8/2/2012,25.45,25.45,23.46,24.24
8/3/2012,22.72,23.01,22.01,22.02
8/6/2012,22.7,22.7,21.77,22.07
8/7/2012,21.5,21.82,21.2,21.82
8/8/2012,22.19,22.23,21.36,21.7
8/9/2012,22.18,22.18,20.99,21.39
8/10/2012,21.81,22.02,20.54,20.55
8/13/2012,19.1,19.59,18.9,18.92
8/14/2012,18.76,19.67,18.71,19.47
8/15/2012,19.45,19.99,18.87,19.12
8/16/2012,19.21,20.25,19.15,20.09
8/17/2012,20.49,20.87,18.55,18.55
8/20/2012,20.81,21.35,19.78,19.8
8/21/2012,19.79,21.2,19.63,20.93
8/22/2012,21.37,21.59,20.22,20.23
8/23/2012,20.37,21.98,20.35,21.63
8/24/2012,21.83,22.07,20.8,20.96
8/27/2012,21.87,22.1,21.15,21.4
8/28/2012,21.69,22.53,21.43,22.14
8/29/2012,22.23,22.87,22.23,22.78
8/30/2012,23.45,23.99,23.28,23.98
8/31/2012,23.51,23.96,22.94,23.36
9/4/2012,24.52,25.13,24.12,24.38
9/5/2012,24.37,24.53,23.86,24.3
9/6/2012,23.38,23.38,21.64,21.64
9/7/2012,21.25,21.25,19.93,19.99
9/10/2012,20.52,20.96,19.67,20.96
9/11/2012,20.69,21.39,20.28,21.31
9/12/2012,20.97,21.2,20.52,21.14
9/13/2012,21.02,21.87,19.69,20.31
9/14/2012,19.36,20.46,19.19,20.16
9/17/2012,20.44,20.48,19.69,20.41
9/18/2012,20.77,21.67,20.58,21.05
9/19/2012,21.1,21.64,20.49,21.0
9/20/2012,21.78,21.82,20.01,20.01
9/21/2012,19.97,20.62,19.5,19.52
9/24/2012,20.82,20.91,19.46,19.57
9/25/2012,19.55,20.24,19.39,20.1
9/26/2012,20.6,21.56,20.6,21.29
9/27/2012,21.14,21.4,19.79,19.97
9/28/2012,20.28,20.59,19.55,19.74
10/1/2012,20.66,30.62,19.52,20.81
10/2/2012,20.68,21.11,20.41,20.44
10/3/2012,20.63,21.9,20.33,20.67
10/4/2012,20.46,20.67,19.89,19.89
10/5/2012,19.58,19.85,19.18,19.74
10/8/2012,20.92,21.09,20.14,20.16
10/9/2012,20.26,20.94,20.13,20.87
10/10/2012,21.35,21.84,20.94,21.37
10/11/2012,20.67,20.95,20.06,20.33
10/12/2012,20.49,21.08,20.3,20.32
10/15/2012,21.14,21.38,19.73,19.83
10/16/2012,19.32,19.55,18.42,19.17
10/17/2012,19.12,19.47,18.84,19.07
10/18/2012,19.45,19.66,18.85,19.25
10/19/2012,19.68,21.14,19.57,20.46
10/22/2012,21.81,22.04,21.02,21.03
10/23/2012,22.82,24.24,22.78,23.2
10/24/2012,23.07,23.73,22.76,23.3
10/25/2012,22.75,23.52,22.57,23.0
10/26/2012,23.03,23.52,22.65,23.0
10/31/2012,23.02,23.89,22.84,23.23
11/1/2012,23.29,23.3,21.72,21.77
11/2/2012,21.33,22.83,21.3,22.57
11/5/2012,23.82,23.83,23.46,23.76
11/6/2012,23.4,23.44,22.41,23.01
11/7/2012,23.54,24.53,23.32,24.16
11/8/2012,24.49,24.98,24.02,24.8
11/9/2012,25.23,25.26,23.41,24.3
11/12/2012,24.19,24.28,21.92,21.95
11/13/2012,23.41,23.46,21.8,22.31
11/14/2012,21.98,23.2,21.86,23.09
11/15/2012,23.2,24.13,22.37,23.4
11/16/2012,23.26,24.22,21.88,21.89
11/19/2012,21.44,21.44,19.7,19.82
11/20/2012,20.04,20.34,19.71,19.71
11/21/2012,19.52,19.74,19.1,19.54
11/23/2012,19.53,20.1,19.2,19.54
11/26/2012,20.44,20.73,20.21,20.21
11/27/2012,20.42,20.77,19.91,20.66
11/28/2012,21.46,21.93,20.25,20.25
11/29/2012,19.8,20.49,19.63,19.92
11/30/2012,19.9,20.57,19.72,20.11
12/3/2012,20.43,21.25,20.38,21.25
12/4/2012,21.36,22.1,21.07,22.05
12/5/2012,21.99,22.49,20.91,21.22
12/6/2012,21.47,21.49,20.66,20.71
12/7/2012,20.6,20.78,20.31,20.31
12/10/2012,21.0,21.0,20.21,20.25
12/11/2012,20.26,20.61,20.08,20.29
12/12/2012,20.17,20.39,19.57,20.0
12/13/2012,20.25,20.63,19.94,20.36
12/14/2012,20.85,20.91,20.51,20.52
12/17/2012,20.96,21.14,19.99,20.21
12/18/2012,20.41,20.47,19.14,19.41
12/19/2012,19.62,20.99,19.62,20.99
12/20/2012,20.89,21.36,20.36,20.36
12/21/2012,22.44,23.16,21.7,21.78
12/24/2012,22.47,28.84,21.67,21.78
12/26/2012,22.01,22.35,21.82,22.16
12/27/2012,22.12,23.8,22.12,22.82
12/28/2012,23.46,24.91,23.3,24.63
12/31/2012,25.51,25.51,22.41,22.49
1/2/2013,20.81,20.81,18.17,18.17
1/3/2013,18.47,18.68,17.47,17.91
1/4/2013,17.76,17.82,16.78,17.18
1/7/2013,18.23,18.33,17.61,17.61
1/8/2013,17.96,18.25,17.33,17.36
1/9/2013,17.33,17.57,17.21,17.39
1/10/2013,17.08,17.4,16.88,16.96
1/11/2013,17.01,17.05,16.5,16.55
1/14/2013,16.64,16.73,16.41,16.43
1/15/2013,17.01,17.04,16.06,16.09
1/16/2013,16.38,16.5,16.03,16.23
1/17/2013,16.21,16.42,15.49,16.42
1/18/2013,16.52,16.54,14.62,15.01
1/22/2013,16.15,16.2,15.43,15.77
1/23/2013,15.95,16.02,15.59,15.7
1/24/2013,15.81,16.33,15.57,15.96
1/25/2013,15.79,16.34,15.5,16.21
1/28/2013,16.9,17.59,16.89,17.31
1/29/2013,17.21,17.26,16.83,17.02
1/30/2013,17.25,17.87,17.02,17.87
1/31/2013,17.73,18.52,17.65,18.52
2/1/2013,17.98,23.78,17.4,17.4
2/4/2013,19.14,19.3,18.52,19.21
2/5/2013,18.85,18.85,18.13,18.36
2/6/2013,18.79,18.93,18.25,18.25
2/7/2013,18.2,19.05,18.01,18.71
2/8/2013,18.56,18.56,17.78,18.11
2/11/2013,18.36,18.5,17.62,17.72
2/12/2013,17.99,18.21,17.29,17.42
2/13/2013,17.69,17.75,17.26,17.29
2/14/2013,17.77,17.88,17.03,17.67
2/15/2013,17.71,17.99,17.06,17.6
2/19/2013,17.86,17.86,16.7,16.7
2/20/2013,16.88,18.68,16.87,18.66
2/21/2013,19.01,20.4,18.99,19.74
2/22/2013,19.14,19.57,18.63,18.64
2/25/2013,18.6,22.94,17.96,22.87
2/26/2013,22.28,22.97,21.19,21.33
2/27/2013,21.53,21.62,19.26,19.48
2/28/2013,19.62,19.77,18.7,19.5
3/1/2013,20.09,20.64,19.44,19.54
3/4/2013,20.36,20.65,19.48,19.48
3/5/2013,18.53,18.84,18.17,18.32
3/6/2013,18.07,18.2,17.76,17.86
3/7/2013,17.91,18.02,17.09,17.14
3/8/2013,16.84,17.26,16.31,16.46
3/11/2013,15.79,16.01,14.75,14.88
3/12/2013,14.93,15.43,14.52,15.09
3/13/2013,15.65,15.84,15.03,15.06
3/14/2013,15.03,15.22,14.47,14.61
3/15/2013,15.11,15.71,14.4,15.47
3/18/2013,18.26,18.29,16.75,17.81
3/19/2013,17.92,19.57,17.59,18.62
3/20/2013,17.88,17.88,16.92,17.3
3/21/2013,18.27,18.38,17.49,18.38
3/22/2013,17.97,18.0,17.37,17.84
3/25/2013,17.51,18.27,16.68,17.64
3/26/2013,17.17,17.26,16.44,16.52
3/27/2013,17.29,17.49,16.53,16.7
3/28/2013,16.59,16.92,16.46,16.78
4/1/2013,17.82,18.13,17.05,17.28
4/2/2013,17.21,17.58,16.9,17.41
4/3/2013,17.67,19.15,17.59,18.84
4/4/2013,19.18,19.83,18.85,19.22
4/5/2013,20.71,20.71,19.18,19.36
4/8/2013,19.72,20.11,18.79,18.79
4/9/2013,18.78,19.12,17.99,18.32
4/10/2013,18.16,18.3,17.75,17.99
4/11/2013,17.78,18.32,17.34,17.71
4/12/2013,18.4,19.05,18.09,18.09
4/15/2013,19.78,23.66,19.64,23.66
4/16/2013,22.03,22.11,20.44,20.81
4/17/2013,21.87,24.16,21.77,23.18
4/18/2013,23.15,25.5,22.98,23.86
4/19/2013,23.12,24.13,22.5,22.5
4/22/2013,22.74,22.89,20.63,20.88
4/23/2013,20.78,21.23,19.96,19.96
4/24/2013,19.75,19.75,19.05,19.65
4/25/2013,19.65,19.87,17.14,19.75
4/26/2013,20.05,20.36,19.26,19.73
4/29/2013,19.72,19.97,19.01,19.37
4/30/2013,19.5,20.1,19.31,19.31
5/1/2013,20.16,20.9,19.88,20.67
5/2/2013,20.48,20.59,19.76,19.91
5/3/2013,19.08,19.62,18.69,18.87
5/6/2013,19.48,19.5,18.74,18.94
5/7/2013,18.7,19.28,18.26,18.9
5/8/2013,18.98,19.17,18.51,18.87
5/9/2013,18.93,19.67,18.81,19.07
5/10/2013,19.57,19.94,19.03,19.03
5/13/2013,19.38,19.6,18.49,18.52
5/14/2013,18.84,19.36,18.21,18.31
5/15/2013,18.95,19.36,18.62,18.77
5/16/2013,19.21,19.49,18.7,18.76
5/17/2013,18.9,18.96,17.9,18.28
5/20/2013,19.35,19.35,18.02,18.09
5/21/2013,18.06,18.94,17.96,18.62
5/22/2013,18.5,19.83,18.36,19.0
5/23/2013,20.3,20.73,19.52,19.84
5/24/2013,20.42,20.53,19.55,19.55
5/28/2013,19.37,19.76,19.02,19.45
5/29/2013,20.07,20.95,19.83,19.92
5/30/2013,20.35,20.86,19.76,20.1
5/31/2013,20.49,21.24,19.33,21.23
6/3/2013,21.85,34.26,21.22,21.32
6/4/2013,21.63,22.1,21.25,21.64
6/5/2013,22.05,22.79,21.8,22.66
6/6/2013,22.85,23.78,22.41,22.52
6/7/2013,21.94,26.51,20.61,20.7
6/10/2013,20.96,21.25,20.5,20.72
6/11/2013,21.79,22.36,21.04,22.31
6/12/2013,21.66,23.56,21.55,23.43
6/13/2013,23.49,23.49,21.19,21.46
6/14/2013,21.45,22.04,20.85,21.97
6/17/2013,21.53,22.01,20.96,21.35
6/18/2013,21.51,21.51,20.52,20.73
6/19/2013,20.99,21.18,19.07,19.99
6/20/2013,21.68,24.95,21.6,24.93
6/21/2013,23.8,24.63,22.67,23.3
6/24/2013,25.03,25.81,22.94,23.89
6/25/2013,23.33,23.41,22.12,22.68
6/26/2013,22.22,22.37,20.92,20.98
6/27/2013,20.61,20.66,20.22,20.63
6/28/2013,20.89,21.29,20.21,20.61
7/1/2013,20.98,20.98,19.92,20.29
7/2/2013,20.16,20.57,19.5,20.13
7/3/2013,20.88,21.04,20.08,20.08
7/5/2013,19.76,20.17,19.17,19.26
7/8/2013,19.36,19.36,18.77,18.79
7/9/2013,18.44,18.63,18.0,18.07
7/10/2013,17.99,18.42,17.79,18.09
7/11/2013,17.34,17.82,17.15,17.31
7/12/2013,17.44,17.44,16.84,16.84
7/15/2013,17.07,17.19,16.61,16.69
7/16/2013,16.75,17.69,16.71,17.32
7/17/2013,17.49,17.51,16.73,16.87
7/18/2013,16.86,17.09,16.29,16.92
7/19/2013,16.96,17.16,16.21,16.29
7/22/2013,17.28,17.46,16.72,16.72
7/23/2013,16.84,16.96,16.53,16.85
7/24/2013,17.03,17.91,17.02,17.42
7/25/2013,17.69,17.81,17.0,17.0
7/26/2013,17.32,17.67,16.8,16.8
7/29/2013,17.95,18.2,17.84,17.89
7/30/2013,17.83,18.38,17.81,17.92
7/31/2013,17.98,18.29,17.46,18.05
8/1/2013,17.15,17.57,17.1,17.27
8/2/2013,17.45,17.67,16.56,16.57
8/5/2013,17.25,17.25,16.49,16.52
8/6/2013,16.55,17.43,16.35,17.1
8/7/2013,17.41,18.13,17.25,17.25
8/8/2013,16.86,17.47,16.53,16.53
8/9/2013,16.62,17.18,16.41,16.88
8/12/2013,17.0,17.01,15.79,15.82
8/13/2013,15.9,16.23,15.53,15.67
8/14/2013,15.98,16.45,15.82,16.4
8/15/2013,17.38,17.95,16.98,17.81
8/16/2013,17.72,17.98,16.94,17.38
8/19/2013,18.86,18.94,17.56,18.65
8/20/2013,18.66,18.8,17.9,18.2
8/21/2013,18.83,19.11,18.07,18.77
8/22/2013,18.82,18.84,17.8,18.12
8/23/2013,17.78,18.38,17.14,17.18
8/26/2013,17.8,18.71,17.49,18.7
8/27/2013,19.86,20.16,19.56,19.91
8/28/2013,20.03,20.12,19.01,19.36
8/29/2013,19.67,20.64,19.42,20.57
8/30/2013,20.6,21.36,20.56,21.19
9/3/2013,21.35,21.35,20.36,20.91
9/4/2013,21.24,21.4,19.85,19.88
9/5/2013,19.91,19.91,19.21,19.31
9/6/2013,19.21,20.19,18.89,19.48
9/9/2013,20.12,20.17,18.99,19.19
9/10/2013,19.28,19.71,18.75,18.76
9/11/2013,18.65,18.66,17.16,17.16
9/12/2013,17.42,17.67,17.18,17.64
9/13/2013,17.56,17.69,17.2,17.25
9/16/2013,17.39,18.15,15.81,17.71
9/17/2013,17.99,18.05,17.21,17.43
9/18/2013,17.77,18.01,15.98,17.12
9/19/2013,17.11,17.15,16.37,16.41
9/20/2013,16.65,16.73,15.7,16.46
9/23/2013,17.7,17.73,16.99,17.03
9/24/2013,17.34,17.45,16.51,16.92
9/25/2013,16.99,17.09,16.66,16.83
9/26/2013,16.84,17.08,16.62,16.82
9/27/2013,17.21,17.83,17.21,17.7
9/30/2013,20.14,20.14,19.25,19.55
10/1/2013,19.83,19.83,18.93,18.96
10/2/2013,19.37,19.54,18.81,18.92
10/3/2013,19.23,20.57,19.17,19.85
10/4/2013,19.82,20.02,19.11,19.28
10/7/2013,20.89,21.52,20.68,21.52
10/8/2013,21.64,23.33,21.13,23.26
10/9/2013,23.48,24.33,22.74,23.02
10/10/2013,22.3,22.3,19.75,19.94
10/11/2013,20.09,20.18,18.57,18.85
10/14/2013,19.99,20.92,19.14,19.14
10/15/2013,19.51,20.68,18.97,20.44
10/16/2013,19.56,19.57,17.44,17.53
10/17/2013,17.79,17.82,16.41,16.45
10/18/2013,15.51,16.66,15.07,16.16
10/21/2013,17.13,17.19,16.53,16.64
10/22/2013,16.61,17.77,16.11,17.09
10/23/2013,17.95,18.78,17.95,18.11
10/24/2013,18.21,18.62,16.95,17.0
10/25/2013,16.77,16.89,16.21,16.21
10/28/2013,17.0,17.29,16.64,16.71
10/29/2013,16.32,16.7,16.17,16.39
10/30/2013,16.42,17.53,16.27,16.98
10/31/2013,16.93,17.28,16.31,16.92
11/1/2013,16.96,18.13,16.88,17.21
11/4/2013,17.63,17.63,16.67,16.67
11/5/2013,16.98,17.23,16.64,16.93
11/6/2013,16.66,17.07,16.43,16.79
11/7/2013,16.62,18.62,16.6,18.29
11/8/2013,18.37,18.56,17.07,17.07
11/11/2013,17.72,17.72,16.5,16.51
11/12/2013,16.98,17.53,16.6,17.36
11/13/2013,17.84,17.84,16.47,16.53
11/14/2013,16.69,16.69,16.19,16.38
11/15/2013,16.45,17.05,16.07,16.1
11/18/2013,16.66,16.9,16.26,16.81
11/19/2013,16.79,17.25,16.64,16.92
11/20/2013,16.98,21.08,16.25,16.75
11/21/2013,16.76,16.79,15.93,16.21
11/22/2013,16.22,16.46,15.32,15.34
11/25/2013,16.17,16.66,16.05,16.24
11/26/2013,16.63,16.77,15.84,16.22
11/27/2013,16.5,16.88,16.13,16.61
11/29/2013,16.59,16.85,16.22,16.75
12/02/2013,17.52,17.94,17.07,17.33
12/03/2013,17.78,18.1,17.51,17.9
12/04/2013,18.6,18.7,18.03,18.13
12/05/2013,18.66,18.83,18.46,18.77
12/06/2013,17.89,18.13,17.28,17.59
12/09/2013,17.82,17.96,17.16,17.19
12/10/2013,17.48,17.51,17.11,17.29
12/11/2013,17.48,18.5,17.46,18.47
12/12/2013,19.02,19.08,18.22,18.25
12/13/2013,18.43,18.81,18.4,18.63
12/16/2013,18.5,18.54,17.82,18.17
12/17/2013,18.37,18.59,18.29,18.31
12/18/2013,18.25,23.47,15.68,15.83
12/19/2013,16.23,16.23,15.39,15.48
12/20/2013,15.39,15.56,14.99,15.04
12/23/2013,15.34,15.42,14.23,14.44
12/24/2013,14.71,14.71,14.42,14.48
12/26/2013,14.63,15.01,14.29,14.91
12/27/2013,15.03,15.38,14.68,14.74
12/30/2013,15.36,15.61,15.2,15.61
12/31/2013,15.79,16.02,15.31,16.02
01/02/2014,16.81,17.23,16.64,17.01
01/03/2014,16.95,17.01,16.31,16.45
01/06/2014,16.74,16.76,15.98,16.09
01/07/2014,16.05,16.16,15.3,15.39
01/08/2014,15.52,15.79,15.5,15.66
01/09/2014,15.55,16.14,15.55,15.71
01/10/2014,15.69,15.87,15.48,15.48
01/13/2014,15.2,16.06,14.67,15.51
01/14/2014,15.51,15.51,14.35,14.57
01/15/2014,14.61,15.19,14.46,14.57
01/16/2014,14.76,14.92,14.09,14.09
01/17/2014,14.03,14.15,12.93,14.15
01/21/2014,14.64,14.73,14.17,14.27
01/22/2014,13.72,13.95,13.52,13.53
01/23/2014,14.35,15.38,14.26,15.04
01/24/2014,15.89,17.4,15.89,16.93
01/27/2014,17.74,18.77,17.41,18.11
01/28/2014,18.0,18.36,17.62,17.9
01/29/2014,19.17,19.48,17.83,18.48
01/30/2014,18.44,18.49,17.65,18.21
01/31/2014,19.82,20.22,19.14,20.07
02/03/2014,20.74,21.66,20.54,21.52
02/04/2014,21.26,21.33,20.28,20.52
02/05/2014,20.98,21.78,20.84,21.28
02/06/2014,21.33,21.33,19.28,19.28
02/07/2014,18.5,18.56,17.63,17.8
02/10/2014,18.63,18.82,17.94,17.97
02/11/2014,18.03,18.03,16.73,16.8
02/12/2014,16.84,16.94,16.69,16.79
02/13/2014,17.41,17.43,16.56,16.85
02/14/2014,16.85,16.87,15.97,15.97
02/18/2014,16.98,16.98,16.26,16.4
02/19/2014,16.65,16.73,16.05,16.6
02/20/2014,17.09,17.11,16.36,16.39
02/21/2014,16.53,16.74,16.29,16.55
02/24/2014,16.69,16.69,15.71,16.26
02/25/2014,16.54,16.95,16.43,16.55
02/26/2014,16.69,17.07,16.39,16.8
02/27/2014,17.13,17.3,16.66,16.7
02/28/2014,16.88,17.15,16.31,16.93
03/03/2014,18.68,18.77,18.07,18.3
03/04/2014,17.35,17.56,16.96,17.24
03/05/2014,17.55,17.66,17.1,17.5
03/06/2014,17.52,17.61,16.96,16.99
03/07/2014,16.79,16.98,16.62,16.68
03/10/2014,17.6,17.79,17.02,17.02
03/11/2014,17.25,17.7,16.81,17.68
03/12/2014,18.45,18.46,17.53,17.56
03/13/2014,17.43,18.7,17.43,18.6
03/14/2014,19.06,19.48,18.7,19.43
03/17/2014,19.38,19.38,17.85,17.89
03/18/2014,17.79,17.83,16.36,16.53
03/19/2014,16.74,20.01,16.27,16.66
03/20/2014,17.37,17.46,16.47,16.53
03/21/2014,16.17,16.18,15.49,15.92
03/24/2014,16.65,16.82,16.3,16.4
03/25/2014,16.29,16.29,15.61,15.62
03/26/2014,15.26,15.78,15.1,15.77
03/27/2014,15.79,16.91,15.79,16.48
03/28/2014,16.02,16.06,15.39,15.64
03/31/2014,15.52,15.95,15.35,15.73
04/01/2014,15.63,15.69,14.85,14.85
04/02/2014,14.96,15.0,14.49,14.81
04/03/2014,14.66,15.57,14.64,15.42
04/04/2014,15.08,16.21,15.03,16.17
04/07/2014,16.83,17.7,16.8,17.49
04/08/2014,17.76,17.76,17.16,17.19
04/09/2014,16.94,17.28,16.36,16.36
04/10/2014,16.65,17.46,16.08,17.3
04/11/2014,18.1,18.4,17.8,18.15
04/14/2014,17.51,17.82,17.16,17.41
04/15/2014,17.59,17.71,16.78,17.03
04/16/2014,16.42,17.22,16.4,16.42
04/17/2014,16.29,16.29,15.31,15.59
04/21/2014,16.64,17.0,16.25,16.33
04/22/2014,16.67,16.85,16.3,16.48
04/23/2014,16.44,16.47,16.12,16.24
04/24/2014,16.18,16.67,16.06,16.58
04/25/2014,16.96,17.37,16.87,17.14
04/28/2014,17.31,17.52,16.83,16.88
04/29/2014,16.57,16.81,16.19,16.77
04/30/2014,17.22,17.56,16.71,16.82
05/01/2014,16.88,16.89,16.37,16.46
05/02/2014,16.45,16.5,15.77,15.94
05/05/2014,16.91,16.97,16.04,16.08
05/06/2014,16.09,16.1,15.84,15.96
05/07/2014,15.65,16.33,15.61,15.9
05/08/2014,16.16,17.11,16.09,17.11
05/09/2014,17.02,17.43,16.8,16.8
05/12/2014,16.87,17.11,15.82,15.82
05/13/2014,15.94,15.95,15.19,15.21
05/14/2014,15.2,15.27,14.86,15.0
05/15/2014,15.17,16.4,15.17,15.98
05/16/2014,16.16,16.46,15.72,15.72
05/19/2014,16.45,16.45,15.21,15.21
05/20/2014,15.42,15.47,14.93,15.22
05/21/2014,14.89,15.0,14.27,14.31
05/22/2014,14.28,14.58,14.0,14.54
05/23/2014,14.51,14.64,14.27,14.31
05/27/2014,14.7,14.9,14.32,14.37
05/28/2014,14.21,14.48,14.09,14.17
05/29/2014,13.98,14.25,13.81,13.85
05/30/2014,13.96,14.5,13.95,14.29
06/02/2014,14.59,14.83,14.45,14.56
06/03/2014,14.84,15.26,14.72,14.76
06/04/2014,14.81,14.91,14.62,14.77
06/05/2014,14.86,14.98,14.28,14.33
06/06/2014,14.2,14.21,13.85,13.91
06/09/2014,14.42,14.43,13.99,14.28
06/10/2014,14.44,14.52,14.2,14.21
06/11/2014,14.44,14.5,13.93,14.03
06/12/2014,13.94,15.35,13.72,15.3
06/13/2014,15.31,15.83,15.31,15.62
06/16/2014,16.04,16.23,15.91,16.2
06/17/2014,16.35,16.46,15.84,15.86
06/18/2014,15.66,15.82,14.9,14.95
06/19/2014,15.0,15.0,13.98,13.98
06/20/2014,14.01,14.02,13.71,13.73
06/23/2014,14.25,14.35,14.16,14.29
06/24/2014,14.51,15.67,14.46,15.67
06/25/2014,16.18,16.23,15.48,15.53
06/26/2014,15.51,16.01,15.47,15.58
06/27/2014,15.76,15.77,15.38,15.38
06/30/2014,15.96,16.03,15.58,15.62
07/01/2014,15.4,15.44,14.85,14.92
07/02/2014,14.97,15.01,14.63,14.7
07/03/2014,14.52,14.65,14.28,14.28
07/07/2014,15.07,15.35,15.05,15.21
07/08/2014,15.67,15.75,15.43,15.5
07/09/2014,15.28,15.37,14.93,14.94
07/10/2014,15.98,16.19,15.55,15.8
07/11/2014,15.97,16.16,15.94,16.06
07/14/2014,15.98,16.05,15.26,15.26
07/15/2014,15.31,15.67,15.06,15.11
07/16/2014,14.91,14.96,14.42,14.42
07/17/2014,14.77,16.53,14.58,16.53
07/18/2014,16.35,16.39,15.6,15.63
07/21/2014,16.46,16.55,15.42,15.44
07/22/2014,15.16,15.26,14.89,15.25
07/23/2014,15.26,15.44,15.1,15.1
07/24/2014,15.02,15.2,14.94,14.95
07/25/2014,15.32,15.49,15.27,15.38
07/28/2014,16.16,16.31,16.05,16.12
07/29/2014,16.17,16.18,15.83,16.06
07/30/2014,15.79,16.54,15.79,16.53
07/31/2014,17.32,19.24,17.27,19.24
08/01/2014,19.8,20.48,19.61,19.83
08/04/2014,20.26,20.33,18.58,18.58
08/05/2014,18.85,20.61,18.84,20.51
08/06/2014,21.15,21.2,20.37,20.4
08/07/2014,20.04,20.44,19.37,20.36
08/08/2014,20.3,20.34,19.68,19.8
08/11/2014,20.14,20.15,19.18,19.22
08/12/2014,19.5,19.68,19.13,19.13
08/13/2014,18.79,18.84,17.65,17.71
08/14/2014,17.48,17.62,16.42,16.44
08/15/2014,16.36,17.27,16.25,16.71
08/18/2014,16.56,16.62,15.82,15.82
08/19/2014,15.42,15.45,14.36,14.43
08/20/2014,14.74,14.84,14.38,14.38
08/21/2014,14.51,14.63,14.11,14.13
08/22/2014,14.4,14.76,14.37,14.39
08/25/2014,14.37,14.69,13.88,13.98
08/26/2014,13.74,13.8,13.62,13.79
08/27/2014,13.83,14.06,13.83,13.99
08/28/2014,14.37,14.43,14.21,14.21
08/29/2014,14.11,14.2,13.89,13.89
09/02/2014,14.84,15.58,14.7,15.26
09/03/2014,14.94,15.02,14.87,14.9
09/04/2014,14.8,16.17,14.8,15.96
09/05/2014,15.76,15.87,15.5,15.51
09/08/2014,16.15,16.48,16.14,16.39
09/09/2014,16.49,16.79,16.11,16.74
09/10/2014,16.79,17.54,16.78,17.17
09/11/2014,17.81,17.83,17.15,17.16
09/12/2014,17.24,17.87,17.24,17.81
09/15/2014,18.49,18.62,18.04,18.12
09/16/2014,18.57,18.71,17.35,17.39
09/17/2014,17.27,17.45,16.75,17.03
09/18/2014,17.16,17.31,16.93,17.24
09/19/2014,17.28,17.3,16.8,16.95
09/22/2014,18.08,18.61,17.91,18.45
09/23/2014,19.04,19.08,18.8,18.99
09/24/2014,19.02,19.69,18.9,18.91
09/25/2014,19.16,20.03,19.09,19.92
09/26/2014,20.1,20.29,19.0,19.11
09/29/2014,20.89,20.92,20.26,20.27
09/30/2014,20.28,21.4,20.23,21.34
10/01/2014,21.64,22.67,21.33,22.45
10/02/2014,22.73,23.95,22.34,22.45
10/03/2014,22.02,22.6,22.01,22.23
10/06/2014,22.35,22.5,21.97,21.99
10/07/2014,22.56,22.74,22.16,22.72
10/08/2014,23.07,24.54,22.93,22.94
10/09/2014,23.28,26.05,23.23,26.05
10/10/2014,26.51,29.32,26.25,29.32
10/13/2014,31.14,35.74,30.91,35.72
10/14/2014,35.68,37.51,33.92,37.32
10/15/2014,39.61,50.76,37.53,37.56
10/16/2014,41.92,41.97,37.69,38.24
10/17/2014,33.36,33.85,31.3,33.62
10/20/2014,34.4,34.47,30.45,30.46
10/21/2014,28.53,28.57,25.62,25.77
10/22/2014,25.25,26.92,23.37,26.92
10/23/2014,25.24,25.71,24.46,25.27
10/24/2014,25.63,26.72,25.08,26.2
10/27/2014,28.08,29.45,28.08,28.65
10/28/2014,27.64,27.92,25.73,25.78
10/29/2014,24.91,26.18,24.43,25.04
10/30/2014,25.71,25.99,25.33,25.44
10/31/2014,25.1,25.92,24.38,24.4
11/03/2014,25.06,25.52,24.31,25.47
11/04/2014,26.68,28.26,26.58,27.76
11/05/2014,26.72,27.59,26.45,26.45
11/06/2014,26.69,26.85,25.79,25.82
11/07/2014,25.08,25.11,23.72,23.72
11/10/2014,23.9,24.58,23.38,24.46
11/11/2014,24.7,24.8,23.87,23.87
11/12/2014,24.63,24.64,24.1,24.2
11/13/2014,25.27,26.04,24.79,25.58
11/14/2014,25.56,25.71,25.12,25.22
11/17/2014,26.38,26.56,25.54,25.61
11/18/2014,25.65,26.36,25.65,25.84
11/19/2014,26.21,26.93,25.5,25.87
11/20/2014,26.63,26.63,25.07,25.07
11/21/2014,24.44,24.52,24.13,24.14
11/24/2014,24.65,24.66,23.92,23.99
11/25/2014,23.84,26.02,23.84,25.34
11/26/2014,26.32,27.45,26.18,26.51
11/28/2014,26.13,28.42,26.13,27.87
12/01/2014,29.63,30.94,29.38,30.03
12/02/2014,29.67,29.89,28.13,28.26
12/03/2014,27.97,27.99,26.71,26.73
12/04/2014,27.35,28.03,27.33,27.73
12/05/2014,27.4,27.92,27.35,27.5
12/08/2014,28.89,31.64,28.7,31.64
12/09/2014,32.27,32.37,31.45,31.48
12/10/2014,32.37,36.68,32.37,36.31
12/11/2014,35.64,36.21,33.54,36.21
12/12/2014,37.27,39.43,37.16,39.43
12/15/2014,39.05,40.33,38.76,40.1
12/16/2014,40.28,40.68,37.64,40.42
12/17/2014,40.49,54.93,37.46,39.58
12/18/2014,36.0,37.16,34.4,35.51
12/19/2014,34.17,34.17,30.43,30.43
12/22/2014,31.35,31.72,30.46,30.46
12/23/2014,29.98,29.98,27.28,27.31
12/24/2014,27.46,27.86,27.26,27.51
12/26/2014,27.42,27.57,26.85,26.85
12/29/2014,27.7,27.89,27.02,27.52
12/30/2014,28.15,28.48,28.03,28.39
12/31/2014,28.74,29.31,28.53,29.18
01/02/2015,30.17,30.26,29.79,29.81
01/05/2015,31.45,33.0,31.18,32.37
01/06/2015,32.68,33.83,32.35,33.31
01/07/2015,32.31,32.58,31.89,32.05
01/08/2015,30.77,31.18,30.66,30.66
01/09/2015,29.83,30.42,29.83,30.15
01/12/2015,30.78,32.53,30.78,31.86
01/13/2015,30.6,35.42,30.6,34.75
01/14/2015,36.41,36.79,35.23,35.29
01/15/2015,35.09,35.74,34.83,35.09
01/16/2015,35.46,35.54,33.12,33.12
01/20/2015,34.17,35.33,32.99,33.0
01/21/2015,32.68,32.71,30.18,30.2
01/22/2015,29.27,29.7,27.98,28.04
01/23/2015,27.89,28.02,27.47,27.61
01/26/2015,28.49,28.49,27.13,27.13
01/27/2015,28.02,28.02,27.36,27.43
01/28/2015,27.22,31.86,27.22,31.86
01/29/2015,31.59,33.64,31.59,31.73
01/30/2015,32.56,32.56,31.24,32.16
02/02/2015,31.8,31.95,30.95,30.95
02/03/2015,30.13,30.13,28.93,29.65
02/04/2015,30.42,30.84,29.62,30.83
02/05/2015,30.05,30.18,29.48,29.72
02/06/2015,28.8,29.37,28.47,29.24
02/09/2015,30.39,30.39,29.42,29.87
02/10/2015,29.5,30.29,29.5,29.67
02/11/2015,30.77,30.89,29.8,29.89
02/12/2015,28.63,28.69,26.85,27.2
02/13/2015,26.79,26.8,25.8,25.8
02/17/2015,27.25,28.09,27.24,27.38
02/18/2015,28.02,28.43,27.27,27.31
02/19/2015,29.16,29.19,26.18,26.39
02/20/2015,26.57,27.04,25.94,25.94
02/23/2015,26.71,26.72,25.48,25.57
02/24/2015,25.19,25.41,24.38,24.4
02/25/2015,24.38,24.38,23.19,23.23
02/26/2015,23.65,24.73,23.65,24.51
02/27/2015,24.28,24.28,23.74,23.77
03/02/2015,24.57,24.82,24.14,24.14
03/03/2015,24.06,24.08,23.5,23.5
03/04/2015,23.62,23.86,23.52,23.67
03/05/2015,23.82,23.9,23.24,23.26
03/06/2015,23.97,24.71,23.45,24.71
03/09/2015,25.38,25.39,24.42,24.44
03/10/2015,25.6,25.6,24.93,25.43
03/11/2015,25.5,25.54,24.97,24.99
03/12/2015,24.71,24.81,23.84,24.12
03/13/2015,24.38,25.19,24.14,24.71
03/16/2015,25.21,25.21,23.97,24.15
03/17/2015,24.75,24.79,23.6,23.71
03/18/2015,24.27,24.34,22.98,23.09
03/19/2015,24.05,24.26,23.34,23.38
03/20/2015,23.18,23.19,21.9,22.01
03/23/2015,22.66,22.66,21.06,21.25
03/24/2015,21.31,21.52,20.91,21.2
03/25/2015,21.03,22.16,20.81,22.16
03/26/2015,22.3,23.36,22.24,22.91
03/27/2015,23.34,23.52,23.22,23.49
03/30/2015,23.53,23.53,22.14,22.22
03/31/2015,23.14,23.15,22.14,22.43
04/01/2015,22.62,22.69,22.28,22.29
04/02/2015,22.76,22.82,21.85,21.87
04/06/2015,22.94,22.98,20.92,21.51
04/07/2015,21.77,21.85,20.99,21.16
04/08/2015,21.08,21.36,20.97,21.36
04/09/2015,21.54,21.54,20.44,20.51
04/10/2015,20.41,20.41,19.6,19.63
04/13/2015,19.77,19.82,19.55,19.79
04/14/2015,19.93,20.09,18.93,19.52
04/15/2015,19.47,19.74,19.04,19.68
04/16/2015,20.04,20.26,18.99,19.17
04/17/2015,19.53,20.11,19.5,19.9
04/20/2015,20.62,20.62,19.22,19.45
04/21/2015,19.58,20.19,19.57,19.97
04/22/2015,20.1,20.32,19.58,19.66
04/23/2015,19.77,19.77,19.03,19.1
04/24/2015,19.45,19.93,19.39,19.77
04/27/2015,20.31,20.55,20.03,20.04
04/28/2015,20.31,20.43,19.78,19.78
04/29/2015,20.26,20.43,19.61,19.67
04/30/2015,19.78,20.64,19.64,20.61
05/01/2015,20.77,20.79,19.89,19.89
05/04/2015,20.53,20.87,20.27,20.78
05/05/2015,20.49,21.33,20.2,21.17
05/06/2015,20.97,21.92,20.92,21.74
05/07/2015,22.23,23.09,22.23,22.54
05/08/2015,21.62,22.19,20.44,20.5
05/11/2015,20.82,22.04,20.74,21.88
05/12/2015,22.13,22.28,20.59,20.68
05/13/2015,20.35,20.82,20.22,20.26
05/14/2015,20.23,20.31,19.42,19.43
05/15/2015,19.56,19.75,18.18,18.23
05/18/2015,19.41,20.11,18.76,18.85
05/19/2015,19.54,20.19,19.54,20.03
05/20/2015,19.95,20.17,19.44,19.48
05/21/2015,19.34,19.37,18.67,18.7
05/22/2015,19.21,19.25,18.48,18.64
05/26/2015,20.0,20.33,19.57,20.19
05/27/2015,20.14,20.7,19.99,20.18
05/28/2015,20.42,20.75,19.89,19.9
05/29/2015,19.83,19.97,19.05,19.17
06/01/2015,19.72,19.89,18.93,19.0
06/02/2015,19.11,20.01,18.72,18.73
06/03/2015,19.07,19.52,18.69,19.37
06/04/2015,19.82,20.24,19.78,20.22
06/05/2015,19.52,19.52,17.82,17.86
06/08/2015,18.84,18.89,18.41,18.69
06/09/2015,18.34,18.51,18.15,18.28
06/10/2015,17.98,18.0,16.93,17.02
06/11/2015,16.95,17.04,16.44,16.62
06/12/2015,17.01,17.1,16.94,16.98
06/15/2015,17.7,17.8,17.44,17.6
06/16/2015,17.81,17.9,16.96,17.11
06/17/2015,16.97,17.37,16.66,17.09
06/18/2015,17.19,17.22,16.49,16.62
06/19/2015,16.75,16.95,15.84,15.96
06/22/2015,16.33,16.48,15.11,15.11
06/23/2015,15.17,15.24,14.52,14.67
06/24/2015,14.94,15.19,14.62,15.19
06/25/2015,15.36,16.48,15.33,16.46
06/26/2015,16.71,17.09,16.62,16.99
06/29/2015,18.63,20.05,18.55,20.0
06/30/2015,19.3,20.09,19.23,19.32
07/01/2015,19.31,20.5,19.11,20.13
07/02/2015,19.72,19.96,19.19,19.96
07/06/2015,21.31,21.41,20.57,21.37
07/07/2015,21.7,22.58,20.91,20.92
07/08/2015,21.62,23.5,21.54,23.31
07/09/2015,22.31,23.17,22.08,23.17
07/10/2015,22.25,22.25,21.44,21.46
07/13/2015,20.98,21.0,18.91,19.06
07/14/2015,19.24,19.24,7.15,17.78
07/15/2015,18.26,19.28,18.03,19.19
07/16/2015,18.91,18.95,18.06,18.19
07/17/2015,18.25,19.4,18.25,19.03
07/20/2015,19.87,20.65,19.75,20.65
07/21/2015,21.05,21.37,21.0,21.02
07/22/2015,21.45,21.95,21.13,21.82
07/23/2015,21.77,22.47,21.38,22.08
07/24/2015,22.14,24.44,22.14,24.39
07/27/2015,26.19,26.99,26.03,26.1
07/28/2015,25.72,25.76,23.59,23.66
07/29/2015,23.8,23.89,21.77,21.81
07/30/2015,21.88,22.33,21.63,21.63
07/31/2015,22.02,23.2,22.0,23.07
08/03/2015,24.47,25.05,24.26,24.75
08/04/2015,24.62,24.62,24.07,24.2
08/05/2015,23.78,24.87,23.54,24.62
08/06/2015,24.95,26.47,24.95,26.19
08/07/2015,26.31,27.6,26.18,27.56
08/10/2015,28.06,28.07,25.77,25.81
08/11/2015,26.74,27.83,26.6,26.63
08/12/2015,27.39,28.84,27.04,27.05
08/13/2015,27.31,27.83,27.18,27.27
08/14/2015,27.32,27.58,27.19,27.25
08/17/2015,28.59,28.78,26.84,26.87
08/18/2015,26.78,27.04,26.35,26.41
08/19/2015,26.97,28.38,26.4,28.03
08/20/2015,28.77,31.4,28.77,31.37
08/21/2015,32.58,37.14,32.56,37.14
08/24/2015,50.26,54.67,35.44,49.77
08/25/2015,42.32,46.02,39.49,44.31
08/26/2015,40.92,44.33,40.31,40.39
08/27/2015,36.9,39.32,34.83,37.58
08/28/2015,38.11,39.09,35.91,37.07
08/31/2015,38.85,39.18,36.02,36.89
09/01/2015,41.31,42.66,40.38,42.0
09/02/2015,40.02,41.57,38.97,38.97
09/03/2015,37.15,37.23,35.86,36.52
09/04/2015,38.52,39.21,38.27,38.67
09/08/2015,38.66,38.67,36.92,36.94
09/09/2015,35.43,37.24,34.82,37.18
09/10/2015,37.48,37.93,36.47,36.6
09/11/2015,37.24,37.34,36.42,36.44
09/14/2015,37.7,38.0,37.04,37.07
09/15/2015,36.29,36.44,33.58,33.66
09/16/2015,33.27,33.3,31.87,31.87
09/17/2015,31.77,57.63,27.35,29.4
09/18/2015,32.19,32.22,31.4,31.73
09/21/2015,31.93,32.1,30.07,30.16
09/22/2015,31.75,31.77,30.79,30.88
09/23/2015,30.82,31.43,30.3,31.27
09/24/2015,32.24,33.4,31.74,31.86
09/25/2015,30.79,31.53,30.68,31.42
09/28/2015,33.03,34.78,32.98,34.75
09/29/2015,34.5,34.89,34.07,34.34
09/30/2015,33.24,33.68,32.35,32.61
10/01/2015,31.43,33.48,31.15,32.59
10/02/2015,33.16,33.22,30.39,30.39
10/05/2015,30.11,30.3,29.56,29.61
10/06/2015,29.4,29.7,28.83,29.14
10/07/2015,27.79,29.85,27.68,28.42
10/08/2015,29.19,29.19,27.15,27.44
10/09/2015,27.07,27.36,26.54,26.59
10/12/2015,26.98,27.33,26.31,26.42
10/13/2015,27.03,27.31,25.87,26.51
10/14/2015,26.64,26.86,25.59,26.03
10/15/2015,26.41,26.47,24.72,24.91
10/16/2015,24.68,25.26,23.64,23.7
10/19/2015,25.27,25.71,24.72,24.78
10/20/2015,25.39,25.43,24.6,24.64
10/21/2015,24.97,25.37,24.63,25.35
10/22/2015,24.95,24.98,23.94,24.08
10/23/2015,24.4,24.77,24.0,24.33
10/26/2015,25.33,26.28,25.31,26.28
10/27/2015,27.88,28.18,27.69,27.86
10/28/2015,27.91,27.93,25.97,26.34
10/29/2015,27.19,27.19,26.18,26.32
10/30/2015,26.02,26.42,25.07,25.34
11/02/2015,26.58,26.61,24.66,24.83
11/03/2015,24.67,24.8,24.13,24.54
11/04/2015,24.68,25.55,24.68,25.55
11/05/2015,25.96,26.45,25.6,26.29
11/06/2015,26.69,27.02,25.81,25.86
11/09/2015,26.8,27.88,26.47,27.47
11/10/2015,27.96,27.97,27.2,27.36
11/11/2015,27.41,28.55,27.38,28.33
11/12/2015,29.73,32.16,29.55,32.03
11/13/2015,32.55,33.98,32.47,33.77
11/16/2015,35.04,35.07,32.23,32.23
11/17/2015,32.45,33.01,32.13,32.68
11/18/2015,32.67,32.69,31.05,31.07
11/19/2015,31.37,31.69,31.02,31.14
11/20/2015,31.04,31.13,30.01,30.26
11/23/2015,31.19,31.21,29.61,29.61
11/24/2015,29.54,29.57,28.15,28.2
11/25/2015,28.89,29.04,27.35,27.44
11/27/2015,28.45,28.57,28.06,28.06
11/30/2015,28.52,28.85,28.07,28.77
12/01/2015,28.75,28.82,28.24,28.25
12/02/2015,28.46,31.72,28.45,31.71
12/03/2015,31.55,33.95,31.35,33.95
12/04/2015,32.97,33.57,29.93,30.17
12/07/2015,31.91,34.26,31.74,33.47
12/08/2015,34.55,36.32,34.18,34.85
12/09/2015,35.15,35.97,33.18,34.83
12/10/2015,35.13,35.44,33.38,34.31
12/11/2015,35.96,38.1,35.84,37.84
12/14/2015,39.49,41.03,37.74,37.88
12/15/2015,36.7,36.73,34.35,34.45
12/16/2015,34.71,35.27,32.1,32.44
12/17/2015,32.53,34.07,32.12,33.02
12/18/2015,33.79,34.34,32.91,33.33
12/21/2015,34.41,34.44,32.71,32.77
12/22/2015,32.29,32.33,29.58,29.73
12/23/2015,29.03,29.2,28.46,28.81
12/24/2015,28.98,29.11,28.25,28.43
12/28/2015,30.91,30.96,30.07,30.09
12/29/2015,29.4,29.66,29.04,29.08
12/30/2015,29.98,29.99,29.09,29.09
12/31/2015,29.66,29.66,28.92,28.97
01/04/2016,31.25,32.73,31.04,31.09
01/05/2016,31.29,31.35,29.31,29.33
01/06/2016,31.3,32.41,31.3,32.26
01/07/2016,33.81,36.6,33.4,36.15
01/08/2016,36.1,36.21,34.94,35.64
01/11/2016,35.94,36.9,35.07,35.13
01/12/2016,34.41,36.32,34.16,35.02
01/13/2016,35.04,38.79,34.77,37.97
01/14/2016,38.07,38.76,35.46,36.26
01/15/2016,40.16,42.51,38.79,40.15
01/19/2016,41.29,41.79,38.99,41.13
01/20/2016,43.25,48.0,43.14,45.1
01/21/2016,45.39,45.44,41.63,42.53
01/22/2016,40.17,40.73,38.24,38.39
01/25/2016,41.92,41.92,38.89,41.27
01/26/2016,40.55,40.87,39.08,39.22
01/27/2016,40.44,40.56,37.09,38.81
01/28/2016,37.74,39.7,37.44,37.71
01/29/2016,38.48,38.52,35.46,35.51
02/01/2016,37.63,38.08,36.6,36.71
02/02/2016,38.89,39.25,38.2,38.87
02/03/2016,39.69,42.11,38.18,38.79
02/04/2016,38.6,38.96,37.32,38.29
02/05/2016,39.85,40.6,39.18,40.31
02/08/2016,42.47,45.06,42.41,43.55
02/09/2016,45.53,46.23,44.0,44.68
02/10/2016,45.43,46.0,44.47,44.91
02/11/2016,47.42,48.8,46.84,47.55
02/12/2016,46.39,46.68,43.09,43.15
02/16/2016,43.56,44.51,42.4,42.42
02/17/2016,41.06,41.99,39.02,39.08
02/18/2016,38.93,42.35,37.47,37.47
02/19/2016,38.79,39.15,36.34,36.4
02/22/2016,35.98,36.35,33.47,33.5
02/23/2016,34.43,35.66,34.05,35.14
02/24/2016,37.26,37.69,35.63,35.64
02/25/2016,35.3,36.46,35.1,35.15
02/26/2016,33.62,34.09,33.49,33.78
02/29/2016,34.85,34.91,34.1,34.3
03/01/2016,34.09,34.64,32.6,32.64
03/02/2016,32.56,32.69,30.39,30.39
03/03/2016,30.15,30.58,29.62,29.71
03/04/2016,29.45,30.88,28.77,30.7
03/07/2016,31.63,31.63,30.06,30.06
03/08/2016,30.73,33.23,30.61,33.19
03/09/2016,33.24,33.66,31.96,32.76
03/10/2016,33.08,33.4,32.41,32.41
03/11/2016,30.9,31.06,29.96,30.04
03/14/2016,31.32,31.52,30.45,30.47
03/15/2016,31.34,31.56,29.92,29.94
03/16/2016,29.69,29.74,25.6,27.17
03/17/2016,27.09,27.7,25.79,26.09
03/18/2016,25.33,26.61,25.33,26.13
03/21/2016,26.68,27.38,25.56,25.57
03/22/2016,26.53,26.57,25.07,25.42
03/23/2016,25.93,26.84,25.47,26.84
03/24/2016,28.42,28.78,26.68,26.89
03/28/2016,28.17,28.74,27.59,27.67
03/29/2016,28.75,29.01,26.33,26.35
03/30/2016,25.94,26.01,24.59,25.19
03/31/2016,25.67,25.67,24.5,24.52
04/01/2016,26.47,26.87,25.29,25.44
04/04/2016,26.94,27.01,25.61,26.18
04/05/2016,27.29,27.71,26.86,27.27
04/06/2016,27.13,27.36,24.82,24.82
04/07/2016,25.58,26.64,24.99,26.5
04/08/2016,25.52,25.61,24.43,24.64
04/11/2016,23.36,23.64,23.06,23.56
04/12/2016,23.18,25.24,22.72,24.99
04/13/2016,24.41,25.42,23.92,23.97
04/14/2016,24.22,24.44,23.29,23.29
04/15/2016,23.66,25.8,23.58,25.21
04/18/2016,26.53,26.59,22.78,22.78
04/19/2016,22.32,22.9,21.73,22.22
04/20/2016,22.0,23.01,21.61,22.97
04/21/2016,23.36,24.14,23.14,23.72
04/22/2016,23.32,23.93,23.07,23.29
04/25/2016,25.74,25.74,24.64,24.98
04/26/2016,24.64,24.73,23.96,24.11
04/27/2016,23.94,25.37,23.47,24.44
04/28/2016,25.7,26.23,24.16,26.23
04/29/2016,26.47,28.17,25.82,26.85
05/02/2016,27.81,28.32,26.83,26.86
05/03/2016,28.08,28.69,27.53,27.54
05/04/2016,28.02,29.87,27.88,28.96
05/05/2016,28.54,28.78,27.86,28.18
05/06/2016,28.96,28.99,27.24,27.3
05/09/2016,28.99,29.55,27.93,28.09
05/10/2016,28.52,28.52,26.57,26.76
05/11/2016,27.1,27.41,25.53,26.02
05/12/2016,25.82,26.43,25.5,25.66
05/13/2016,26.52,26.52,25.51,25.95
05/16/2016,26.71,26.75,25.07,25.38
05/17/2016,26.04,26.1,24.78,25.9
05/18/2016,26.06,44.6,25.71,26.45
05/19/2016,27.46,27.85,26.15,26.24
05/20/2016,26.33,26.56,24.57,24.57
05/23/2016,26.07,26.07,24.29,24.5
05/24/2016,24.54,24.82,23.53,23.53
05/25/2016,23.46,23.52,22.36,22.37
05/26/2016,22.3,23.09,22.19,22.4
05/27/2016,22.49,23.05,21.95,22.0
05/31/2016,23.35,23.37,22.55,22.92
06/01/2016,23.65,24.37,22.82,22.83
06/02/2016,23.16,30.45,22.22,22.25
06/03/2016,22.44,22.48,21.69,21.74
06/06/2016,22.17,22.2,20.94,20.94
06/07/2016,20.97,20.97,19.62,19.94
06/08/2016,20.01,21.08,19.95,20.86
06/09/2016,21.84,21.86,21.49,21.69
06/10/2016,22.48,24.24,22.35,24.11
06/13/2016,25.9,26.5,25.29,26.48
06/14/2016,27.81,29.37,27.22,27.67
06/15/2016,28.1,28.45,26.17,27.24
06/16/2016,28.83,30.96,27.43,27.49
06/17/2016,27.4,27.5,25.5,25.56
06/20/2016,24.71,24.73,22.59,23.64
06/21/2016,24.22,24.57,22.66,22.93
06/22/2016,23.23,26.54,23.03,25.23
06/23/2016,23.3,23.77,22.9,22.94
06/24/2016,26.38,28.25,25.45,27.91
06/27/2016,29.13,32.63,29.13,29.46
06/28/2016,27.53,28.12,24.93,24.95
06/29/2016,23.58,23.58,22.18,22.81
06/30/2016,22.8,23.09,21.8,22.3
07/01/2016,21.67,21.68,20.51,20.76
07/05/2016,23.31,24.48,23.2,23.68
07/06/2016,24.53,25.15,23.59,23.64
07/07/2016,23.13,35.61,22.27,24.38
07/08/2016,23.23,23.5,21.59,21.6
07/11/2016,20.05,21.34,19.39,21.27
07/12/2016,20.1,20.64,19.86,20.24
07/13/2016,19.53,23.23,19.5,19.81
07/14/2016,20.02,20.39,19.44,19.52
07/15/2016,18.73,19.58,18.54,19.0
07/18/2016,20.28,20.53,19.2,19.29
07/19/2016,19.33,19.93,19.14,19.43
07/20/2016,19.45,20.55,19.43,19.68
07/21/2016,19.86,21.17,19.18,20.55
07/22/2016,20.27,20.61,19.18,19.21
07/25/2016,20.43,22.8,20.43,22.2
07/26/2016,22.76,22.9,21.64,21.89
07/27/2016,21.85,23.72,21.53,22.37
07/28/2016,22.73,23.04,22.04,22.27
07/29/2016,22.8,22.97,20.27,20.27
08/01/2016,21.74,23.39,21.72,23.25
08/02/2016,23.0,24.54,22.86,23.35
08/03/2016,23.57,25.79,22.11,22.14
08/04/2016,22.43,22.72,21.34,21.73
08/05/2016,21.75,21.75,20.6,20.81
08/08/2016,21.27,21.27,20.23,20.68
08/09/2016,20.62,21.33,20.2,20.88
08/10/2016,20.77,21.95,20.77,21.54
08/11/2016,21.15,21.39,20.37,20.73
08/12/2016,20.56,21.03,20.32,20.38
08/15/2016,20.31,20.74,19.79,19.98
08/16/2016,19.87,20.76,19.87,20.56
08/17/2016,20.25,22.09,20.24,20.36
08/18/2016,20.55,20.62,19.42,19.42
08/19/2016,19.66,20.84,19.63,20.06
08/22/2016,21.55,22.19,20.59,20.63
08/23/2016,20.64,20.64,20.1,20.15
08/24/2016,20.74,21.46,20.43,21.32
08/25/2016,21.71,21.98,21.34,21.59
08/26/2016,21.57,22.27,20.19,21.51
08/29/2016,21.82,23.37,20.57,20.61
08/30/2016,20.7,21.65,20.51,21.38
08/31/2016,21.39,22.74,21.33,22.14
09/01/2016,22.85,23.45,22.12,22.23
09/02/2016,21.97,21.97,20.34,20.34
09/06/2016,21.37,21.38,19.99,20.13
09/07/2016,20.0,20.24,19.67,19.72
09/08/2016,19.56,29.21,19.04,19.39
09/09/2016,20.34,23.45,20.34,23.43
09/12/2016,24.51,25.1,20.94,21.52
09/13/2016,22.51,26.44,22.47,25.37
09/14/2016,26.42,26.66,24.03,25.3
09/15/2016,25.55,25.59,23.21,23.31
09/16/2016,24.54,24.69,22.83,22.9
09/19/2016,23.98,24.0,22.56,23.01
09/20/2016,23.34,24.05,23.11,23.92
09/21/2016,23.49,23.86,21.81,21.91
09/22/2016,20.72,21.39,20.63,20.83
09/23/2016,21.0,23.14,20.95,22.22
09/26/2016,23.03,24.2,23.02,23.96
09/27/2016,25.09,25.17,22.83,23.06
09/28/2016,22.71,23.28,21.48,21.93
09/29/2016,21.57,24.06,20.91,22.97
09/30/2016,22.12,22.78,21.07,21.81
10/03/2016,21.93,22.77,21.9,22.14
10/04/2016,21.75,23.28,21.65,23.06
10/05/2016,21.96,22.48,21.79,22.48
10/06/2016,22.17,22.97,21.93,22.18
10/07/2016,21.76,22.86,21.48,22.06
10/10/2016,22.08,22.13,20.97,21.13
10/11/2016,21.62,23.22,21.62,22.72
10/12/2016,23.34,24.07,22.74,22.91
10/13/2016,23.96,25.15,23.14,23.46
10/14/2016,23.21,23.22,22.45,22.71
10/17/2016,23.74,24.33,23.09,23.15
10/18/2016,23.12,23.22,22.2,22.29
10/19/2016,21.97,21.98,20.73,21.38
10/20/2016,21.5,22.21,20.97,21.01
10/21/2016,21.67,21.95,20.63,20.63
10/24/2016,21.58,21.96,20.73,21.05
10/25/2016,20.98,21.96,20.71,21.66
10/26/2016,22.32,29.34,21.96,22.35
10/27/2016,21.81,22.79,21.81,22.77
10/28/2016,22.34,24.56,22.2,23.88
10/31/2016,24.83,25.01,24.29,24.66
11/01/2016,24.51,27.05,24.26,25.81
11/02/2016,26.83,31.53,26.31,26.72
11/03/2016,26.71,27.88,26.27,27.72
11/04/2016,27.65,28.58,27.04,28.08
11/07/2016,27.67,27.67,23.96,24.07
11/08/2016,24.5,25.6,23.44,24.09
11/09/2016,23.83,24.05,21.54,22.05
11/10/2016,22.42,23.52,21.37,22.63
11/11/2016,22.83,25.66,22.82,24.4
11/14/2016,24.8,25.72,24.5,24.82
11/15/2016,24.02,24.87,23.3,24.74
11/16/2016,24.84,27.6,24.84,26.07
11/17/2016,25.53,25.98,25.23,25.62
11/18/2016,25.42,26.08,25.15,25.58
11/21/2016,25.01,25.04,23.69,23.72
11/22/2016,23.56,25.46,23.26,24.62
11/23/2016,25.03,25.22,24.07,24.22
11/25/2016,24.66,26.17,24.61,25.95
11/28/2016,25.98,27.51,25.98,27.41
11/29/2016,27.68,28.66,26.0,27.63
11/30/2016,22.59,23.71,21.4,22.31
12/01/2016,20.8,23.22,20.8,22.9
12/02/2016,23.22,23.22,20.26,20.77
12/05/2016,20.73,20.84,19.57,20.4
12/06/2016,21.23,21.93,20.15,20.41
12/07/2016,21.11,21.13,19.7,20.46
12/08/2016,20.28,21.04,20.24,20.68
12/09/2016,20.81,20.86,19.95,19.97
12/12/2016,17.92,18.6,17.36,17.86
12/13/2016,17.01,18.83,17.01,18.34
12/14/2016,18.41,30.01,16.56,19.65
12/15/2016,19.89,20.27,19.05,19.24
12/16/2016,19.29,19.55,17.22,17.25
12/19/2016,17.76,18.63,17.52,17.61
12/20/2016,17.17,18.54,16.87,18.46
12/21/2016,18.48,21.94,17.8,18.63
12/22/2016,18.77,18.85,18.38,18.48
12/23/2016,18.33,18.6,18.17,18.22
12/27/2016,18.72,19.21,18.68,18.98
12/28/2016,19.13,20.05,19.02,19.97
12/29/2016,19.26,20.71,19.21,20.38
12/30/2016,19.65,21.22,19.62,20.78
01/03/2017,21.63,21.63,20.07,20.37
01/04/2017,20.63,20.65,20.13,20.22
01/05/2017,20.45,20.48,19.61,19.92
01/06/2017,20.07,20.14,18.92,18.97
01/09/2017,20.17,20.63,20.13,20.4
01/10/2017,20.67,20.91,20.02,20.43
01/11/2017,20.53,22.96,19.29,19.33
01/12/2017,19.31,20.16,18.85,18.87
01/13/2017,18.95,18.95,18.12,18.23
01/17/2017,18.77,18.77,17.96,18.19
01/18/2017,18.41,18.61,17.32,17.34
01/19/2017,17.4,18.34,17.02,17.49
01/20/2017,17.52,17.8,16.73,16.79
01/23/2017,18.0,18.41,17.52,17.57
01/24/2017,17.68,17.74,16.29,16.49
01/25/2017,16.45,16.45,15.63,15.75
01/26/2017,15.49,16.17,15.41,15.75
01/27/2017,15.84,16.44,15.84,16.0
01/30/2017,16.66,19.32,16.66,18.6
01/31/2017,18.58,19.69,18.58,19.07
02/01/2017,18.58,19.43,18.44,18.91
02/02/2017,19.04,19.54,18.61,18.71
02/03/2017,18.54,18.65,17.11,17.19
02/06/2017,18.07,18.48,17.53,17.94
02/07/2017,18.36,19.35,17.95,19.08
02/08/2017,19.36,20.47,19.36,19.74
02/09/2017,19.54,19.54,18.56,18.72
02/10/2017,18.44,18.52,17.9,18.13
02/13/2017,18.67,18.91,17.75,17.84
02/14/2017,17.88,18.3,17.34,17.48
02/15/2017,17.83,18.02,17.55,17.89
02/16/2017,18.1,19.13,18.1,18.59
02/17/2017,18.82,19.24,18.09,18.09
02/21/2017,18.42,18.58,17.89,18.1
02/22/2017,18.48,19.21,18.4,19.21
02/23/2017,18.41,19.63,18.39,18.9
02/24/2017,19.45,19.83,19.29,19.35
02/27/2017,19.88,20.12,18.73,19.24
02/28/2017,19.66,20.34,19.65,20.19
03/01/2017,19.55,20.03,18.89,19.07
03/02/2017,19.38,19.47,18.21,18.51
03/03/2017,18.71,18.71,17.72,17.88
03/06/2017,18.5,18.72,17.51,17.56
03/07/2017,17.45,17.92,17.25,17.59
03/08/2017,17.84,19.71,17.56,19.66
03/09/2017,20.05,20.46,19.59,19.82
03/10/2017,19.35,19.74,18.12,18.25
03/13/2017,16.27,16.48,15.04,15.37
03/14/2017,16.32,18.38,16.29,17.77
03/15/2017,17.35,19.74,16.1,16.25
03/16/2017,16.33,16.67,15.09,15.38
03/17/2017,15.6,15.75,15.08,15.19
03/20/2017,16.43,16.83,15.74,16.48
03/21/2017,15.98,18.26,15.56,18.1
03/22/2017,18.02,19.37,17.71,18.17
03/23/2017,18.4,19.01,17.91,18.47
03/24/2017,18.34,19.25,18.09,18.82
03/27/2017,20.01,20.85,19.38,19.6
03/28/2017,19.63,19.83,17.72,18.02
03/29/2017,18.25,18.31,14.7,16.63
03/30/2017,16.68,17.14,16.17,16.49
03/31/2017,16.53,16.72,15.72,15.92
04/03/2017,16.67,17.86,16.21,16.46
04/04/2017,16.71,17.66,16.68,17.01
04/05/2017,16.92,17.08,15.9,17.03
04/06/2017,17.29,17.56,16.53,16.83
04/07/2017,16.81,17.52,16.81,17.47
04/10/2017,17.17,18.24,16.56,18.06
04/11/2017,18.44,19.58,18.27,19.37
04/12/2017,19.35,20.03,19.28,19.88
04/13/2017,19.56,20.0,19.0,19.74
04/17/2017,20.61,20.88,18.89,18.94
04/18/2017,19.63,20.19,18.87,18.98
04/19/2017,19.07,19.38,18.5,19.3
04/20/2017,19.53,19.71,18.25,19.55
04/21/2017,19.47,19.96,19.15,19.56
04/24/2017,18.22,18.74,16.75,17.04
04/25/2017,17.08,17.14,16.0,16.4
04/26/2017,16.81,16.89,16.0,16.75
04/27/2017,17.41,18.26,17.23,17.65
04/28/2017,16.52,17.33,16.37,16.37
05/01/2017,16.65,16.97,16.5,16.5
05/02/2017,16.77,17.48,16.5,17.34
05/03/2017,17.47,18.06,12.96,18.06
05/04/2017,18.6,20.4,18.53,20.11
05/05/2017,20.22,20.22,17.97,18.03
05/08/2017,18.83,18.83,17.26,18.01
05/09/2017,18.06,19.35,18.05,19.29
05/10/2017,18.98,19.46,18.85,19.08
05/11/2017,19.1,19.76,19.05,19.5
05/12/2017,19.38,19.77,19.19,19.53
05/15/2017,19.48,19.49,18.56,18.88
05/16/2017,18.77,19.54,18.77,19.37
05/17/2017,20.18,21.79,20.03,21.71
05/18/2017,22.0,22.89,20.96,21.1
05/19/2017,20.82,21.12,19.85,20.03
05/22/2017,20.05,20.05,18.74,18.76
05/23/2017,18.97,19.04,18.5,18.67
05/24/2017,18.94,19.41,18.53,19.09
05/25/2017,18.33,18.7,17.44,18.17
05/26/2017,18.19,18.35,17.26,17.32
05/30/2017,18.47,18.5,17.75,17.84
05/31/2017,18.21,19.09,17.88,18.33
06/01/2017,18.6,18.71,17.42,17.46
06/02/2017,18.0,18.55,17.94,18.14
06/05/2017,18.84,18.86,17.49,17.6
06/06/2017,17.81,17.87,17.29,17.84
